{"type": "FeatureCollection", "crs": {"type": "name", "properties": {"name": "EPSG:4326"}}, "features": [{"type": "Feature", "id": 1, "geometry": {"type": "MultiPolygon", "coordinates": [[[[9.138677439000048, 45.002439802000026], [9.13868625300006, 45.002421619000074], [9.138720913000043, 45.00242859900004], [9.138783555000032, 45.00244175900008], [9.138850289000061, 45.002454671000066], [9.13890337500004, 45.00246708200007], [9.138909972000022, 45.00246847500006], [9.138947313000074, 45.00247444200005], [9.13899901800005, 45.002482702000066], [9.139039877000073, 45.00248922900005], [9.13909269800007, 45.002497668000046], [9.139145515000052, 45.002506106000055], [9.139214693000042, 45.002517158000046], [9.139332914000022, 45.00253604400007], [9.139417884000068, 45.002549618000046], [9.139467112000034, 45.00255748300003], [9.139494630000058, 45.00256188000003], [9.139510408000035, 45.00256440000004], [9.13958763100004, 45.00256164000007], [9.139641120000022, 45.00255972900004], [9.139772747000052, 45.00255502500005], [9.139881039000045, 45.00255115500005], [9.139924242000063, 45.00254961100006], [9.140067910000027, 45.00253536200006], [9.140238317000069, 45.00251846100008], [9.140359304000071, 45.00250646000006], [9.140382009000064, 45.00250420900005], [9.140535654000075, 45.00249390500005], [9.140606035000076, 45.00248918400007], [9.140699607000045, 45.00248290900004], [9.140775021000024, 45.00247785000005], [9.14079066100004, 45.00247680100006], [9.140875317000052, 45.002469174000055], [9.14094566700004, 45.00246283600006], [9.14114210100007, 45.00244513800004], [9.141286137000066, 45.00243216000007], [9.141306479000036, 45.00243032700007], [9.141383301000076, 45.002425189000064], [9.141489006000029, 45.00241812000007], [9.141563019000046, 45.00241316900008], [9.141625255000065, 45.00240900600005], [9.141748353000025, 45.00238815200004], [9.141858310000032, 45.00236952400007], [9.142038855000067, 45.00230021100003], [9.14228257700006, 45.00218391900006], [9.142438618000028, 45.00210725300008], [9.142533939000032, 45.002059375000044], [9.14271947800006, 45.00196459800003], [9.142803569000023, 45.001921165000056], [9.142903965000073, 45.001869311000064], [9.14297347400003, 45.001832818000025], [9.143045111000049, 45.00179267100003], [9.14313689900007, 45.00174123200003], [9.143205842000043, 45.00170259500004], [9.14333543500004, 45.00162996800003], [9.143414750000034, 45.00158735500003], [9.143542653000054, 45.00151863700006], [9.143713696000077, 45.001426508000065], [9.143817226000067, 45.00136923500003], [9.143950896000035, 45.001295398000025], [9.144142784000053, 45.00119092500006], [9.144185211000035, 45.00116575000004], [9.144332782000049, 45.00107752000008], [9.144471195000051, 45.00099090700007], [9.144557601000031, 45.00092853600006], [9.144724263000057, 45.00080688500003], [9.144870104000063, 45.000696961000074], [9.145007471000042, 45.00059052200004], [9.145185011000024, 45.00044626000005], [9.145239074000074, 45.000401546000035], [9.145392848000029, 45.00030203600005], [9.14558347700006, 45.00018794300007], [9.145662754000057, 45.000140259000034], [9.145734779000065, 45.00009526200006], [9.145907046000048, 44.999986887000034], [9.146000970000046, 44.99992692400008], [9.146069698000076, 44.99987603200003], [9.14620369100004, 44.99977681400003], [9.146329286000025, 44.99968546400004], [9.146402339000076, 44.999630409000076], [9.146562341000049, 44.99951226400003], [9.146642285000041, 44.99945315600007], [9.146711303000075, 44.99940212400003], [9.146801819000075, 44.99933478000003], [9.146852342000045, 44.99929673500003], [9.14704523100005, 44.999348946000055], [9.148742359000039, 44.99983102700003], [9.151169166000045, 45.00055555900008], [9.151281826000059, 45.00059481000005], [9.151280119000035, 45.00059741900003], [9.151278046000073, 45.000599548000025], [9.151248373000044, 45.00059158400006], [9.150965344000042, 45.00051512200008], [9.150232705000064, 45.000304216000075], [9.147069920000035, 44.999392759000045], [9.146856623000076, 44.99932577200008], [9.146232337000072, 44.99979785100004], [9.145299558000033, 45.00040887500006], [9.144853589000036, 45.000747786000034], [9.144372223000062, 45.00109760700008], [9.143513878000022, 45.001581473000044], [9.142087305000075, 45.00231565300004], [9.141864188000056, 45.002398138000046], [9.141622006000034, 45.002438796000035], [9.139935639000043, 45.00255795000004], [9.139515607000021, 45.002602815000046], [9.138735754000038, 45.00246363700006], [9.138674630000025, 45.00245250100005], [9.138677439000048, 45.002439802000026]]], [[[9.151285350000023, 45.00060077100005], [9.15130417000006, 45.00059698600006], [9.151934857000072, 45.00142074300004], [9.152032590000033, 45.00135854700005], [9.152344558000038, 45.001182277000055], [9.15247561700005, 45.00112003500004], [9.153318830000046, 45.000984430000074], [9.153699824000057, 45.000918897000076], [9.154118488000051, 45.00091981000003], [9.154403875000071, 45.00093124600005], [9.154830828000058, 45.000915891000034], [9.15494108100006, 45.00086401900006], [9.155217798000024, 45.00074985500004], [9.155987305000053, 45.00032173200003], [9.156116198000063, 45.00023141200006], [9.156805353000038, 44.99936745200006], [9.15688823000005, 44.99920773900004], [9.156945748000055, 44.998913584000036], [9.157152752000059, 44.99844632400004], [9.15744819400004, 44.99833065200005], [9.158180901000037, 44.99817151800005], [9.158925938000039, 44.99795325200006], [9.159068372000036, 44.998244174000035], [9.158789678000062, 44.998389383000074], [9.158928120000041, 44.99874237700004], [9.15854293800004, 44.99879315700008], [9.158083401000056, 44.99831351900008], [9.157502532000024, 44.99839855400006], [9.157229925000024, 44.99848611800007], [9.157047842000054, 44.99892674400007], [9.15697155600003, 44.99921205800007], [9.156884581000043, 44.99939689800004], [9.15618395100006, 45.00025348600008], [9.15605409400007, 45.00037262400008], [9.155576893000045, 45.00067474000008], [9.155814938000049, 45.00089460200007], [9.15525954900005, 45.00117022300003], [9.155081925000047, 45.00095618800003], [9.154852895000033, 45.00098901000007], [9.154453036000064, 45.00101024000003], [9.154155124000056, 45.00098847600003], [9.153730238000037, 45.000997916000074], [9.153334595000047, 45.001038347000076], [9.15297242500003, 45.00113341100007], [9.152597644000025, 45.001187111000036], [9.152391657000067, 45.00127014100008], [9.15209420900004, 45.00142422600004], [9.15187990000004, 45.00151169900005], [9.15129231800006, 45.000644290000025], [9.151279739000074, 45.00060759200005], [9.151284107000038, 45.000604407000026], [9.15128178200007, 45.00060240400006], [9.151285350000023, 45.00060077100005]]], [[[9.151279982000062, 45.00060085200005], [9.151284107000038, 45.000604407000026], [9.150995159000047, 45.00081509100005], [9.149546352000073, 45.00154982000004], [9.149489881000022, 45.00162023400003], [9.149396127000045, 45.00213713800008], [9.149248769000053, 45.00227083200008], [9.149334149000026, 45.002424319000056], [9.149063252000076, 45.00251510900006], [9.148873048000041, 45.00251248600006], [9.148818249000044, 45.00244796000004], [9.148579744000074, 45.002545885000075], [9.147602028000051, 45.003168724000034], [9.147254737000026, 45.00345483800004], [9.147528482000041, 45.00368272900005], [9.14777970700004, 45.00380729300008], [9.147646459000043, 45.00392374100005], [9.14736503100005, 45.00385663600008], [9.147110661000056, 45.00408377300005], [9.146721504000027, 45.00382588300005], [9.146238959000073, 45.00423992700007], [9.145972333000032, 45.00442401200007], [9.144926031000068, 45.00515457900008], [9.144702058000064, 45.00540607600004], [9.144402011000068, 45.00598352600008], [9.145086183000046, 45.00607453200007], [9.144651499000076, 45.00702538400003], [9.14387430000005, 45.00696033300005], [9.143568236000021, 45.00756649900006], [9.143519857000058, 45.00764120600007], [9.144374250000055, 45.00782100200007], [9.144127679000064, 45.007941896000034], [9.144113203000074, 45.00862521100004], [9.144028401000071, 45.00869996500006], [9.143408258000022, 45.00833038600007], [9.143052066000052, 45.00831360700005], [9.142691876000072, 45.008316929000046], [9.142465905000051, 45.008587085000045], [9.14220798100007, 45.00902954000003], [9.142957376000027, 45.00929560700007], [9.142865076000021, 45.009611533000054], [9.143525213000032, 45.00978583600005], [9.143307600000071, 45.01016221100008], [9.142020139000067, 45.00999155800008], [9.141891094000073, 45.01018120400005], [9.14188777000004, 45.010474051000074], [9.141572137000026, 45.010497411000074], [9.141675294000038, 45.01129829200005], [9.141776754000034, 45.01141013400007], [9.142359561000035, 45.01140366800007], [9.142343820000065, 45.011584560000074], [9.14219423000003, 45.011650779000036], [9.142243467000071, 45.011920591000035], [9.142276074000051, 45.012012423000044], [9.142591715000037, 45.011989061000065], [9.143089188000033, 45.01184488900003], [9.143627306000042, 45.011769568000034], [9.144101074000048, 45.01185797200003], [9.144331473000022, 45.01173709900007], [9.144760380000037, 45.01169062000008], [9.14498304500006, 45.01171330600005], [9.145136751000052, 45.01167578700006], [9.145701674000065, 45.011000384000056], [9.145964073000073, 45.01073304600004], [9.146640467000054, 45.01092453600006], [9.146358030000044, 45.01126941800004], [9.14586799400007, 45.01114946400003], [9.14575873800004, 45.01115821600007], [9.145597317000068, 45.01134503600008], [9.145980161000068, 45.01228623500003], [9.146417108000037, 45.012216772000045], [9.146551675000069, 45.01260992600004], [9.146458841000026, 45.01271053000005], [9.146187879000024, 45.012797007000074], [9.14636721200003, 45.01328484700008], [9.146007145000056, 45.01334847000004], [9.145856337000055, 45.01293523900006], [9.145981707000033, 45.01289488500004], [9.145472263000045, 45.01150884300006], [9.14521798800007, 45.01179052400005], [9.145040077000033, 45.011859654000034], [9.14458275800007, 45.01187458900006], [9.144356125000058, 45.01188348900007], [9.144283466000047, 45.01196109700004], [9.144806906000042, 45.01248582800008], [9.144981801000029, 45.012824383000066], [9.145161202000054, 45.01334380600008], [9.145772462000025, 45.01337747900004], [9.145809472000053, 45.013607112000045], [9.145562698000049, 45.01365623400005], [9.145469219000063, 45.01350419000005], [9.145189970000047, 45.01351603000006], [9.14526027900007, 45.01411023600008], [9.145293001000027, 45.01424513100005], [9.145503475000055, 45.014244863000044], [9.145612839000023, 45.01427630500007], [9.145614454000054, 45.01491366400006], [9.14545329200007, 45.015206711000076], [9.145376640000052, 45.01530729400008], [9.146215079000058, 45.015533033000054], [9.14630808000004, 45.01549559100005], [9.147081668000055, 45.01568408300005], [9.14734108600004, 45.01582729800003], [9.14757256400003, 45.016122712000026], [9.147719107000057, 45.01644407400005], [9.148223254000072, 45.01730759000003], [9.148621526000056, 45.017921466000075], [9.148763817000031, 45.01815957300005], [9.14887757300005, 45.01832020100005], [9.14909609700004, 45.01829694700007], [9.149050655000053, 45.017943874000025], [9.149378761000037, 45.01803244600006], [9.149355384000046, 45.01838273900006], [9.149266406000038, 45.018411565000065], [9.14922619600003, 45.01851497300004], [9.149161460000073, 45.018526542000075], [9.149230616000068, 45.01865851800005], [9.149599212000055, 45.01874990700003], [9.149725692000061, 45.019131584000036], [9.150159074000044, 45.019228628000064], [9.150027531000035, 45.01948927400008], [9.149536569000077, 45.01956535100004], [9.149625915000058, 45.01967720300007], [9.149937652000062, 45.01969402000003], [9.149889990000077, 45.02004434400004], [9.149679510000055, 45.02005036200006], [9.149675762000072, 45.02016520600006], [9.149930889000075, 45.020205066000074], [9.14979904200004, 45.02103967900007], [9.14912746400006, 45.02102435100005], [9.149142636000022, 45.02063100500004], [9.148973659000035, 45.01947134400007], [9.147811813000033, 45.01943840200005], [9.147770256000058, 45.01901929100006], [9.148300487000029, 45.01900137700005], [9.148039741000048, 45.018350000000055], [9.148516943000061, 45.018177121000065], [9.148451658000056, 45.01797623600004], [9.14830114700004, 45.01768933200003], [9.147732402000031, 45.01689193200008], [9.147549472000037, 45.016587843000025], [9.14744351500002, 45.01630949300005], [9.147418899000058, 45.016180330000054], [9.147211803000062, 45.01592220800006], [9.14672566400003, 45.015759186000025], [9.146556196000063, 45.015968987000065], [9.14604219000006, 45.015989742000045], [9.145771527000022, 45.01619967100004], [9.144499804000077, 45.015905574000044], [9.144624394000061, 45.01555228400008], [9.143785989000037, 45.01533801800008], [9.144059803000061, 45.01476921500006], [9.14425820100007, 45.014794804000076], [9.144608305000077, 45.01398474000007], [9.145045505000041, 45.01401002500006], [9.14494729300003, 45.013585241000044], [9.144497924000063, 45.013548488000026], [9.144460392000042, 45.013109273000055], [9.144852694000065, 45.01298819400006], [9.144247414000063, 45.01211043500007], [9.143809949000058, 45.01197317900005], [9.143506263000063, 45.01192188300007], [9.142490914000064, 45.01214422100003], [9.14225245700004, 45.01228232600005], [9.142216371000075, 45.01242017900006], [9.141795430000059, 45.01241783100005], [9.141646368000067, 45.01269937500007], [9.140949720000037, 45.01250213700007], [9.14104162700005, 45.01201969600004], [9.140482726000073, 45.011873964000074], [9.140776851000055, 45.01132811200006], [9.14105623200004, 45.01137370300006], [9.141079649000062, 45.01102054100005], [9.141119826000022, 45.010899910000035], [9.14134236600006, 45.010873796000055], [9.141353597000034, 45.010503424000035], [9.140689480000049, 45.01035782200006], [9.140503052000042, 45.01025469600006], [9.14011909800007, 45.010476234000066], [9.140362414000037, 45.01067116300004], [9.139966378000054, 45.010918556000036], [9.138827108000044, 45.010104582000054], [9.137396767000041, 45.01110829100003], [9.136759117000054, 45.01187848400008], [9.136511111000061, 45.01311330900006], [9.136077272000023, 45.01450339000007], [9.136166891000073, 45.014744447000055], [9.136677108000072, 45.01483570900007], [9.136539953000067, 45.015031101000034], [9.136078659000077, 45.01508907200008], [9.136105053000051, 45.015979049000066], [9.136348951000059, 45.01641514900007], [9.13601744500005, 45.01658780500003], [9.137323973000036, 45.01790689900008], [9.137665022000022, 45.01833713800005], [9.137835486000029, 45.01852641700003], [9.137528577000069, 45.01883111300003], [9.136936517000038, 45.018383949000054], [9.13648267900004, 45.01818352300006], [9.136320888000057, 45.018235394000044], [9.136142919000065, 45.01829302600004], [9.136118611000029, 45.01828444200004], [9.135276703000045, 45.01765992400004], [9.13372995800006, 45.01657620900005], [9.133384841000066, 45.01638998800007], [9.133202847000064, 45.01619797700005], [9.132499772000074, 45.01585014700004], [9.132314509000025, 45.015381955000066], [9.132432752000057, 45.01495513500004], [9.132784775000061, 45.01481912700007], [9.132743755000035, 45.01458375400006], [9.13266117300003, 45.01422784600004], [9.133548192000035, 45.01437808400004], [9.133010441000067, 45.01540103700006], [9.133691184000043, 45.01546991500004], [9.133882736000032, 45.014870003000055], [9.134078267000064, 45.01447413000005], [9.134383529000047, 45.01449865400008], [9.135433178000028, 45.01480596700003], [9.13572061900004, 45.01471106900004], [9.135859743000026, 45.014203284000075], [9.136152134000042, 45.01323746400004], [9.136242222000021, 45.01276457400007], [9.136256077000041, 45.01268990700004], [9.135449890000075, 45.01262296500005], [9.135329658000046, 45.01255912700003], [9.135265923000077, 45.01230788100003], [9.134756598000024, 45.012270056000034], [9.13477745800003, 45.01194267400007], [9.134503909000045, 45.01197285600006], [9.134441406000064, 45.01224664600005], [9.134431027000062, 45.01230886700006], [9.134254731000055, 45.013312314000075], [9.13404752100007, 45.01332455700003], [9.133471730000053, 45.01312118800007], [9.132896834000064, 45.01332030000003], [9.132207227000038, 45.01360823600004], [9.132198841000047, 45.01348192200004], [9.13193098000005, 45.01316642300003], [9.13174440000006, 45.01299437900008], [9.131727698000077, 45.01277045900008], [9.131719273000044, 45.01262691900007], [9.131704917000036, 45.01254367700005], [9.131588176000037, 45.012504559000035], [9.131606900000065, 45.01216051200004], [9.132124930000032, 45.01214268800004], [9.132225640000058, 45.01193585900006], [9.13241978900004, 45.01188108500003], [9.132423295000024, 45.01164565900007], [9.133414812000069, 45.01160431100004], [9.13413418700003, 45.01114985100003], [9.134488647000069, 45.010420201000045], [9.135589675000062, 45.010487803000046], [9.135913581000068, 45.01053909500007], [9.135598961000028, 45.01099308700003], [9.135535152000045, 45.01139510300004], [9.135576100000037, 45.01159602400003], [9.136918627000057, 45.01108912700005], [9.138935185000037, 45.00981771000005], [9.13812553300005, 45.00973543300006], [9.137761356000055, 45.00976745400004], [9.136899709000033, 45.00994362100005], [9.136556633000055, 45.010340229000064], [9.136127762000058, 45.01040103300005], [9.135609145000046, 45.01016335600008], [9.135636305000048, 45.00966664200007], [9.135711982000032, 45.00914977200006], [9.13638713000006, 45.00883890000006], [9.137342787000023, 45.00905595000006], [9.13734394000005, 45.00953827600006], [9.137732227000072, 45.00943445300004], [9.137796294000054, 45.00914727600008], [9.138476253000022, 45.009157938000044], [9.138355681000064, 45.00950834500003], [9.138703617000033, 45.00945624500008], [9.138896470000077, 45.00887032700007], [9.139187798000023, 45.00884126300008], [9.138928166000028, 45.00858893000003], [9.137899883000046, 45.00846385300008], [9.137851730000023, 45.008636171000035], [9.13735779700005, 45.00856212000008], [9.137413866000031, 45.00831514600003], [9.136935906000076, 45.00814920300007], [9.13714569900003, 45.007873335000056], [9.13779327900005, 45.00788978200006], [9.138173668000036, 45.00787209600003], [9.138521720000028, 45.00787167500005], [9.138514069000053, 45.008055427000045], [9.138652018000073, 45.00819881000007], [9.139016136000066, 45.008146690000046], [9.138853237000035, 45.00772772200003], [9.138836049000076, 45.007314318000056], [9.138835827000037, 45.00722244700006], [9.138341891000039, 45.00714265800008], [9.13833263600003, 45.00666034100004], [9.138818128000025, 45.00659659000007], [9.138639588000046, 45.006401579000055], [9.138720015000047, 45.00618902700006], [9.139601216000074, 45.00575730300005], [9.140492559000052, 45.00616963400006], [9.140153703000067, 45.006617928000026], [9.139424959000053, 45.00650397900006], [9.139206685000033, 45.006613343000026], [9.139224305000027, 45.00720474800005], [9.140033678000066, 45.00718653200005], [9.14018869900002, 45.00769163800004], [9.140415197000038, 45.00763394000006], [9.140619069000024, 45.008253825000054], [9.140840260000061, 45.00933304900008], [9.140355099000033, 45.00954035800004], [9.140562680000073, 45.010019560000046], [9.140765550000026, 45.01022602200004], [9.14099232500007, 45.01027742000008], [9.141089030000046, 45.01010216900005], [9.141275219000022, 45.01010768100008], [9.141395859000056, 45.009791722000045], [9.14161040600004, 45.00980868200003], [9.141710973000045, 45.00955878000008], [9.141156225000032, 45.00944749900003], [9.141429727000059, 45.008752378000054], [9.141332342000055, 45.00864914300007], [9.14144509700003, 45.008419324000045], [9.141866185000026, 45.008493447000035], [9.141765686000042, 45.00876918800003], [9.142065355000057, 45.008840590000034], [9.142504833000032, 45.008168229000034], [9.141872997000064, 45.00797378800007], [9.141892764000033, 45.00778427600005], [9.14178724900006, 45.00766669700005], [9.141552531000059, 45.00767273000008], [9.141228721000061, 45.007655905000036], [9.141142928000022, 45.007328717000064], [9.141899519000049, 45.007241650000026], [9.141915367000024, 45.00710382200003], [9.142497241000058, 45.00673848000008], [9.142781175000039, 45.006996515000026], [9.142998973000033, 45.006697659000054], [9.143175885000062, 45.00623233500005], [9.14328897200005, 45.00614032100003], [9.14383975000004, 45.00629466300006], [9.14406623900004, 45.006236957000056], [9.144614046000072, 45.00520844700003], [9.144791633000068, 45.00501873600007], [9.144620276000069, 45.00446772000004], [9.144029216000035, 45.00438233800003], [9.144149973000026, 45.004123795000055], [9.144497888000046, 45.004077419000055], [9.144757379000055, 45.00427231800006], [9.145066403000044, 45.00485186900005], [9.145104872000047, 45.00405942400005], [9.146018541000046, 45.00369651300008], [9.14651970400007, 45.00344322300003], [9.146737571000074, 45.00318455300004], [9.147271056000022, 45.00291399100007], [9.147524585000042, 45.00317107400008], [9.14768404800003, 45.00299958800008], [9.148451608000073, 45.00248468400008], [9.149122502000068, 45.00215077300004], [9.146498732000055, 44.99997794800004], [9.146214677000046, 44.99966537300003], [9.145979117000024, 44.99932689600007], [9.145320432000062, 44.99808172000007], [9.143991463000077, 44.99718657300008], [9.143966161000037, 44.997181940000075], [9.143971521000026, 44.99710046800004], [9.144001671000069, 44.99702147700003], [9.144048921000035, 44.99690406500008], [9.144075555000029, 44.99683476800004], [9.144178676000024, 44.99660890600006], [9.144328897000037, 44.996407745000056], [9.144546839000043, 44.99618496700003], [9.144762804000038, 44.99598156900004], [9.14496785600005, 44.99586359800003], [9.14554896200002, 44.99564753400006], [9.145699634000039, 44.995532137000055], [9.145796714000028, 44.99541775300003], [9.145828255000026, 44.99530345200003], [9.145932155000025, 44.99517332900007], [9.146275758000058, 44.99492754700003], [9.146001864000027, 44.99472528300004], [9.146122031000061, 44.994620989000055], [9.146475777000035, 44.994796422000036], [9.146813482000027, 44.99450601800004], [9.146996069000068, 44.99451442000003], [9.147121379000055, 44.994458456000075], [9.147214917000042, 44.99442378500004], [9.14730942600005, 44.99451026700007], [9.146980881000047, 44.99467529900005], [9.146916977000046, 44.99461886800003], [9.146985933000053, 44.99457820600003], [9.146836962000066, 44.99456638600003], [9.14592847700004, 44.995318319000035], [9.14589214700004, 44.99535210000005], [9.145861009000043, 44.99543898700006], [9.145793437000066, 44.99551946200006], [9.145708683000066, 44.99560498300008], [9.145617824000055, 44.995676874000026], [9.145438978000072, 44.99575677200005], [9.145008434000033, 44.99590876500008], [9.14492862800006, 44.995951932000025], [9.144819548000044, 44.99601953800004], [9.144418925000025, 44.996406196000066], [9.144115544000044, 44.996847279000065], [9.144020211000054, 44.99715387900005], [9.145489198000064, 44.99801331800006], [9.14634699800007, 44.99958553400006], [9.147482495000077, 45.000545859000056], [9.149316472000066, 45.001999632000036], [9.149356726000065, 45.00157411400005], [9.149453570000048, 45.001467760000025], [9.151116596000065, 45.000637287000075], [9.151278046000073, 45.000599548000025], [9.151279982000062, 45.00060085200005]]]]}, "properties": {"OBJECTID": 1, "GisId": "{B7E70879-B58B-4DD0-91BD-A58150C3FBFC}", "GisDescription": "ADDUZIONE MAIRANO + VIA CASTEL DEL LUPO + MAIRANO", "GisCode": "DCT13", "Shape_Length": 0.0274264014377838, "Shape_Area": 4.1194806445473964e-07, "codice_distretto": "DCT13"}}, {"type": "Feature", "id": 2, "geometry": {"type": "Polygon", "coordinates": [[[9.121937137000032, 45.00905411900004], [9.121925013000066, 45.00906254800003], [9.121826436000049, 45.008984686000076], [9.121699178000028, 45.008890817000065], [9.121579361000045, 45.008813530000054], [9.121457571000064, 45.00872518600005], [9.121310468000047, 45.00864571500006], [9.12124423900002, 45.008474368000066], [9.121192256000029, 45.00822033700007], [9.12115198600003, 45.007882934000065], [9.12113555600007, 45.00766950800005], [9.121065844000043, 45.00760156700005], [9.120708957000033, 45.00747199800003], [9.120565025000076, 45.00723022900007], [9.120482225000046, 45.00696047100007], [9.120416925000029, 45.00667244600004], [9.120376990000068, 45.006492567000066], [9.120359975000042, 45.006416898000055], [9.120356836000042, 45.006406810000044], [9.120354462000023, 45.00638994800005], [9.120107234000045, 45.00641813200008], [9.120120043000043, 45.006579584000065], [9.119961087000036, 45.00660629300006], [9.119956641000044, 45.00671689100005], [9.119897409000032, 45.00672027000007], [9.119900010000038, 45.00647254000006], [9.11969410100005, 45.006410825000046], [9.119553693000057, 45.006361205000076], [9.119562920000021, 45.00630036900003], [9.119464652000033, 45.00627337700007], [9.11890478500004, 45.006172769000045], [9.118775500000027, 45.00622377600007], [9.11859008700003, 45.00627263000007], [9.118771755000068, 45.00667499800005], [9.11866433800003, 45.00674810000004], [9.118828204000067, 45.00683308600003], [9.118102212000053, 45.00706608400003], [9.118157039000039, 45.00719431500005], [9.118322266000064, 45.007183085000065], [9.118392633000042, 45.00728696900006], [9.118474051000021, 45.00745830200003], [9.118647088000046, 45.00745369900005], [9.118641058000037, 45.00755323900006], [9.118674672000054, 45.007977879000066], [9.118710639000028, 45.00803092700005], [9.118671927000037, 45.008158148000064], [9.118547762000048, 45.00842701700003], [9.118482486000062, 45.00852440700004], [9.117874297000071, 45.00843656200004], [9.117756308000025, 45.00867777500008], [9.118018337000024, 45.008735013000035], [9.118149475000052, 45.008823351000046], [9.118299353000054, 45.00892715300006], [9.118436691000056, 45.00899779000008], [9.118570852000062, 45.00903967600004], [9.118767324000032, 45.00905716600005], [9.11894838400002, 45.00916093500007], [9.11910154700007, 45.00934435900007], [9.119239075000053, 45.009505681000064], [9.119304660000068, 45.009556485000076], [9.119495100000051, 45.00967130200007], [9.119570158000045, 45.00977960400007], [9.119324186000028, 45.00995017400004], [9.119242946000043, 45.00986842000003], [9.118996848000052, 45.00997926900004], [9.118847234000043, 45.01000486100003], [9.118647255000042, 45.00980047400003], [9.118472309000026, 45.00963808300003], [9.11843379000004, 45.00965519600004], [9.11841630400005, 45.009695650000026], [9.118581920000054, 45.009870214000046], [9.118663200000071, 45.009971875000076], [9.118560391000074, 45.01001400700005], [9.118308969000054, 45.009811883000054], [9.117942181000046, 45.009608773000025], [9.117795499000067, 45.00954367500003], [9.117419533000032, 45.009425727000064], [9.117185487000029, 45.009330858000055], [9.116825220000067, 45.009264872000074], [9.116544283000053, 45.009110329000066], [9.116368833000024, 45.008694680000076], [9.116474280000034, 45.00841587900004], [9.116717096000059, 45.00822541200006], [9.117078527000047, 45.00810117800006], [9.117284177000045, 45.008034612000074], [9.117520735000028, 45.007835303000036], [9.117589122000027, 45.00773348600006], [9.117678481000041, 45.007595984000034], [9.117453389000048, 45.00730203900008], [9.11702888700006, 45.007074654000064], [9.116716391000068, 45.00672771300003], [9.116435849000027, 45.006761177000044], [9.116021053000054, 45.006704091000074], [9.115945754000052, 45.00701109100004], [9.115326426000024, 45.00703436100008], [9.115014556000062, 45.006994862000056], [9.114553269000055, 45.00684292200003], [9.114250541000047, 45.00653805200005], [9.113982087000068, 45.00637906700007], [9.113769739000077, 45.00621117700007], [9.113675775000047, 45.00599450900006], [9.11358160900005, 45.00567609700005], [9.113576700000067, 45.00546660800006], [9.113780319000057, 45.00525564700007], [9.113929675000065, 45.005105092000065], [9.114253949000044, 45.005115828000044], [9.11454397500006, 45.005150926000056], [9.11478715000004, 45.005144047000044], [9.11478048600003, 45.004929504000074], [9.11511405500005, 45.00491147300005], [9.115188868000075, 45.00490476200008], [9.11510691500007, 45.004460262000066], [9.114778085000069, 45.00450814900006], [9.114751381000076, 45.004406430000074], [9.115070820000028, 45.00433975300007], [9.114989115000071, 45.00401911700004], [9.114575927000033, 45.00397529500003], [9.114639536000027, 45.00382261300007], [9.114915358000076, 45.00377367500005], [9.114836757000035, 45.00344418800006], [9.114568691000045, 45.00347321100003], [9.114552952000054, 45.003398024000035], [9.11480382800005, 45.00334800600007], [9.114748944000041, 45.00318549000008], [9.114490227000033, 45.003211185000055], [9.114469671000052, 45.00306522300008], [9.114681566000058, 45.00301082100003], [9.11464707500005, 45.00291242800006], [9.114396189000047, 45.00295691700006], [9.114356910000026, 45.00280212700005], [9.113674334000052, 45.00290123500008], [9.11356167300005, 45.00268679700008], [9.113262382000073, 45.002689306000036], [9.113096488000053, 45.00235548100005], [9.113121073000059, 45.002174084000046], [9.113176976000034, 45.00206564800004], [9.113248673000044, 45.002061154000046], [9.113276557000063, 45.00197265200006], [9.113241967000022, 45.001822280000056], [9.113191811000036, 45.00168298300008], [9.113219726000068, 45.00160996500006], [9.113656064000054, 45.00154538700008], [9.114042568000059, 45.00150518800007], [9.11425140800003, 45.00148507200004], [9.11418685600006, 45.00116220600006], [9.114169639000067, 45.00112683400005], [9.113518167000052, 45.00117946200004], [9.113472494000064, 45.00094283900006], [9.113366392000046, 45.00088986000003], [9.113397380000038, 45.000794720000044], [9.113515770000049, 45.00075478800005], [9.113537400000041, 45.00065744500006], [9.113521669000022, 45.000584470000035], [9.113509093000062, 45.00053139800008], [9.113770871000042, 45.00048247700005], [9.113954723000063, 45.000440268000034], [9.11385570400006, 45.00002785600003], [9.113610986000026, 45.00003252300007], [9.11339126100006, 45.00006260200007], [9.11338827700007, 45.00013117200007], [9.112941051000064, 45.00020239500003], [9.112886134000064, 45.00001886500007], [9.11329128400007, 44.99995321400007], [9.113355330000047, 45.00002282400004], [9.113447264000058, 45.000006144000054], [9.113412701000073, 44.999869044000036], [9.113605944000028, 44.99984673300003], [9.113643669000055, 45.00000594900007], [9.11383532800005, 44.99997147400006], [9.113554605000047, 44.99910857700007], [9.113501213000063, 44.99890845700003], [9.112516327000037, 44.99902887200005], [9.112459772000022, 44.99880331900005], [9.112760423000054, 44.998709019000046], [9.112739771000065, 44.998511078000035], [9.113385681000068, 44.99841919900007], [9.113227994000056, 44.997893487000056], [9.113132428000029, 44.997646960000054], [9.112371835000033, 44.99767425400006], [9.112271569000029, 44.99741335300007], [9.11306180300005, 44.997287060000076], [9.113691236000022, 44.99720351600007], [9.113874464000048, 44.997694883000065], [9.113918694000063, 44.997991228000046], [9.113663067000061, 44.99799148300008], [9.113444927000046, 44.99803151300006], [9.11347681500007, 44.99839311900007], [9.11363661200005, 44.99880215400003], [9.114099360000068, 44.99870326400003], [9.114165145000072, 44.99886355900003], [9.114176289000056, 44.99898077600005], [9.114196658000026, 44.99903384000004], [9.114231047000033, 44.99908246600006], [9.114365274000022, 44.99917080600005], [9.114474681000047, 44.99931889100003], [9.114478062000046, 44.999451598000064], [9.114297376000025, 44.99951592300005], [9.114063611000063, 44.99954048800004], [9.113857887000052, 44.999556176000056], [9.113883095000062, 44.999691074000054], [9.11392395100006, 44.99985692200005], [9.11395843200006, 44.99995199800003], [9.11400231400006, 45.00007139400003], [9.114027382000074, 45.00013551200004], [9.114320398000075, 45.000119737000034], [9.11456658700007, 45.00007083000003], [9.114709984000058, 45.00006626100003], [9.114813062000053, 45.00016569200005], [9.114831925000033, 45.000245300000074], [9.114638714000023, 45.00028309500004], [9.114454782000053, 45.00028549100006], [9.114501960000041, 45.00049335800003], [9.114882248000072, 45.00046643400003], [9.114942007000025, 45.000729584000055], [9.114536831000066, 45.00078307700005], [9.114558983000052, 45.000948943000026], [9.114587218000054, 45.00103738900003], [9.114814864000039, 45.001068126000064], [9.11543819800005, 45.00097681200003], [9.116173856000046, 45.00093182900008], [9.11622740000007, 45.001201621000064], [9.116367902000036, 45.00130543500006], [9.116421161000062, 45.00143366800006], [9.116427710000039, 45.001588491000064], [9.116539970000076, 45.001601648000076], [9.116596002000051, 45.001559565000036], [9.116654905000075, 45.00139582800006], [9.116723313000023, 45.00130728400006], [9.116854215000046, 45.00128945500006], [9.116950842000051, 45.001280509000026], [9.116931607000026, 45.001019529000075], [9.116897025000071, 45.00087800700004], [9.117274143000031, 45.00082453500005], [9.11762636900005, 45.00079541900004], [9.117695028000071, 45.00083073800005], [9.117761259000076, 45.00120226100006], [9.117774059000055, 45.001363713000046], [9.117786710000075, 45.001452174000065], [9.118072765000022, 45.00145906800003], [9.118501430000038, 45.00145585900003], [9.118863052000052, 45.00144552900008], [9.118752590000042, 45.00117192700003], [9.118666290000021, 45.00089774700007], [9.118684823000024, 45.00081367800004], [9.118617242000028, 45.00054611400003], [9.118648153000038, 45.00041779400004], [9.118950496000025, 45.00038872600004], [9.119274656000073, 45.00035742100005], [9.119386916000053, 45.000370575000034], [9.119505966000077, 45.00065135600005], [9.119577734000075, 45.00068224700004], [9.119646785000043, 45.00090557200008], [9.119628228000067, 45.000976370000046], [9.119547234000038, 45.00100742200004], [9.119450608000022, 45.00101637000006], [9.119482179000045, 45.00120655600006], [9.119370006000054, 45.00123542800003], [9.119332714000052, 45.00129297500007], [9.119304835000037, 45.00137926600007], [9.119111640000028, 45.00142591700006], [9.119021257000043, 45.001439282000035], [9.119021415000077, 45.00151559100004], [9.119141812000066, 45.00169352000006], [9.119240482000066, 45.00191792000004], [9.119253357000048, 45.00211254900006], [9.119286167000041, 45.00214901100003], [9.11939531400003, 45.002163274000054], [9.11944848500002, 45.00224505700004], [9.119478203000028, 45.002293687000076], [9.119531307000045, 45.00234339800005], [9.119525217000046, 45.00241307700003], [9.11950353100002, 45.00247945600006], [9.119392858000026, 45.002481783000064], [9.118548193000038, 45.00258883300006], [9.118534718000035, 45.00210223900007], [9.11856537400007, 45.001850055000034], [9.118646123000076, 45.00169956500008], [9.118639660000042, 45.001588980000065], [9.118566316000056, 45.00155034800008], [9.118053467000038, 45.00154977300008], [9.117862523000042, 45.001554671000065], [9.11750100200004, 45.00161476300008], [9.116650142000026, 45.00173728800007], [9.116657535000058, 45.00230793800006], [9.117230501000051, 45.00236199200003], [9.117216090000056, 45.00255067000006], [9.116971974000023, 45.003621458000055], [9.116811232000032, 45.00430066100006], [9.117126184000028, 45.004329092000035], [9.117236870000056, 45.003642064000076], [9.117392933000076, 45.00365420400004], [9.117529796000042, 45.00349923300007], [9.117843986000025, 45.00180726100007], [9.118024363000075, 45.00181156600007], [9.117865206000033, 45.00324314200003], [9.118532548000076, 45.00331765400006], [9.118701206000026, 45.00346346200007], [9.118944616000022, 45.00357380100007], [9.119206843000029, 45.00373720500005], [9.119108579000056, 45.00446279400006], [9.11903479700004, 45.00496717400006], [9.11882332700003, 45.00522839200005], [9.118799061000061, 45.00555577200004], [9.118874485000049, 45.00584323500004], [9.119005893000065, 45.00606538900007], [9.11923052800006, 45.006137039000066], [9.119431717000055, 45.00617885500003], [9.119629799000052, 45.00622620300004], [9.119729652000046, 45.00626480500006], [9.119887221000056, 45.00632104200008], [9.11998078800002, 45.00633532100005], [9.12011487500007, 45.00634402700007], [9.12024115500003, 45.00634721200004], [9.120325297000022, 45.00632832200006], [9.120242097000073, 45.00605192900008], [9.120584990000054, 45.006018390000065], [9.12072734000003, 45.00625048300003], [9.120870850000074, 45.00629235700006], [9.120869540000058, 45.00641069200003], [9.120682505000048, 45.00642858500004], [9.12057655500007, 45.00645634600005], [9.120586115000037, 45.006554762000064], [9.120442727000068, 45.00657150200004], [9.120486710000023, 45.00672960400004], [9.121008865000022, 45.00668592100004], [9.12112793700004, 45.00696669900003], [9.120597991000068, 45.007013709000034], [9.12062489300007, 45.007203900000036], [9.120724860000053, 45.00729669200007], [9.121240744000033, 45.00723310800004], [9.121765985000025, 45.00717282900007], [9.121956401000034, 45.007277689000034], [9.121945758000038, 45.00740488200006], [9.121903867000071, 45.00750003600007], [9.12175587400003, 45.007551067000065], [9.121637509000038, 45.00760648900007], [9.121601869000074, 45.00770827200006], [9.121648766000021, 45.00776904800006], [9.121650544000033, 45.007871898000076], [9.121432338000034, 45.00789646000004], [9.121215671000073, 45.007911067000066], [9.121239669000033, 45.008201900000074], [9.121283765000044, 45.00841253200008], [9.121321432000059, 45.00853137900003], [9.121346576000064, 45.008625909000045], [9.121577590000072, 45.008760033000044], [9.121718524000073, 45.00868578600006], [9.121860237000021, 45.00861264400004], [9.12199913400002, 45.00868106300004], [9.122175523000067, 45.00878593700003], [9.122322319000034, 45.00890300800006], [9.12227100900003, 45.00896720700007], [9.12218516200005, 45.008919744000025], [9.122037233000071, 45.009002846000044], [9.121937137000032, 45.00905411900004]], [[9.11658592300006, 45.00619700200008], [9.117056891000061, 45.00628057000006], [9.117333114000076, 45.00642350500004], [9.11742754100004, 45.00647815100007], [9.117721807000066, 45.00667580800007], [9.117830242000025, 45.00671882700004], [9.117917551000062, 45.00672316200007], [9.118051553000043, 45.006690398000046], [9.118133288000024, 45.00663667600003], [9.118157345000043, 45.00658522600003], [9.118133003000025, 45.006497883000065], [9.118049283000062, 45.006343693000076], [9.117625137000061, 45.00632627900006], [9.117512075000036, 45.006268490000025], [9.117426714000032, 45.00607338200007], [9.117352284000049, 45.00588655700005], [9.117389284000069, 45.00568413500008], [9.117418428000065, 45.00545075400004], [9.117433849000065, 45.005368900000065], [9.116888110000048, 45.00530974000003], [9.116903277000063, 45.00510181000004], [9.11708102700004, 45.00511932300003], [9.117177670000046, 45.00511480100005], [9.11720555900007, 45.005030721000026], [9.117015274000039, 45.00498225500007], [9.117052552000075, 45.004915862000075], [9.116790569000045, 45.00487189300003], [9.11673133000005, 45.004871954000066], [9.116644440000073, 45.005073321000054], [9.11655415100006, 45.00513534500004], [9.116507617000025, 45.00525040900004], [9.11632058400005, 45.005268294000075], [9.116280352000047, 45.00541653000005], [9.11615880100004, 45.00543877200005], [9.11614653600003, 45.00554052900003], [9.116193513000042, 45.00564443800005], [9.116405585000052, 45.00567297600003], [9.116655061000074, 45.00569705200007], [9.116686414000071, 45.00578328300003], [9.116686661000074, 45.005904935000046], [9.116549637000048, 45.005984701000045], [9.116418728000042, 45.00600474100003], [9.116381359000059, 45.00602689800007], [9.11658592300006, 45.00619700200008]]]}, "properties": {"OBJECTID": 2, "GisId": "{53FE811D-7832-4239-A39D-91AC3C42EE47}", "GisDescription": "CASCINA SGARBINA", "GisCode": "DCT05", "Shape_Length": 0.097795548406465, "Shape_Area": 3.336053125424326e-05, "codice_distretto": "DCT05"}}, {"type": "Feature", "id": 3, "geometry": {"type": "Polygon", "coordinates": [[[9.124575112000059, 45.25465175800008], [9.124690573000066, 45.25485265000003], [9.124865241000066, 45.25569072600007], [9.124842884000032, 45.256595677000064], [9.125938398000073, 45.25728028300006], [9.127391633000059, 45.25842914200007], [9.127302203000056, 45.259955673000036], [9.12580425300007, 45.26344922700008], [9.123009572000058, 45.26456649000005], [9.119052302000057, 45.26544769600008], [9.115922260000048, 45.265085774000056], [9.11449138200004, 45.26412588200003], [9.111674343000061, 45.26184410800005], [9.111271908000049, 45.260333365000065], [9.111920274000056, 45.25772094400003], [9.115385680000031, 45.25739044800008], [9.11871694100006, 45.257248806000064], [9.122361205000061, 45.25646190300006], [9.12231649100005, 45.255202834000045], [9.122808355000075, 45.254447379000055], [9.124575112000059, 45.25465175800008]]]}, "properties": {"OBJECTID": 3, "GisId": "{F75B520B-EE80-460F-9BF0-BAE62DB006C2}", "GisDescription": "S_APOLLINARE", "GisCode": "DCPV01", "Shape_Length": 0.044769355303640436, "Shape_Area": 0.00011471199286757468, "codice_distretto": "DCPV01"}}, {"type": "Feature", "id": 4, "geometry": {"type": "Polygon", "coordinates": [[[9.149326685000062, 45.276819395000075], [9.15001737600005, 45.27740261500003], [9.149391367000021, 45.279479251000055], [9.146171895000066, 45.28445028400006], [9.144964592000065, 45.28747044600004], [9.144972976000076, 45.287508193000065], [9.142365805000054, 45.28749120500004], [9.140163329000075, 45.28804653900005], [9.136977392000063, 45.287851887000045], [9.13530058200007, 45.28909450200007], [9.13250590000007, 45.289786580000055], [9.130605517000049, 45.289000128000055], [9.124703149000027, 45.28819793400004], [9.112205333000077, 45.288166475000025], [9.106347679000066, 45.288858565000055], [9.10379892900005, 45.28706540700006], [9.104916803000037, 45.28266091900008], [9.10844927900007, 45.279388794000056], [9.117258117000063, 45.28020684300003], [9.122936910000021, 45.283321615000034], [9.131835177000028, 45.28329015300005], [9.133131910000031, 45.281024880000075], [9.13347286000004, 45.278960099000074], [9.134009439000067, 45.278252157000054], [9.134009440000057, 45.27605998400003], [9.140404785000044, 45.27723729300004], [9.147227014000066, 45.276480958000036], [9.149326685000062, 45.276819395000075]]]}, "properties": {"OBJECTID": 4, "GisId": "{E5194955-98FE-45E5-B48E-68C7596E864A}", "GisDescription": "Scuole", "GisCode": "DGSG05", "Shape_Length": 0.11170743342105934, "Shape_Area": 0.00035921674283041235, "codice_distretto": "DGSG05"}}, {"type": "Feature", "id": 5, "geometry": {"type": "Polygon", "coordinates": [[[8.817018658000052, 45.36500945700004], [8.818395211000052, 45.362173624000036], [8.818696383000031, 45.362080287000026], [8.820737509000026, 45.36250363700003], [8.82109268000005, 45.36179854100004], [8.82296574000003, 45.362311324000075], [8.822919249000051, 45.36237651500005], [8.83372427300003, 45.36548049700008], [8.834090434000075, 45.36492629600008], [8.834575981000057, 45.36509831500007], [8.834732545000065, 45.36498433200006], [8.834134903000063, 45.36455925900003], [8.83426535600006, 45.36446971200007], [8.834660922000069, 45.36474153300003], [8.834864047000053, 45.36453380200004], [8.835297518000061, 45.36470574200007], [8.835576157000048, 45.36439614600005], [8.836029893000045, 45.36456403400007], [8.836174984000024, 45.364413322000075], [8.836880136000048, 45.364681501000064], [8.83679016700006, 45.36477926600003], [8.837064552000072, 45.364940775000036], [8.837159019000069, 45.36529169700003], [8.838474136000059, 45.365740206000055], [8.838578986000073, 45.36600446300008], [8.838729496000042, 45.36598224200003], [8.838769213000035, 45.36625966500003], [8.838670797000077, 45.36627584100006], [8.837149356000054, 45.36613907800006], [8.83696429500003, 45.36610210400005], [8.836098482000068, 45.367361250000044], [8.835393046000036, 45.36718076300008], [8.835596697000028, 45.36679355900003], [8.835134147000076, 45.36666644600007], [8.834972695000033, 45.366470425000045], [8.83428469300003, 45.36626956200007], [8.833795543000065, 45.36633615400007], [8.833662952000054, 45.36616668500005], [8.833944982000048, 45.36569190100005], [8.82281297000003, 45.36259559200005], [8.822580088000052, 45.363056149000045], [8.821503260000043, 45.36325025900004], [8.821276227000055, 45.363686349000034], [8.820038845000056, 45.36341519700005], [8.820399856000051, 45.36269787600003], [8.818734686000028, 45.36231590600005], [8.818584027000043, 45.36238500700006], [8.818094786000074, 45.363387644000056], [8.818696074000059, 45.36353544100007], [8.818591298000058, 45.363731062000056], [8.817530544000022, 45.36431673700008], [8.817221655000026, 45.36500558000006], [8.81921658400006, 45.36542888400004], [8.818849650000061, 45.36617882300004], [8.817300010000054, 45.365829647000055], [8.816764162000027, 45.36691378000006], [8.817874236000023, 45.36720515900004], [8.817303666000043, 45.368289239000035], [8.818089756000063, 45.36856786000004], [8.818444700000043, 45.36795658700004], [8.82049667900003, 45.36867364100004], [8.82004295300004, 45.36941936900007], [8.820921352000028, 45.36979600900003], [8.821229477000031, 45.36934373200006], [8.823575541000025, 45.370424213000035], [8.82327307600002, 45.370921373000044], [8.82360757400005, 45.371288993000064], [8.827759145000073, 45.37242926600004], [8.826191721000043, 45.37403398200007], [8.825775017000069, 45.37404150500004], [8.823900897000044, 45.371872729000074], [8.823540912000055, 45.372255591000055], [8.823142154000038, 45.372079582000026], [8.823589338000033, 45.37157040900007], [8.823032563000027, 45.37103521000006], [8.822605709000072, 45.37151993800006], [8.82207382100006, 45.37135595500007], [8.822573206000072, 45.37081015700005], [8.82169490900003, 45.370392741000046], [8.821090635000076, 45.37116678900003], [8.81989992900003, 45.370724395000025], [8.820306378000055, 45.370292670000026], [8.81736998100007, 45.36926012600003], [8.81721860700003, 45.36954540900007], [8.816513310000062, 45.36933217500007], [8.815198085000077, 45.37161016600004], [8.813874412000075, 45.37113894300006], [8.81305932500004, 45.37263049300003], [8.812828085000035, 45.372556694000025], [8.812406021000072, 45.37243771300007], [8.812993901000027, 45.37141079100007], [8.812311582000063, 45.37124651600004], [8.812655205000056, 45.37058221700005], [8.81123249500007, 45.369915270000035], [8.811081053000066, 45.369847908000054], [8.811100141000054, 45.36983225300003], [8.811118373000056, 45.36982086800003], [8.811168655000074, 45.36984203000003], [8.812768251000023, 45.37051125500005], [8.81290473000007, 45.370212062000064], [8.813311082000041, 45.370325276000074], [8.813148625000053, 45.37065513500005], [8.813697165000065, 45.370887046000064], [8.814065224000046, 45.37013437000007], [8.814611505000073, 45.37031077900008], [8.81482826100006, 45.36972262000006], [8.815043038000056, 45.36974017600005], [8.816044607000038, 45.368038209000076], [8.815454358000068, 45.36787550200006], [8.815258288000052, 45.36811265400007], [8.814262407000058, 45.36774463300003], [8.814464441000041, 45.36750220700003], [8.814175456000044, 45.36741139600008], [8.814214572000026, 45.36736548700003], [8.81422507800005, 45.36735383000007], [8.814488461000053, 45.36743556600004], [8.815618137000058, 45.36574241400007], [8.815971924000053, 45.36504434200003], [8.816036000000054, 45.36485687900006], [8.815859782000075, 45.36481013400004], [8.815876247000062, 45.364782855000044], [8.815891696000051, 45.36475468900005], [8.816062446000046, 45.36479368300007], [8.817018658000052, 45.36500945700004]]]}, "properties": {"OBJECTID": 5, "GisId": "{BAFD17F8-2AAD-4ECA-819E-05C9A57DFA37}", "GisDescription": "VILLAREALE - VIA PORTO", "GisCode": "DCS04", "Shape_Length": 0.12254334371105485, "Shape_Area": 4.3531025086057133e-05, "codice_distretto": "DCS04"}}, {"type": "Feature", "id": 6, "geometry": {"type": "Polygon", "coordinates": [[[9.294112724000058, 45.06969754100004], [9.29411680100003, 45.06928171800007], [9.294117495000023, 45.06921099300007], [9.297262473000046, 45.06950480900008], [9.29920566100003, 45.069663511000044], [9.301281957000072, 45.06955568800004], [9.30311357200003, 45.06945153600003], [9.303059001000065, 45.06978818400006], [9.30305375100005, 45.07076327900006], [9.30277026400006, 45.07129716500003], [9.303059001000065, 45.07176431000005], [9.303594477000047, 45.07186441300007], [9.30367491000004, 45.07202850200008], [9.30370316400007, 45.072086143000035], [9.303667974000064, 45.072211061000075], [9.303622989000075, 45.072207941000045], [9.303373987000043, 45.072190670000055], [9.303006503000063, 45.07215730300004], [9.302864759000045, 45.07231301600007], [9.30285426000006, 45.07265780900008], [9.302480884000033, 45.072875500000066], [9.301732807000064, 45.07297253400003], [9.30139693600006, 45.073576298000035], [9.301366402000042, 45.07391052200006], [9.301517163000028, 45.074109977000035], [9.301409570000033, 45.07423280000006], [9.30091030400007, 45.07422183300008], [9.299933223000039, 45.07384448600004], [9.299158428000055, 45.07356147400003], [9.298643171000037, 45.073494090000054], [9.298219515000028, 45.07344018200007], [9.297578306000048, 45.073677374000056], [9.297288235000053, 45.074070894000045], [9.297044134000032, 45.07411147600004], [9.296257721000075, 45.07403855100006], [9.295921849000024, 45.07379057900005], [9.295051637000029, 45.073154472000056], [9.29488370100006, 45.07250757700007], [9.294654698000045, 45.072238035000055], [9.29441042700006, 45.07217873700006], [9.293944788000033, 45.07154800200004], [9.29301059200003, 45.07127471200005], [9.293257777000065, 45.07034986000008], [9.293211978000045, 45.069880838000074], [9.294112724000058, 45.06969754100004]]]}, "properties": {"OBJECTID": 6, "GisId": "{EAE59186-469B-403B-9344-E66DEC8A902F}", "GisDescription": "GAVAZZOLA", "GisCode": "DSTR07", "Shape_Length": 0.029147508846292376, "Shape_Area": 3.7228845722751464e-05, "codice_distretto": "DSTR07"}}, {"type": "Feature", "id": 7, "geometry": {"type": "Polygon", "coordinates": [[[8.745109753000065, 45.09497701200007], [8.74500071500006, 45.09482324100003], [8.74662930200003, 45.093653036000035], [8.746934149000026, 45.09354830700005], [8.74710587100003, 45.092954586000076], [8.747021578000044, 45.09213032200006], [8.746969752000041, 45.09161276400005], [8.74714577900005, 45.091574825000066], [8.747253450000073, 45.091699633000076], [8.74792277000006, 45.09176818800006], [8.747962509000047, 45.09195992200006], [8.747387015000072, 45.092088011000044], [8.747508258000039, 45.09220326700006], [8.74793414800007, 45.09225691000006], [8.747804939000048, 45.092414732000066], [8.747493463000069, 45.09249070200008], [8.747519041000032, 45.09282613900007], [8.748628891000067, 45.092699226000036], [8.748878987000069, 45.09273810600007], [8.748996401000056, 45.09295636100006], [8.749050229000034, 45.093021159000045], [8.750272592000044, 45.09268606400008], [8.751593787000047, 45.09217389600008], [8.751773008000043, 45.091398121000054], [8.752449446000071, 45.09138521600005], [8.752520693000065, 45.091332668000064], [8.754946523000058, 45.08714325100004], [8.754636173000051, 45.086965312000075], [8.754488612000046, 45.08667752700006], [8.75445687000007, 45.086193552000054], [8.755012369000042, 45.08597914400008], [8.75506725100007, 45.08579719800008], [8.755243931000052, 45.08560113900006], [8.756055825000033, 45.08552621800004], [8.756298664000042, 45.08567526200005], [8.756528425000056, 45.085718873000076], [8.75688550700005, 45.08604064000008], [8.756978992000029, 45.08632351700004], [8.757109096000022, 45.08634415600005], [8.761633435000022, 45.08518584600006], [8.76209431500007, 45.08494725000003], [8.762412969000025, 45.084756267000046], [8.762460628000042, 45.08467970700008], [8.764028495000048, 45.08331748000006], [8.764273651000053, 45.08290594700003], [8.76442455700004, 45.08238881400007], [8.764509623000038, 45.07814402900004], [8.764963180000052, 45.07802518400007], [8.764958383000021, 45.07754605900004], [8.764751843000056, 45.07679342200004], [8.76550409500004, 45.07638772100006], [8.767019928000025, 45.076108145000035], [8.767656814000077, 45.07579801700007], [8.768157487000053, 45.07572716800007], [8.768708485000047, 45.07659069300007], [8.768838903000074, 45.07695463400006], [8.768311508000068, 45.077145063000046], [8.768485872000042, 45.07750475300003], [8.769005183000047, 45.07741864700006], [8.769203319000042, 45.07797154600007], [8.768750775000058, 45.07827473200007], [8.768943285000034, 45.078732814000034], [8.76842875400007, 45.07888029800006], [8.768402595000055, 45.078659852000044], [8.768707728000038, 45.07845445000004], [8.768593409000061, 45.07829611100004], [8.767266789000075, 45.078595257000075], [8.766691471000058, 45.07872344500004], [8.766347094000025, 45.07880137600006], [8.76579184700006, 45.07816044000003], [8.765277352000055, 45.07829832700003], [8.765409831000056, 45.07897415200006], [8.76498575100004, 45.07911761400004], [8.764873908000027, 45.079182064000065], [8.764831033000064, 45.08061884500006], [8.767461885000046, 45.08071993300007], [8.767674516000056, 45.08081618800003], [8.767687051000053, 45.08106056300005], [8.767524380000054, 45.08115126400003], [8.767324339000027, 45.081077193000056], [8.76728399600006, 45.08101961600005], [8.76745495800003, 45.080760643000076], [8.764841584000067, 45.080673843000056], [8.764648783000041, 45.083161251000035], [8.764420823000023, 45.08350334800008], [8.764217316000043, 45.08365384900003], [8.763334981000071, 45.08441860800008], [8.761975402000076, 45.08528537700005], [8.761557297000024, 45.085401888000035], [8.761081654000066, 45.08553025500004], [8.757014164000054, 45.086602077000066], [8.755876622000073, 45.086911076000035], [8.755544386000054, 45.08710680200005], [8.754134755000052, 45.089350824000064], [8.752800096000044, 45.09143688200004], [8.752062204000026, 45.09158380800005], [8.751903816000038, 45.092235059000075], [8.75102946800007, 45.09264998500004], [8.75116285300004, 45.09308627000007], [8.75080392600006, 45.09318610100007], [8.750663488000043, 45.092816877000075], [8.750297965000073, 45.09287836300007], [8.749032939000074, 45.09330080500007], [8.74913108800007, 45.09367113600007], [8.74934033300002, 45.093772209000065], [8.749338845000068, 45.094112377000044], [8.747671917000048, 45.09434386400005], [8.747505434000061, 45.09403442100006], [8.748086838000063, 45.093873658000064], [8.747960070000033, 45.09347571400008], [8.747289758000022, 45.093627549000075], [8.747436959000026, 45.09437649100005], [8.747712507000074, 45.09631751200004], [8.75038358200004, 45.09651502600008], [8.75224485800004, 45.09626994100006], [8.752113434000023, 45.09694041400007], [8.749785035000059, 45.097265925000045], [8.74962497000007, 45.096743340000046], [8.749659545000043, 45.096570936000035], [8.747657971000024, 45.09641321400005], [8.746868233000043, 45.09643837100003], [8.746782282000026, 45.09596210600006], [8.74588475400003, 45.09602442200003], [8.745582850000062, 45.09492096100007], [8.745176553000022, 45.09502067000005], [8.745109753000065, 45.09497701200007]]]}, "properties": {"OBJECTID": 7, "GisId": "{C7200B04-C7CF-4454-8591-74DF9653C0BD}", "GisDescription": "DISTETTO FRAZ. TORTOROLLO", "GisCode": "DMD03", "Shape_Length": 0.10470113873292912, "Shape_Area": 2.9422064324184116e-05, "codice_distretto": "DMD03"}}, {"type": "Feature", "id": 8, "geometry": {"type": "Polygon", "coordinates": [[[9.14364480300003, 45.27167131400006], [9.14230335600007, 45.27060139400004], [9.140961909000055, 45.26861884200008], [9.138144870000076, 45.26638445400005], [9.136535134000042, 45.26370936700005], [9.136982282000076, 45.26106562700005], [9.13877087800006, 45.25798110900007], [9.139888751000058, 45.255966639000064], [9.139944645000071, 45.25584860200007], [9.140075995000075, 45.25556137600006], [9.141054134000058, 45.25577777900003], [9.141763983000033, 45.25585647100007], [9.142262996000056, 45.25569881500007], [9.142426323000052, 45.255985329000055], [9.143007615000045, 45.256363047000036], [9.143097045000047, 45.259919772000046], [9.143633625000064, 45.26344480100005], [9.145332791000044, 45.26451485700005], [9.146629524000048, 45.26542753500007], [9.14783682600006, 45.26866899600003], [9.14788154100006, 45.27058861000006], [9.146137659000033, 45.27206761200006], [9.14364480300003, 45.27167131400006]]]}, "properties": {"OBJECTID": 8, "GisId": "{0F70E09F-44A0-4BF6-840F-76FD2AC7B14F}", "GisDescription": "VILLANOVA", "GisCode": "DGSG01", "Shape_Length": 0.04399388453788255, "Shape_Area": 9.972120642467083e-05, "codice_distretto": "DGSG01"}}, {"type": "Feature", "id": 9, "geometry": {"type": "Polygon", "coordinates": [[[9.135473306000051, 45.11939696500008], [9.134879283000032, 45.12244755300003], [9.13413636100006, 45.126262344000054], [9.13324506300006, 45.12935411500007], [9.13101682100006, 45.133231694000074], [9.123775031000037, 45.135602651000056], [9.12176032800005, 45.136578513000075], [9.12137966900002, 45.13724654300006], [9.120149494000032, 45.137190874000055], [9.119745625000064, 45.13712865600007], [9.119810615000063, 45.13812905100008], [9.119911364000075, 45.138165343000026], [9.119812937000063, 45.13828132000003], [9.11961448300002, 45.13827640800008], [9.119442208000066, 45.13828978600003], [9.11952976300006, 45.13814215000008], [9.118745237000041, 45.13805701100006], [9.11769378400004, 45.13782942600005], [9.116737497000031, 45.13627069200004], [9.116328985000052, 45.133231694000074], [9.115029176000064, 45.13048073600004], [9.112540973000023, 45.12835847900004], [9.111129752000068, 45.12628854600007], [9.112132462000034, 45.12322281200005], [9.114099458000055, 45.119272582000065], [9.114546391000033, 45.11837494800005], [9.116644654000027, 45.115243271000054], [9.11827869800004, 45.113828064000074], [9.120989727000051, 45.11195417000005], [9.12492628900003, 45.11069613600006], [9.129085677000035, 45.111482410000065], [9.132279492000066, 45.113474256000075], [9.135473306000051, 45.11614741300008], [9.135473306000051, 45.11939696500008]]]}, "properties": {"OBJECTID": 9, "GisId": "{32BAD949-6624-4DF6-B933-21A7CA72B015}", "GisDescription": "MEZZANA CORTI", "GisCode": "DCVM02", "Shape_Length": 0.08174689265359554, "Shape_Area": 0.00045587062733567097, "codice_distretto": "DCVM02"}}, {"type": "Feature", "id": 10, "geometry": {"type": "Polygon", "coordinates": [[[9.29650573300006, 45.16274744400005], [9.291961525000033, 45.16333333700004], [9.29058750400003, 45.16449589200005], [9.291137112000058, 45.167838103000065], [9.286740250000037, 45.16835475500005], [9.285518899000067, 45.16464120900008], [9.286053240000058, 45.16324183900008], [9.286312777000035, 45.161724022000044], [9.286633381000058, 45.16016310400005], [9.288557009000044, 45.15933418600008], [9.290847041000063, 45.15900046200005], [9.293564547000074, 45.15837607000003], [9.29658739000007, 45.15823611900004], [9.297610272000043, 45.16023846000007], [9.296338079000066, 45.16171411700003], [9.29650573300006, 45.16274744400005]]]}, "properties": {"OBJECTID": 10, "GisId": "{8541B315-B069-402C-A14D-B8186EC70D8E}", "GisDescription": "ZI BLG", "GisCode": "DBLG01", "Shape_Length": 0.03820329152744796, "Shape_Area": 6.90112703033848e-05, "codice_distretto": "DBLG01"}}, {"type": "Feature", "id": 11, "geometry": {"type": "Polygon", "coordinates": [[[9.266506553000056, 45.08907507400005], [9.266515527000024, 45.08908432800007], [9.266526648000024, 45.08909630000005], [9.266644531000054, 45.08922886600004], [9.266707279000059, 45.08933262700003], [9.266757729000062, 45.089474163000034], [9.266770725000072, 45.089526844000034], [9.266780943000072, 45.08959996300007], [9.267396723000047, 45.08954629500005], [9.267989890000024, 45.08948974600003], [9.26800574300006, 45.08948841400007], [9.268794620000051, 45.08943099900006], [9.268809156000032, 45.089430090000064], [9.270075090000034, 45.08936389100006], [9.27008333200007, 45.089363508000076], [9.270917473000054, 45.08932952400005], [9.270953501000065, 45.08932896200008], [9.272117340000023, 45.08934005000003], [9.272141179000073, 45.08934067300004], [9.273523890000035, 45.08939987400004], [9.27353152400002, 45.08940024200007], [9.274364512000034, 45.089444822000075], [9.275283127000023, 45.08948164900005], [9.275937417000023, 45.089429980000034], [9.277213054000072, 45.08932826600005], [9.278589472000021, 45.089192181000044], [9.279149001000064, 45.08945115800003], [9.279327635000072, 45.08990033300006], [9.279328332000034, 45.08990210400003], [9.279695939000021, 45.09084484600004], [9.279894629000069, 45.09125631000006], [9.279916084000035, 45.09142755700003], [9.279904895000072, 45.09147911300005], [9.279953209000041, 45.09155001400006], [9.279976740000052, 45.091590729000075], [9.280032995000056, 45.091708039000025], [9.280057709000062, 45.091789676000076], [9.280101944000023, 45.09211835600007], [9.280147279000062, 45.09228350200004], [9.281464637000056, 45.092097555000066], [9.282071915000074, 45.09243642000007], [9.282117185000061, 45.09324530600003], [9.285122984000054, 45.092868389000046], [9.285715089000064, 45.09317329500004], [9.285928708000029, 45.09426014400003], [9.287763738000024, 45.09418497300004], [9.287778468000056, 45.09418703600005], [9.287778372000048, 45.09418478600003], [9.291729286000077, 45.094099622000044], [9.294008155000029, 45.093933211000035], [9.294557734000023, 45.09377560000007], [9.294615812000075, 45.093761767000046], [9.295018145000029, 45.093684703000065], [9.295026535000034, 45.09368315000006], [9.29536620700003, 45.09362247200005], [9.295281948000024, 45.093359305000035], [9.295274113000062, 45.09332879400006], [9.295122572000025, 45.092549373000054], [9.295119489000058, 45.09252941300008], [9.295043941000074, 45.09187089300008], [9.294913805000022, 45.09122216900005], [9.29536782300005, 45.090813137000055], [9.296431637000069, 45.09073978200007], [9.296484117000034, 45.09073809500006], [9.296950651000031, 45.090740192000055], [9.29742066700004, 45.09066925600007], [9.297491616000059, 45.09066220500006], [9.298167337000052, 45.090629189000026], [9.29919992400005, 45.09054032500006], [9.301982388000056, 45.09009770800003], [9.30198852500007, 45.09009675900006], [9.306164747000025, 45.08947058900003], [9.306208522000077, 45.08946542700005], [9.306737398000053, 45.08941976500006], [9.31254649500005, 45.08870071200005], [9.312884455000074, 45.088770562000036], [9.315132079000023, 45.088179592000074], [9.315161815000067, 45.088172505000045], [9.317109438000045, 45.08775522600007], [9.319067120000057, 45.087286481000035], [9.319710583000074, 45.08751058300004], [9.320765283000071, 45.08968491400003], [9.31980384600007, 45.08991893500007], [9.31891352200006, 45.08808342400005], [9.317427184000053, 45.088439306000055], [9.317411586000048, 45.08844284400004], [9.313248029000022, 45.08940835400006], [9.315909372000021, 45.09403725100003], [9.314503580000064, 45.09432595000004], [9.310715233000053, 45.09193117900003], [9.31334871200005, 45.091480931000035], [9.312287446000028, 45.08939516100003], [9.306808963000037, 45.08992530000006], [9.306873436000046, 45.09013348700006], [9.306353563000073, 45.090178372000025], [9.302202093000062, 45.090800830000035], [9.299397849000059, 45.09124691200003], [9.299347789000024, 45.091253032000054], [9.298276814000076, 45.09134520100008], [9.298250492000022, 45.09134697500008], [9.297597395000025, 45.09137888500004], [9.29710853000006, 45.091452666000066], [9.29699938400006, 45.091460563000055], [9.296503965000056, 45.09145833700006], [9.295995078000033, 45.091493428000035], [9.29605262800004, 45.09178028700006], [9.296056014000044, 45.09180177800005], [9.29613166200005, 45.09246107000007], [9.296278291000021, 45.09321516500006], [9.296467473000064, 45.093806004000044], [9.29609603800003, 45.09423477900003], [9.295279364000066, 45.09438067200006], [9.294910839000067, 45.09445126000003], [9.294322832000034, 45.094619891000036], [9.29418419600006, 45.094644309000046], [9.291815255000074, 45.094817299000056], [9.291778605000047, 45.09481903000005], [9.287816187000033, 45.09490444200003], [9.285519136000062, 45.09499825800003], [9.284986384000035, 45.094688434000034], [9.284780849000072, 45.09364263400005], [9.28172091500005, 45.09402632300004], [9.281124369000054, 45.09368602600006], [9.281079619000025, 45.092886200000066], [9.27984510500005, 45.09306044700003], [9.27924678100004, 45.09277604400006], [9.279099268000039, 45.09223865000007], [9.279092217000027, 45.09220409400007], [9.279051277000065, 45.09189985300003], [9.279024115000027, 45.09184320900005], [9.27895941600002, 45.09174826200007], [9.278930393000053, 45.09169538900005], [9.278896621000058, 45.091615800000056], [9.278881011000067, 45.09145743700003], [9.278892258000042, 45.09140561900006], [9.278729074000069, 45.091067672000065], [9.278720065000073, 45.091047005000064], [9.278348751000067, 45.09009471600007], [9.278290738000067, 45.089948837000065], [9.277346887000022, 45.09004215300007], [9.277333488000068, 45.09004334900004], [9.276050858000076, 45.090145620000044], [9.276050326000075, 45.090145663000044], [9.275353340000038, 45.09020070500003], [9.275268303000075, 45.09020234600007], [9.274302275000025, 45.09016361700003], [9.274292709000065, 45.09016316900005], [9.273458746000074, 45.09011853800007], [9.272091745000068, 45.09006001000006], [9.270957851000048, 45.09004920700005], [9.270145824000053, 45.090082291000044], [9.26889127000004, 45.09014789400004], [9.268117582000059, 45.09020420400003], [9.26829466700002, 45.09376542800004], [9.266731382000046, 45.09386402900003], [9.26639080700005, 45.090476317000025], [9.26637469000002, 45.09041933900005], [9.266381261000049, 45.09034109400005], [9.266377955000053, 45.090341066000065], [9.26629087300006, 45.090340146000074], [9.265791319000073, 45.09000449300004], [9.265782515000069, 45.08991258700007], [9.26578138800005, 45.08988377600008], [9.26578334100003, 45.08977156200007], [9.265762786000039, 45.089624463000064], [9.265741354000056, 45.089564332000066], [9.265671862000033, 45.089486184000066], [9.265612275000024, 45.08942473900004], [9.265541920000032, 45.08931833200006], [9.26551897500002, 45.08926052600003], [9.265502630000071, 45.089199664000034], [9.265466761000027, 45.08895105400006], [9.26540301600005, 45.08857569000003], [9.265402939000069, 45.088575234000075], [9.265354941000055, 45.08828951900006], [9.26529342300006, 45.087956881000025], [9.26521840600003, 45.08761221200007], [9.265112001000034, 45.08727474500006], [9.264980141000024, 45.08686163500005], [9.264973080000061, 45.08683483000004], [9.264936586000033, 45.08665977600003], [9.264832033000062, 45.086306689000025], [9.26475545300002, 45.086062508000055], [9.264745745000027, 45.08601929100007], [9.264709887000038, 45.08575828100004], [9.26467711500004, 45.08556281800003], [9.264676699000063, 45.08556025900003], [9.264634083000033, 45.08528956400005], [9.264512772000046, 45.084730163000074], [9.264425681000034, 45.08442577100004], [9.264419662000023, 45.084399946000076], [9.264325214000053, 45.08387706700006], [9.264290535000043, 45.083810147000065], [9.264273478000064, 45.083793541000034], [9.264205540000034, 45.083702292000055], [9.26404595400004, 45.08338432100004], [9.265003712000066, 45.08314306200003], [9.265138654000054, 45.083411924000075], [9.265154152000036, 45.08342700900005], [9.26522032400004, 45.083514792000074], [9.265299198000037, 45.08366699000004], [9.26532622600007, 45.08374538100003], [9.265425610000023, 45.08429554400004], [9.265511436000054, 45.08459549100007], [9.265515672000049, 45.08461234600003], [9.265640425000072, 45.08518757000007], [9.26564318800007, 45.08520233400003], [9.265686773000027, 45.08547915200006], [9.26571997000002, 45.08567712800004], [9.265721128000052, 45.085684721000064], [9.265754514000037, 45.085927714000036], [9.265825040000038, 45.08615258000003], [9.265826313000048, 45.08615675300007], [9.265934628000025, 45.086522529000035], [9.265940001000047, 45.08654384400006], [9.265975919000027, 45.08671611500006], [9.26610368400003, 45.08711637600004], [9.266103977000057, 45.08711729700008], [9.266214233000028, 45.087466962000065], [9.266220521000037, 45.08749058600006], [9.266299011000058, 45.087851183000055], [9.266300641000043, 45.08785927900004], [9.266363305000027, 45.08819807900005], [9.26636405000005, 45.08820230200007], [9.266412370000069, 45.08848990300004], [9.266476625000053, 45.08886823200004], [9.266477630000054, 45.08887462900003], [9.266506553000056, 45.08907507400005]]]}, "properties": {"OBJECTID": 11, "GisId": "{40A5EC9D-3255-432B-A1C4-544917EE17C9}", "GisDescription": "DURINA PIROCCO", "GisCode": "DSTR10", "Shape_Length": 0.16356492800636313, "Shape_Area": 7.006954736610755e-05, "codice_distretto": "DSTR10"}}, {"type": "Feature", "id": 12, "geometry": {"type": "Polygon", "coordinates": [[[8.747146268000051, 45.364013518000036], [8.748226686000066, 45.36307061600007], [8.749382684000068, 45.363675819000036], [8.75044600900003, 45.36266249600004], [8.750589213000069, 45.36266280900003], [8.754260035000073, 45.364769369000044], [8.754286322000041, 45.365714714000035], [8.754202157000066, 45.36610916800004], [8.752505984000038, 45.36594948700008], [8.752133229000037, 45.366835844000036], [8.752020447000064, 45.36682336200005], [8.749062159000061, 45.36550145100006], [8.748935792000054, 45.36561742200007], [8.74831228100004, 45.36529789400004], [8.748774254000068, 45.36485532900008], [8.747146268000051, 45.364013518000036]], [[8.750295860000051, 45.36484207900003], [8.750520915000038, 45.36498099900007], [8.75060505700003, 45.364905659000044], [8.750523023000028, 45.36481007200007], [8.750484973000027, 45.364827579000064], [8.750468774000069, 45.36481033600006], [8.750507360000029, 45.36479435900003], [8.750446908000072, 45.36472539500005], [8.750345022000033, 45.36480410100006], [8.750374632000046, 45.36482372800003], [8.75035987800004, 45.36483466300007], [8.750347826000052, 45.36484384200003], [8.750316650000059, 45.36482601800003], [8.750295860000051, 45.36484207900003]]]}, "properties": {"OBJECTID": 12, "GisId": "{E65D5487-BD4D-441F-8342-5A1F60DC2744}", "GisDescription": "VILLANOVA", "GisCode": "DCS01", "Shape_Length": 0.020258143727523506, "Shape_Area": 1.5795447088748883e-05, "codice_distretto": "DCS01"}}, {"type": "Feature", "id": 13, "geometry": {"type": "Polygon", "coordinates": [[[8.869821645000059, 45.25821786100005], [8.869859269000074, 45.25813015300008], [8.872320913000067, 45.25841485500007], [8.872774517000039, 45.25850290600005], [8.872982365000041, 45.25856842500008], [8.873196438000036, 45.25866807800003], [8.873347611000042, 45.25871127600004], [8.874204152000061, 45.25900304900006], [8.874615625000047, 45.25914594600005], [8.875027248000038, 45.25922058800006], [8.87539686100007, 45.25929221500007], [8.875795890000063, 45.25936387200005], [8.877122777000068, 45.25979264400007], [8.87752176500004, 45.259885068000074], [8.87819797700007, 45.26002823700003], [8.878639039000063, 45.260096962000034], [8.87912631100005, 45.260171668000055], [8.879227121000042, 45.26018958100008], [8.879634494000072, 45.26029387800003], [8.88011321700003, 45.260439794000035], [8.880247612000062, 45.260472579000066], [8.880445026000075, 45.26051136500007], [8.880701243000033, 45.260562082000035], [8.881083471000068, 45.26063667100004], [8.88119688300003, 45.26065756300005], [8.882286995000072, 45.260810039000035], [8.88261043600005, 45.26086675700003], [8.882839370000056, 45.26090408700003], [8.883001098000022, 45.26092947800004], [8.883963091000055, 45.261065485000074], [8.884433714000068, 45.26106893000008], [8.884908558000063, 45.261063474000025], [8.885185859000046, 45.26108155900005], [8.885467336000033, 45.261111518000064], [8.885694224000076, 45.26112361600008], [8.885866460000045, 45.26114752900003], [8.88594626300005, 45.26116541400006], [8.886168937000036, 45.26118344200006], [8.886337677000029, 45.260854205000044], [8.886531326000068, 45.26067634100008], [8.886649113000033, 45.26061117000006], [8.88681734100004, 45.260537147000036], [8.887086210000064, 45.26056708900006], [8.887308830000052, 45.26061182300003], [8.887518831000023, 45.260662479000075], [8.88801032200007, 45.260737153000036], [8.888346282000043, 45.26084134800004], [8.888388145000022, 45.260921515000064], [8.888429991000066, 45.261010584000076], [8.888467525000067, 45.26115603400007], [8.888454656000022, 45.26128956400004], [8.888374707000025, 45.26134587000007], [8.888294809000058, 45.26137546800004], [8.88813921600007, 45.26143466900004], [8.888118147000057, 45.26146432400003], [8.888092835000066, 45.26151474800008], [8.888092795000034, 45.26153552200003], [8.888265081000043, 45.26153569100006], [8.889067535000038, 45.261610663000056], [8.88953387500004, 45.261658596000075], [8.890321454000059, 45.26182257500005], [8.891390510000065, 45.26202391000004], [8.892073006000032, 45.262208549000036], [8.892320873000074, 45.26224068400006], [8.893144212000038, 45.26239132300003], [8.893507611000075, 45.262437660000046], [8.894093564000059, 45.26257174800003], [8.89486656300005, 45.26268078000004], [8.895544995000023, 45.26280159000004], [8.895912560000056, 45.26287018100004], [8.89667915900003, 45.26303706300007], [8.897260979000066, 45.263139971000044], [8.897563474000037, 45.263175853000064], [8.897992027000043, 45.26321630000007], [8.898351285000047, 45.263234426000054], [8.898597032000055, 45.26328064200004], [8.899022332000072, 45.263380435000045], [8.89935421000007, 45.263435628000025], [8.899534828000071, 45.26348030100007], [8.899736397000026, 45.263559120000025], [8.899847686000044, 45.26359928000005], [8.899961172000076, 45.263584542000046], [8.900030772000036, 45.26343473800006], [8.900098281000055, 45.26327899800003], [8.900262420000047, 45.263135212000066], [8.90057755500004, 45.26315329300007], [8.900831696000068, 45.26320693100007], [8.900915628000064, 45.263270807000026], [8.900833538000029, 45.263355313000034], [8.900696952000033, 45.26336261300003], [8.900579306000054, 45.263353608000045], [8.900470029000076, 45.26336389900007], [8.900392305000025, 45.26335492900006], [8.900297713000043, 45.263378587000034], [8.900272434000044, 45.26341566000008], [8.900314366000032, 45.26346763000004], [8.900509635000049, 45.26354495800007], [8.900524221000069, 45.26361471000007], [8.900492676000056, 45.26363100400005], [8.900423007000029, 45.263820870000075], [8.900637202000041, 45.26388931300005], [8.900758949000021, 45.26395767300005], [8.900950028000068, 45.26402906200008], [8.90108235100007, 45.26405736800007], [8.90122309700007, 45.264075296000044], [8.901229411000031, 45.26406936700005], [8.901403438000045, 45.26306794800007], [8.901451776000044, 45.26306057100004], [8.901636635000045, 45.263082987000075], [8.90174797000003, 45.26309643700006], [8.901804809000055, 45.26303268200007], [8.901809196000045, 45.26292585200008], [8.901819793000072, 45.26287244400004], [8.901725321000072, 45.26282784800003], [8.90156987100005, 45.262809909000055], [8.90147117600003, 45.26277718000006], [8.901420845000075, 45.26272223600006], [8.90141668900003, 45.26269552400004], [8.901427307000063, 45.26263024600007], [8.90145915000005, 45.26244182900007], [8.90154749800007, 45.262382553000066], [8.90175970200005, 45.26238570400005], [8.901955076000036, 45.262400710000065], [8.902114717000075, 45.262424587000055], [8.902286936000053, 45.26246479800005], [8.90246542400007, 45.262525786000026], [8.902553330000046, 45.26272469200006], [8.902529994000076, 45.26285524600007], [8.902515041000072, 45.262999163000075], [8.902510698000071, 45.263080769000055], [8.902535774000057, 45.26316091500007], [8.902640776000055, 45.26319216600007], [8.90270178000003, 45.26315067000007], [8.902727105000054, 45.26308540500003], [8.902758710000057, 45.26303349800003], [8.902821747000075, 45.263030584000035], [8.90288053100005, 45.263058827000066], [8.902954012000066, 45.26309153300008], [8.903031819000034, 45.26305302000003], [8.903063402000043, 45.26301446800005], [8.903668840000023, 45.26220333800006], [8.90381624400004, 45.262009084000056], [8.903847797000026, 45.26198685300005], [8.903228176000027, 45.26187356100007], [8.903009828000052, 45.26177841100008], [8.902900980000027, 45.26153942600007], [8.903016605000062, 45.261499462000074], [8.903258147000031, 45.26154566500003], [8.903506007000033, 45.261582969000074], [8.903575354000054, 45.26157560900003], [8.903628712000057, 45.26108451300007], [8.903767491000053, 45.261019343000044], [8.90393567700005, 45.260957165000036], [8.903998923000074, 45.26082961100008], [8.904041158000041, 45.26070203900008], [8.903995101000021, 45.26060406900007], [8.903881737000063, 45.260550557000045], [8.903570727000044, 45.260585906000074], [8.903355976000057, 45.26084984200003], [8.903158399000063, 45.260897156000055], [8.902839074000042, 45.26087908000005], [8.902767873000073, 45.26074250900007], [8.902805858000022, 45.26064461000004], [8.903053854000063, 45.26060030600007], [8.903251369000031, 45.26058860300003], [8.903415323000047, 45.26054422800007], [8.903512039000077, 45.260502763000034], [8.903676003000044, 45.26045245200004], [8.903755887000045, 45.26042581100006], [8.903772720000063, 45.26041098700006], [8.903802234000068, 45.26035165900004], [8.903789664000044, 45.26033087600007], [8.903495579000037, 45.26029798400003], [8.903445280000028, 45.26022375100007], [8.903458012000044, 45.260149571000056], [8.903529862000028, 45.259903320000035], [8.903567826000028, 45.25981729100005], [8.90377389300005, 45.259716566000066], [8.90416463500003, 45.25974063600006], [8.90450080200003, 45.259734982000055], [8.904559629000062, 45.25973503100005], [8.904694300000074, 45.25961050400008], [8.90470711000006, 45.25948884200005], [8.904741544000046, 45.25899921400003], [8.904683115000068, 45.25876175700006], [8.904221041000028, 45.25868124400006], [8.903691674000072, 45.25863925300007], [8.903582878000066, 45.25837207600006], [8.90359174300005, 45.25809906300003], [8.903587799000036, 45.25794771100004], [8.903781448000075, 45.257731238000076], [8.904008421000071, 45.25768691500008], [8.904214245000048, 45.257725667000045], [8.904293755000026, 45.25791862800003], [8.904566740000064, 45.25799898300005], [8.904713818000062, 45.25799020200003], [8.90479367200004, 45.257978398000034], [8.904870698000025, 45.257144563000054], [8.905333036000059, 45.25705888600004], [8.906610298000032, 45.25710445200008], [8.908739505000028, 45.25778575700008], [8.909777151000071, 45.257914189000076], [8.912676006000027, 45.25818056000003], [8.914331769000057, 45.25802452900007], [8.914602088000038, 45.25708993300003], [8.915366800000072, 45.257096438000076], [8.915605812000024, 45.257426020000025], [8.915605311000036, 45.257764328000064], [8.914987163000035, 45.25808733900004], [8.914415476000045, 45.25824419600008], [8.913167242000043, 45.25843021400004], [8.911297672000046, 45.25826259100006], [8.909045716000037, 45.25811243900006], [8.90694581400004, 45.25748754800003], [8.906525772000066, 45.257404112000074], [8.906252980000033, 45.25976017500005], [8.905647376000047, 45.260074243000076], [8.90537824300003, 45.26019866000007], [8.905033373000037, 45.260382366000044], [8.90505790100002, 45.26079191700006], [8.905099576000055, 45.26099968400007], [8.904931305000048, 45.26111231400006], [8.904771448000076, 45.26121901500005], [8.90440090900006, 45.26166978300006], [8.904694580000069, 45.26195491900006], [8.90459209900007, 45.26292821100003], [8.904045074000067, 45.26336695900005], [8.903842566000037, 45.26384160600003], [8.90403554900007, 45.264031696000075], [8.90418274600006, 45.263962081000045], [8.904298513000072, 45.263840506000065], [8.904368052000052, 45.26372037500005], [8.904311449000033, 45.263644654000075], [8.90421073500005, 45.26356147700005], [8.904217175000042, 45.26347987200006], [8.904282490000071, 45.26337309400003], [8.904427730000066, 45.26321593200004], [8.90451620600004, 45.263079495000056], [8.904692733000047, 45.263058869000076], [8.905125622000071, 45.26302213500003], [8.905413423000027, 45.263052049000066], [8.905774621000035, 45.263168085000075], [8.905835264000075, 45.26334322400004], [8.905784741000048, 45.26340105100007], [8.90557661300005, 45.26347210200004], [8.905385370000033, 45.26349716900006], [8.905265373000077, 45.26363654700003], [8.905130714000052, 45.26374920400008], [8.904977233000068, 45.26380842900005], [8.904806923000024, 45.26387951000004], [8.904676565000045, 45.26393133400006], [8.904510310000035, 45.26408996200007], [8.90428098700005, 45.264267827000026], [8.904003527000043, 45.26433139800008], [8.903639941000051, 45.26438302500003], [8.903660939000076, 45.26439046200005], [8.90312334600003, 45.26544796100006], [8.901978477000057, 45.265285249000044], [8.901823153000066, 45.26519015200006], [8.901850696000054, 45.26505811700008], [8.901834011000062, 45.26498539700003], [8.90178568400006, 45.26498535500008], [8.901646694000021, 45.26516625900007], [8.901610856000048, 45.26523448300003], [8.901644268000041, 45.265354700000046], [8.901757627000052, 45.26541563400008], [8.901605434000032, 45.26594077000004], [8.901357512000061, 45.26592868600005], [8.901216756000053, 45.265913726000065], [8.901134797000054, 45.26592107400006], [8.901035805000049, 45.26605601500006], [8.901111351000054, 45.26611246500005], [8.90130453200004, 45.26618830600006], [8.901459885000065, 45.26626708200007], [8.900727518000053, 45.266922290000025], [8.900470849000044, 45.26710383300008], [8.90035318200006, 45.26710150400004], [8.900252356000067, 45.26708212700004], [8.900148384000033, 45.26705977900008], [8.900112644000046, 45.26707013500004], [8.900082161000057, 45.26707826900008], [8.90004323100004, 45.26711087900003], [8.89979476800005, 45.26740371200003], [8.899158665000073, 45.26826227500004], [8.89898168600007, 45.268527720000066], [8.89867281200003, 45.26851706000008], [8.898395504000064, 45.26848120200003], [8.898023688000023, 45.26841706700003], [8.897181290000049, 45.26829315600003], [8.896971643000029, 45.268025882000074], [8.896984728000064, 45.26776177600004], [8.89715321600005, 45.26754826000007], [8.897367786000075, 45.26741491200005], [8.897846911000045, 45.26739456700005], [8.897993777000067, 45.26751933800006], [8.898014300000057, 45.267792376000045], [8.898056151000048, 45.26789034600006], [8.898182079000037, 45.26797355100007], [8.898833298000056, 45.268075028000055], [8.898988792000068, 45.268075166000074], [8.899633218000076, 45.26726260800007], [8.89892739100003, 45.26715218500004], [8.898755290000054, 45.26703926300007], [8.898742808000065, 45.266968030000044], [8.89876414300005, 45.26678702400005], [8.899129648000041, 45.26684966700003], [8.899385942000038, 45.26688253700007], [8.899507888000073, 45.26684109800004], [8.89957524700003, 45.26677290200007], [8.899579596000024, 45.26668981300003], [8.899457876000042, 45.26660364500003], [8.899226830000032, 45.26655299200007], [8.899008428000059, 45.26648157600005], [8.898966577000067, 45.26638360800007], [8.89893732400003, 45.26629158700007], [8.898840778000022, 45.26622918100003], [8.898593052000024, 45.26610728900005], [8.89858085000003, 45.265878772000065], [8.898514267000053, 45.265510730000074], [8.898468280000031, 45.26537714600005], [8.898098598000047, 45.26530559400004], [8.897677982000062, 45.26551591800006], [8.897476546000064, 45.26536142200007], [8.897472798000024, 45.26510917200005], [8.897712689000059, 45.264910556000075], [8.897998491000067, 45.26488707100003], [8.898460557000021, 45.26499431800005], [8.898657798000045, 45.26514584000006], [8.898939430000041, 45.26510454400005], [8.89922933400004, 45.26513744400006], [8.899725103000037, 45.26520019900005], [8.899968772000022, 45.265238992000036], [8.900372219000076, 45.265227475000074], [8.900611652000066, 45.265287036000075], [8.90082185700004, 45.26523676900007], [8.90108678100006, 45.26513610000006], [8.901158335000048, 45.26507087400006], [8.90119211800004, 45.264975940000056], [8.901146083000071, 45.26486609800003], [8.901007529000026, 45.26479475600007], [8.90093623000007, 45.264714568000045], [8.900881893000076, 45.26454536700004], [8.90082312800007, 45.26450673800008], [8.90070964000006, 45.26452147700007], [8.90046563200002, 45.26467854800006], [8.900251406000052, 45.26462494300006], [8.900184373000059, 45.26450914800006], [8.900184627000044, 45.264363736000064], [8.900214142000038, 45.26430737600003], [8.900306769000053, 45.26420655900006], [8.900327911000034, 45.264132387000075], [8.90029037100004, 45.26397210300007], [8.899572353000053, 45.26364800400006], [8.899022111000022, 45.26350507400008], [8.898339457000077, 45.26338724800007], [8.897633628000051, 45.26330500800003], [8.896778684000026, 45.263189985000054], [8.895841938000046, 45.26299920800005], [8.895201370000052, 45.26285320900007], [8.894480884000075, 45.26275016200003], [8.893712134000054, 45.26261590800004], [8.893253337000033, 45.263022042000046], [8.893076136000047, 45.263398763000055], [8.892395314000055, 45.263430768000035], [8.892042495000055, 45.26334140600005], [8.891862166000067, 45.26314834100003], [8.892001356000037, 45.26287545200006], [8.892178022000053, 45.262783624000065], [8.892488984000067, 45.262783917000036], [8.892812440000057, 45.262843573000055], [8.893022527000028, 45.262855640000055], [8.893177991000073, 45.262864688000036], [8.89334616800005, 45.26281736400006], [8.89341354800007, 45.26274026900006], [8.893518763000031, 45.26265430600006], [8.893552452000051, 45.26261575900003], [8.893062084000064, 45.262489919000075], [8.891635945000075, 45.262228908000054], [8.89057742600005, 45.26200903800003], [8.890097557000047, 45.26189246900003], [8.888074678000066, 45.26166682100006], [8.887694315000033, 45.26170354300007], [8.887565293000023, 45.26213817100006], [8.887228743000037, 45.26232925000005], [8.887022720000061, 45.26238839900003], [8.887081085000034, 45.262622898000075], [8.886899543000027, 45.263050054000075], [8.886605089000057, 45.26320111100006], [8.886273214000028, 45.26315033100008], [8.886021135000021, 45.26312337200005], [8.885457896000048, 45.26319403100007], [8.885117911000066, 45.26299782700005], [8.885088796000048, 45.26284941700004], [8.88521941700003, 45.26267445900004], [8.885324745000048, 45.26253805500005], [8.885379643000022, 45.26240456800008], [8.885358877000044, 45.26228287500004], [8.885275181000054, 45.26211067000003], [8.885023214000057, 45.26203029000004], [8.884825811000042, 45.26198260900003], [8.88456958300003, 45.261931901000025], [8.884015152000075, 45.26180966700008], [8.883876971000063, 45.26156915000007], [8.883931902000029, 45.26142082500007], [8.884005807000051, 45.26123987600005], [8.88377485600006, 45.26115951600008], [8.883073300000035, 45.26106680400005], [8.88021677100005, 45.26065134500004], [8.879838837000023, 45.26053372800004], [8.878889703000027, 45.26028789700007], [8.878196614000046, 45.26017439000003], [8.876520973000027, 45.25973338500006], [8.875701961000061, 45.259563342000035], [8.874433801000066, 45.26109324400005], [8.873816480000073, 45.26092044200004], [8.874609718000045, 45.259443444000055], [8.875163844000042, 45.259575176000055], [8.874723188000075, 45.26039023700008], [8.874889051000025, 45.260443836000036], [8.875668501000064, 45.259492083000055], [8.872552675000065, 45.25858946100004], [8.871970907000048, 45.25850423300005], [8.869820054000058, 45.258282199000064], [8.869821645000059, 45.25821786100005]]]}, "properties": {"OBJECTID": 13, "GisId": "{891AD8AA-CA13-46B2-96C0-468258D0B46B}", "GisDescription": "STRADELLA -  BELCREDA", "GisCode": "DGM03", "Shape_Length": 0.16032789456180027, "Shape_Area": 4.061640905605724e-05, "codice_distretto": "DGM03"}}, {"type": "Feature", "id": 14, "geometry": {"type": "Polygon", "coordinates": [[[8.739330689000042, 45.093061258000034], [8.739150173000041, 45.09304030100003], [8.739093208000043, 45.09292398500003], [8.738775141000076, 45.09295919200008], [8.738623198000028, 45.092904944000054], [8.73859294600004, 45.092864150000025], [8.738545675000069, 45.092847273000075], [8.73840038700007, 45.09281699600007], [8.738361987000076, 45.092709107000076], [8.738622676000034, 45.092648617000066], [8.739159068000049, 45.09257198700004], [8.738489027000071, 45.090068280000025], [8.738541931000043, 45.08996179800005], [8.73856657400006, 45.08993430500004], [8.738501319000022, 45.08959757800005], [8.738846446000025, 45.089557643000035], [8.738899713000023, 45.08974222400008], [8.739191167000058, 45.08960634200008], [8.739333779000049, 45.08947970200006], [8.739421857000025, 45.08944636500007], [8.739406637000059, 45.08907501700003], [8.739291025000057, 45.08902803900003], [8.739079459000038, 45.089073072000076], [8.739155397000047, 45.089292440000065], [8.73890476400004, 45.08937571300004], [8.738750121000066, 45.08917413100005], [8.738703257000054, 45.089068619000045], [8.738744800000063, 45.088857903000076], [8.738978193000037, 45.08884645900008], [8.73918807800004, 45.08879902700005], [8.73932009500004, 45.08877058100006], [8.739343801000075, 45.088763449000055], [8.739158028000077, 45.08834260100008], [8.738216068000042, 45.08726483400005], [8.737810419000027, 45.086492528000065], [8.737465561000022, 45.085739527000044], [8.737218634000044, 45.085017890000074], [8.736210199000027, 45.08517846500007], [8.73549442500007, 45.08493725200003], [8.73493910700006, 45.08509886300004], [8.73393840700004, 45.08504862500007], [8.733750422000071, 45.08475113600008], [8.734346540000047, 45.08454171400007], [8.734913740000025, 45.08473467700003], [8.735035075000042, 45.08482120000008], [8.73549508800005, 45.08479351900007], [8.736089523000032, 45.08494821100004], [8.736718437000036, 45.08495924500005], [8.737023299000043, 45.084844960000055], [8.737226693000025, 45.08473523200007], [8.736439941000071, 45.08209708800007], [8.733217686000046, 45.082058464000056], [8.733239189000074, 45.08179739600007], [8.733706705000031, 45.081787708000036], [8.733698050000044, 45.082012871000074], [8.736524798000062, 45.082026615000075], [8.73637971900007, 45.08140582500005], [8.736307579000027, 45.08091696100007], [8.737357875000043, 45.080459431000065], [8.738007311000047, 45.08040822000004], [8.738608623000061, 45.08052937600007], [8.73878843700004, 45.08113826400006], [8.738762585000075, 45.081431663000046], [8.738187139000047, 45.081535717000065], [8.738081930000021, 45.08091266000008], [8.736964775000047, 45.08120235300004], [8.737291018000064, 45.08195172100005], [8.737993914000072, 45.08185990800007], [8.737986746000047, 45.081948528000055], [8.736781854000071, 45.08219489700008], [8.737233622000076, 45.08396147700006], [8.737749546000032, 45.085754552000026], [8.73831793200003, 45.08717403600008], [8.739401696000073, 45.08830243300008], [8.739554672000054, 45.08868487600006], [8.739734512000041, 45.08948181400007], [8.738832387000059, 45.09004510900007], [8.738797871000031, 45.09019834700007], [8.739304512000047, 45.09219621400007], [8.739753613000062, 45.09213860700004], [8.739801858000021, 45.09233868700005], [8.739531766000027, 45.092414431000066], [8.739507435000064, 45.09238113600003], [8.739304376000064, 45.09241181500005], [8.739467194000042, 45.09304940900006], [8.739330689000042, 45.093061258000034]]]}, "properties": {"OBJECTID": 14, "GisId": "{0DE768D8-B341-402A-A76D-082879386908}", "GisDescription": "STRADA LAMBERTENGA", "GisCode": "DMD04", "Shape_Length": 0.05302729015352381, "Shape_Area": 7.03339549597881e-06, "codice_distretto": "DMD04"}}, {"type": "Feature", "id": 15, "geometry": {"type": "Polygon", "coordinates": [[[9.018609061000063, 44.920334093000065], [9.01859109000003, 44.92030363100008], [9.018687268000065, 44.920148769000036], [9.018849002000024, 44.92019948800004], [9.01970215600005, 44.92050016500008], [9.01956963300006, 44.920654987000034], [9.019720501000052, 44.92071704800003], [9.019727258000046, 44.92070743800008], [9.019913407000047, 44.92051006100007], [9.020296092000024, 44.92008721700006], [9.020481970000048, 44.91987487200004], [9.02035814900006, 44.919773613000075], [9.02015799000003, 44.91968290900007], [9.020219834000045, 44.919577193000066], [9.019662794000055, 44.91925736700006], [9.019399474000068, 44.919265831000075], [9.019235956000045, 44.91910400200004], [9.01890299300004, 44.91888527800006], [9.018719717000067, 44.91831175100003], [9.01908559900005, 44.91742474800003], [9.018702722000057, 44.91722968300007], [9.018128312000044, 44.91662074100003], [9.018511045000025, 44.91638416100005], [9.019459679000022, 44.91620661400003], [9.019393045000072, 44.91602923700003], [9.019143266000071, 44.915656762000026], [9.018568951000077, 44.915307993000056], [9.017978086000028, 44.91523713200007], [9.017503721000026, 44.91514851100004], [9.01687653700003, 44.91428666300004], [9.01700291700007, 44.914276666000035], [9.017518938000023, 44.91411943300005], [9.017859461000057, 44.91408445700006], [9.018347339000059, 44.91376258500003], [9.01887034200007, 44.91351304700004], [9.019014253000023, 44.913435692000064], [9.019098448000022, 44.91325856600008], [9.019488060000072, 44.91306143300005], [9.019614334000039, 44.91274710000005], [9.019786363000037, 44.91277949900007], [9.019733744000064, 44.91289675200005], [9.019951442000036, 44.91301894600008], [9.020344556000055, 44.91280933500008], [9.020430223000062, 44.91258647400008], [9.020533951000061, 44.912316632000056], [9.020549667000068, 44.91208837900007], [9.02033898700006, 44.91195371300006], [9.01995277800006, 44.91180410900006], [9.019791270000042, 44.91173429000003], [9.019717531000026, 44.911681918000056], [9.019777153000064, 44.91151726800007], [9.019896363000043, 44.911088188000065], [9.020022750000066, 44.91109328200008], [9.02027244200002, 44.91126028000008], [9.021122931000036, 44.91172946700004], [9.02121448400004, 44.91178303700008], [9.021010682000053, 44.91196748500005], [9.020878629000038, 44.912097964000054], [9.020782969000038, 44.912191850000056], [9.02059377300003, 44.91251266200004], [9.02037132700002, 44.91293400100005], [9.020192548000068, 44.913305810000054], [9.020128121000027, 44.91349207900004], [9.020148963000054, 44.91360294400005], [9.020187135000072, 44.91376384200004], [9.020280139000022, 44.913923699000065], [9.020414870000025, 44.91399610900004], [9.020783760000029, 44.91438592800006], [9.021091256000034, 44.91470665000003], [9.021844673000032, 44.91552101900004], [9.021927402000074, 44.91560452300007], [9.021955520000063, 44.91569025600006], [9.022008098000072, 44.91581035300004], [9.022075490000077, 44.915909197000076], [9.022879739000075, 44.91694981200004], [9.022976202000052, 44.91706528000003], [9.023009505000061, 44.917101675000026], [9.023070389000054, 44.91717483600007], [9.023357540000063, 44.91727973300004], [9.023759150000046, 44.917455560000064], [9.024106653000047, 44.91759296400005], [9.024275695000028, 44.91758510500006], [9.024373917000048, 44.91753960600005], [9.024501672000042, 44.917572832000076], [9.024651594000034, 44.91761806100004], [9.024778712000057, 44.917714035000074], [9.024893115000054, 44.91765636000008], [9.025462954000034, 44.91715067600006], [9.025641803000042, 44.916984703000026], [9.026332172000025, 44.916822110000055], [9.027787144000058, 44.91653705700003], [9.027869431000056, 44.91657883100004], [9.027856365000048, 44.91673029700007], [9.027719072000025, 44.91677172100003], [9.027261399000054, 44.91683983000007], [9.026978475000021, 44.91689015700007], [9.026878680000038, 44.91703504800006], [9.026566634000062, 44.91709720800003], [9.02622961000003, 44.91713572000003], [9.026217186000054, 44.91726285200008], [9.026208913000062, 44.917372243000045], [9.02621728500003, 44.917481630000054], [9.026337996000052, 44.91757325300006], [9.026741597000068, 44.91753176900005], [9.027041129000054, 44.917398657000035], [9.02725330100003, 44.91731582600005], [9.027760972000067, 44.91737187600006], [9.028048156000068, 44.91752554300007], [9.028193945000055, 44.917838894000056], [9.028073346000042, 44.91798379100004], [9.027852857000028, 44.91808140900008], [9.027474149000057, 44.91797506700004], [9.027124499000024, 44.91771793700008], [9.02694979000006, 44.91783328100007], [9.026958154000056, 44.91792493000003], [9.02705394800006, 44.91811707900007], [9.027153961000067, 44.91842748500005], [9.027045842000064, 44.91857533500007], [9.026950193000062, 44.918696573000034], [9.026750546000073, 44.91888287900008], [9.026380324000058, 44.91914017800008], [9.025947561000066, 44.919131408000055], [9.025751812000067, 44.91874119700003], [9.025468599000021, 44.91815587700006], [9.024537658000042, 44.91819613000007], [9.024395192000043, 44.91850793300006], [9.023962613000037, 44.918930801000045], [9.023575622000067, 44.91891609900006], [9.02336764200004, 44.91910240000004], [9.022327220000022, 44.91875078700008], [9.022231533000024, 44.91879810900008], [9.022880781000026, 44.91908476000003], [9.022901717000025, 44.919409968000025], [9.022681274000036, 44.91966131300006], [9.022269252000058, 44.91949583100006], [9.022069489000046, 44.91942491400005], [9.021919724000043, 44.91952250600008], [9.022065449000024, 44.919741258000045], [9.021990644000027, 44.91999257300006], [9.021528829000033, 44.92020257100006], [9.021491400000059, 44.920261708000055], [9.021112937000055, 44.920832379000046], [9.020646845000044, 44.92074672600006], [9.020592674000056, 44.92053830400005], [9.020817283000042, 44.92026774500005], [9.020436474000064, 44.92010225200005], [9.020161907000045, 44.92031368900007], [9.01991700700006, 44.920579814000064], [9.019746519000023, 44.92074824800005], [9.019660584000064, 44.92071673500004], [9.01959172000005, 44.92069166300007], [9.019386688000054, 44.92061693100004], [9.019099140000037, 44.92052225600003], [9.018853584000055, 44.920439112000054], [9.018618073000027, 44.92035561900008], [9.018604742000036, 44.920350101000054], [9.01860948600006, 44.920342247000065], [9.018610396000042, 44.92034084900007], [9.018616057000031, 44.92033741900008], [9.018609061000063, 44.920334093000065]]]}, "properties": {"OBJECTID": 15, "GisId": "{F6E11A25-F018-4A89-A855-54CFF6D9B591}", "GisDescription": "VIA DON LORENZO PEROSI STR. MALPASSO", "GisCode": "DRT05", "Shape_Length": 0.053317819672698503, "Shape_Area": 3.125190053951778e-05, "codice_distretto": "DRT05"}}, {"type": "Feature", "id": 16, "geometry": {"type": "Polygon", "coordinates": [[[9.246026365000034, 45.068423532000054], [9.24223489700006, 45.068079012000055], [9.235055645000045, 45.06966805800005], [9.232307606000063, 45.068940257000065], [9.228322949000074, 45.06782427600007], [9.229559566000034, 45.06433063000003], [9.23148319400002, 45.06226830700007], [9.235007101000065, 45.05848516800006], [9.238915423000037, 45.059002812000074], [9.245327515000042, 45.05619885200008], [9.247800749000021, 45.05779496900004], [9.24848200200006, 45.05827319200006], [9.249518307000073, 45.05922670700005], [9.249100257000066, 45.05977097500005], [9.250254343000051, 45.06071494300005], [9.247756668000022, 45.06361244200008], [9.247923714000024, 45.06506687000007], [9.247655364000025, 45.06592630400007], [9.247322944000075, 45.06626881300008], [9.24653276600003, 45.066568489000076], [9.246487140000056, 45.06746249500003], [9.245996114000036, 45.06831364100003], [9.246026365000034, 45.068423532000054]]]}, "properties": {"OBJECTID": 16, "GisId": "{A351435B-5D4F-425F-8FEE-0D28E637139A}", "GisDescription": "CASAL AGNELLO", "GisCode": "DBRN05", "Shape_Length": 0.05764336739712314, "Shape_Area": 0.00018582643217197, "codice_distretto": "DBRN05"}}, {"type": "Feature", "id": 17, "geometry": {"type": "MultiPolygon", "coordinates": [[[[8.748599978000072, 45.246920415000034], [8.749022078000053, 45.246102886000074], [8.748959699000068, 45.24606445500007], [8.749182215000076, 45.24572030400003], [8.748053636000066, 45.245393799000055], [8.74778535200005, 45.24571428200005], [8.745898727000053, 45.24519755800003], [8.745015343000034, 45.24645927100005], [8.746206263000033, 45.24683307500004], [8.746267008000075, 45.24676987700008], [8.746606393000036, 45.24687372900007], [8.746562263000044, 45.24695169100005], [8.746944278000058, 45.24708067300003], [8.747124897000049, 45.24678503600006], [8.748920919000057, 45.24729491200003], [8.749086237000029, 45.247157567000045], [8.748557389000041, 45.246991448000074], [8.748599978000072, 45.246920415000034], [8.748567853000054, 45.24698263400006], [8.749131348000049, 45.24716266300004], [8.748971106000056, 45.24728801800006], [8.748966303000032, 45.24728691200005], [8.74895372800006, 45.24730161200006], [8.748971106000056, 45.24728801800006], [8.748998587000074, 45.247294347000036], [8.749130809000064, 45.24733366700008], [8.749247378000064, 45.24737663500008], [8.749242956000046, 45.24743406500005], [8.74928257700003, 45.24743268000003], [8.749407569000027, 45.247350555000025], [8.749442079000062, 45.24739359200004], [8.749467627000058, 45.24743941500003], [8.749441958000034, 45.24745954000008], [8.749245623000036, 45.24753864100006], [8.749153742000033, 45.24757084200007], [8.748852321000072, 45.247839706000036], [8.748743435000051, 45.24794551000008], [8.748492471000077, 45.24811875000006], [8.747402220000026, 45.24854346200004], [8.747352069000044, 45.24856838900007], [8.74732254600002, 45.248643438000045], [8.747328547000052, 45.248700891000055], [8.747278252000058, 45.24875822000007], [8.747184120000043, 45.24882723500008], [8.747098373000028, 45.24888595700003], [8.747171140000034, 45.24893324800007], [8.74742541300003, 45.24895590300008], [8.747624004000045, 45.24883998900003], [8.748072854000043, 45.24918267500004], [8.747855543000071, 45.249288239000066], [8.747414824000032, 45.24899270100008], [8.747139616000027, 45.24898914600004], [8.747081085000048, 45.24902289100004], [8.746844681000027, 45.249202052000044], [8.746548674000053, 45.24918666700006], [8.746170735000021, 45.249309545000074], [8.74626844900007, 45.24937309300003], [8.746399341000028, 45.24947795400004], [8.746637183000075, 45.249444607000044], [8.746883230000037, 45.24944220700007], [8.747029417000022, 45.24985933900007], [8.746910340000056, 45.24991062400005], [8.74705691400004, 45.250240861000066], [8.747269583000048, 45.25024280400004], [8.747375719000047, 45.25028869600004], [8.74738257100006, 45.25062451500003], [8.747609595000029, 45.25068098400004], [8.748283112000024, 45.250673634000066], [8.748335310000073, 45.25065754700006], [8.748389743000075, 45.25060759100006], [8.748435875000041, 45.25054878000003], [8.748475901000063, 45.25045608000005], [8.748486872000058, 45.25033238800006], [8.748591645000033, 45.250214792000065], [8.748717105000026, 45.250134064000065], [8.748844501000065, 45.250087214000075], [8.749130166000043, 45.25008489600003], [8.749963469000022, 45.25025020700008], [8.750041165000027, 45.25012518700004], [8.750189636000073, 45.25002683300005], [8.749992894000059, 45.249721528000066], [8.751458266000043, 45.249340320000044], [8.751455728000053, 45.24896621800008], [8.751885490000063, 45.24890971200006], [8.751971226000023, 45.249331125000026], [8.753050400000063, 45.24917274200004], [8.75322267200005, 45.24983588400005], [8.753159492000066, 45.250221811000074], [8.75258162800003, 45.250397994000025], [8.752596322000045, 45.25042833800006], [8.752579412000046, 45.25048132400008], [8.752611469000044, 45.250523791000035], [8.752535666000028, 45.25055110900007], [8.75197176200004, 45.25076491800007], [8.75199653900006, 45.25082093800006], [8.752133309000044, 45.25101564800008], [8.752951224000071, 45.25088781200003], [8.753281533000063, 45.25165144700003], [8.75233011000006, 45.25179077900003], [8.753393506000066, 45.25179602500003], [8.753538482000067, 45.25202315200005], [8.754055338000057, 45.25208317900007], [8.754195017000029, 45.25257245700004], [8.754278173000046, 45.25359771900003], [8.754424097000026, 45.253606869000066], [8.754682494000065, 45.25364571800003], [8.755007745000057, 45.253655253000034], [8.755120813000076, 45.25354650700007], [8.755075825000063, 45.25334021500004], [8.755234450000046, 45.25330520800003], [8.755880814000022, 45.253315428000064], [8.755942752000067, 45.25345989600004], [8.75591483900007, 45.25413438800007], [8.756030173000056, 45.254470438000055], [8.756526239000038, 45.254521573000034], [8.756278899000051, 45.25482150000005], [8.756037240000069, 45.254767962000074], [8.755933811000034, 45.25457332900004], [8.754591770000047, 45.25437604100006], [8.754519021000021, 45.25480594900006], [8.75463803200006, 45.25622305700006], [8.754988359000038, 45.25622380900006], [8.755288587000052, 45.256236235000074], [8.755943049000052, 45.256311276000076], [8.756188885000029, 45.25636482300007], [8.756205177000027, 45.25645617200007], [8.756170779000058, 45.25669764100007], [8.756144683000059, 45.25694796500005], [8.756081229000074, 45.25715696900005], [8.755734562000043, 45.25727405500004], [8.75514663000007, 45.25724333900007], [8.755125317000022, 45.25638022100003], [8.754287223000063, 45.25633423700003], [8.753415997000047, 45.256235153000034], [8.752395135000029, 45.256020858000056], [8.75056477000004, 45.25542627600004], [8.749758453000027, 45.25527133800006], [8.74896263200003, 45.25510169000006], [8.748924857000077, 45.25515610100007], [8.748895463000053, 45.25520169400005], [8.748826292000047, 45.255282548000025], [8.74874860600005, 45.25540314800003], [8.748667152000053, 45.25543242500004], [8.748562650000054, 45.255486689000065], [8.748431279000044, 45.25548640000005], [8.748374763000072, 45.25553487800005], [8.748269823000044, 45.25568782100004], [8.748164090000046, 45.25602044500005], [8.747957609000025, 45.25602882600003], [8.747937662000027, 45.255824060000066], [8.74801997000003, 45.25560184600005], [8.747959674000072, 45.25556194700005], [8.74778298900003, 45.255434894000075], [8.747775593000028, 45.25522131900004], [8.747463029000073, 45.25517055300003], [8.74733761400006, 45.25523802500004], [8.746977189000063, 45.255165059000035], [8.746842719000028, 45.25539304800003], [8.74708836700006, 45.25548637900005], [8.746913982000024, 45.25578055700004], [8.746766146000027, 45.255731627000046], [8.746373652000045, 45.256303683000056], [8.746371363000037, 45.25634933400005], [8.746408708000047, 45.25639213000005], [8.74640430200003, 45.25644514100003], [8.746445713000071, 45.25651151000005], [8.746614522000073, 45.25653397700006], [8.746700137000062, 45.25650765600005], [8.746756524000034, 45.25648863400005], [8.746894023000038, 45.25651839600005], [8.746931322000023, 45.256571500000064], [8.746989442000029, 45.25663201500004], [8.747041463000073, 45.25665716800006], [8.74717068600006, 45.256672182000045], [8.747279356000035, 45.25661940100008], [8.747440106000056, 45.256578518000026], [8.74755675800003, 45.25660675900008], [8.747775349000051, 45.256689720000054], [8.74763759800004, 45.25695212900007], [8.74759967500006, 45.25710279800006], [8.747542600000031, 45.257213713000056], [8.747481162000042, 45.25719571900004], [8.747331789000043, 45.25749216200006], [8.74686487300005, 45.25744694300005], [8.746730300000024, 45.25769702400004], [8.74654681800007, 45.25769072600008], [8.746812474000023, 45.25703738400006], [8.74603766100006, 45.25682946900008], [8.745850037000025, 45.25681726900007], [8.745887177000043, 45.25690572100007], [8.746016059000056, 45.256997322000075], [8.746186412000043, 45.25714203700005], [8.745323995000035, 45.258804403000056], [8.745231344000047, 45.25900450000006], [8.745114325000031, 45.25905726000008], [8.744972480000058, 45.25906578000007], [8.744827310000062, 45.259132607000026], [8.744147699000052, 45.258965395000075], [8.744256525000026, 45.258748996000065], [8.74396090600004, 45.25863639900007], [8.744095182000024, 45.25841565500008], [8.744373697000071, 45.25785687200005], [8.744468109000024, 45.25761946400007], [8.745100161000039, 45.25779502300003], [8.745589575000054, 45.25677176800008], [8.745485515000041, 45.256725879000044], [8.745323020000058, 45.256690168000034], [8.74517273300006, 45.25672223600003], [8.745135073000029, 45.25675013500006], [8.745011488000046, 45.25687357600003], [8.744756917000075, 45.25690982800006], [8.744634313000063, 45.25681382100004], [8.744484819000036, 45.25666915000005], [8.74423706500005, 45.25658022700003], [8.744072735000032, 45.25682397400004], [8.743079203000036, 45.25659359900004], [8.742793783000025, 45.256309773000055], [8.742460609000034, 45.25627745500003], [8.742379264000022, 45.256260637000025], [8.742418542000053, 45.256149022000045], [8.742438755000023, 45.25605996200005], [8.742376316000048, 45.25603331100007], [8.742017958000076, 45.25596475200007], [8.741592871000023, 45.25589604100003], [8.741563625000026, 45.255907758000035], [8.741421466000077, 45.25598696800006], [8.741270992000068, 45.256060269000045], [8.741070552000053, 45.25611578100006], [8.740849085000036, 45.256209539000054], [8.740635997000027, 45.256294479000076], [8.740448095000033, 45.25634412800008], [8.740176727000062, 45.25640536900005], [8.73985938800007, 45.256487125000035], [8.739538241000048, 45.25648933900004], [8.739301165000029, 45.25634740700008], [8.739142968000067, 45.25628518800005], [8.73910535300007, 45.25630277500005], [8.738942417000032, 45.256364261000044], [8.738775487000055, 45.25638744500003], [8.738679456000057, 45.256410790000075], [8.73854586300007, 45.25643994100005], [8.73854671500004, 45.25625436800004], [8.73842128800004, 45.25632183000005], [8.73825357100003, 45.25651585800006], [8.738169741000036, 45.25660698100006], [8.73796902600003, 45.25672140100005], [8.737856175000047, 45.256774163000046], [8.73770170000006, 45.25680915600003], [8.737613874000033, 45.25686197600004], [8.737563081000076, 45.25702387000007], [8.737462254000036, 45.25718270200008], [8.737295321000033, 45.25720588300004], [8.737128605000066, 45.25718193500006], [8.736983652000049, 45.25696067800004], [8.737196639000047, 45.25689931000005], [8.737106244000074, 45.25660453800003], [8.736743432000026, 45.25659781100006], [8.736584814000025, 45.25662690200005], [8.736468896000076, 45.25644105900005], [8.73659421800005, 45.25639716300003], [8.73652800700006, 45.25628507700003], [8.736398760000043, 45.25627594200006], [8.735969262000026, 45.25626022100005], [8.735922799000036, 45.256386776000056], [8.735866053000052, 45.25648237900003], [8.735776031000057, 45.25655875600006], [8.735641957000041, 45.256691000000046], [8.735518111000033, 45.256865979000054], [8.735505087000035, 45.25697641000005], [8.735492370000031, 45.25702056600005], [8.735450294000032, 45.25710000000004], [8.735431178000056, 45.25717507000007], [8.735442972000044, 45.25732974300007], [8.736003751000055, 45.257367861000034], [8.735996553000064, 45.25757109300008], [8.735675420000064, 45.25756887800003], [8.73569690200003, 45.25775648200005], [8.735616525000069, 45.25781638600006], [8.73558975800006, 45.25782863300003], [8.73552931100005, 45.25782260100004], [8.735473260000049, 45.25776797700007], [8.73536125000004, 45.25763884500003], [8.73518406200003, 45.25717597000005], [8.735071620000042, 45.25714036100004], [8.734875437000028, 45.25717525400006], [8.734771117000037, 45.25718679400006], [8.734662434000029, 45.25723956300004], [8.734545053000033, 45.25736889900003], [8.734414747000073, 45.257586573000026], [8.734380242000043, 45.25783098000005], [8.734374588000037, 45.25814909600007], [8.73429029500005, 45.25833742100008], [8.734163374000047, 45.258723004000046], [8.734069913000042, 45.259088046000045], [8.73391383400002, 45.259464723000065], [8.733704373000023, 45.25966159400008], [8.733479052000064, 45.25968168700007], [8.733172552000042, 45.25922439800007], [8.732965036000053, 45.25900593600005], [8.732958283000073, 45.25866717100007], [8.732957120000037, 45.25830352100007], [8.733135634000064, 45.25825754400006], [8.733359878000044, 45.25796479300004], [8.73296891900003, 45.257788246000075], [8.733297805000063, 45.25731762000004], [8.733241749000058, 45.25727399800007], [8.732760193000047, 45.25718988400007], [8.73276121200007, 45.257111413000075], [8.732750165000027, 45.25679915000006], [8.732780714000057, 45.25651054900004], [8.73269031500007, 45.256221665000055], [8.732680208000033, 45.25570910000005], [8.732594204000065, 45.25537309600003], [8.732575563000069, 45.254901750000045], [8.73247073500005, 45.25457822100003], [8.732497550000062, 45.25441848200006], [8.73256407100007, 45.25424042700007], [8.732477163000055, 45.25409736000006], [8.732410859000026, 45.25400736300003], [8.732295504000035, 45.25326184600004], [8.732681411000044, 45.253230348000045], [8.732658566000055, 45.25276635500006], [8.732126806000053, 45.252775419000045], [8.732036333000053, 45.25250420800006], [8.731945877000044, 45.25178673200003], [8.732165063000025, 45.251734225000064], [8.73215569000007, 45.251510334000045], [8.732228854000027, 45.25147074000006], [8.732229089000043, 45.25142066400008], [8.732110351000074, 45.251396820000025], [8.732083999000054, 45.251236222000045], [8.73214047600004, 45.251198061000025], [8.732124682000062, 45.251009502000045], [8.732075276000046, 45.25087388700007], [8.732002300000033, 45.25087371600006], [8.731818474000022, 45.250502133000055], [8.731937455000036, 45.250474429000064], [8.731995414000039, 45.25056440700007], [8.732097630000055, 45.25055433700004], [8.732266658000071, 45.250525277000065], [8.732131967000043, 45.25034675000006], [8.732046389000061, 45.250365696000074], [8.731873823000058, 45.25026072000003], [8.73187211800007, 45.25017971200003], [8.731663843000035, 45.25013062000005], [8.731514493000077, 45.25007651100003], [8.730358876000025, 45.250179831000025], [8.730342025000027, 45.25021587500004], [8.731305638000038, 45.25015039600004], [8.731184900000073, 45.250992566000036], [8.731268193000062, 45.25101632800005], [8.73122190500004, 45.25110458800003], [8.731116774000043, 45.251289916000076], [8.730978922000077, 45.251339667000025], [8.730949327000076, 45.251425021000045], [8.730882201000043, 45.25151028600004], [8.730769286000054, 45.25157777000004], [8.73071428000003, 45.25174554100005], [8.730396451000047, 45.25193331300005], [8.730086096000036, 45.25230373000005], [8.730206629000065, 45.25238943900007], [8.730296633000023, 45.25275785700006], [8.730116724000027, 45.25288114800003], [8.730212683000047, 45.25375328500007], [8.728826413000036, 45.25410937000004], [8.728738555000064, 45.25416807400006], [8.728796786000032, 45.25420061400007], [8.728833745000031, 45.25432147300006], [8.728866800000048, 45.254386356000055], [8.728721149000023, 45.25519606100005], [8.72824999900007, 45.25517137500003], [8.728479372000038, 45.25429706600005], [8.72803219800005, 45.254493360000026], [8.726588775000039, 45.25502012900006], [8.726290291000055, 45.25508127200004], [8.726240103000066, 45.25511060900004], [8.727517462000037, 45.25529923900007], [8.727681632000042, 45.25541745600003], [8.727672476000066, 45.25558828100003], [8.727778471000022, 45.255662175000055], [8.728011619000029, 45.25574668100006], [8.727946230000043, 45.25590264400006], [8.72760021800002, 45.25587236300004], [8.727087823000033, 45.255750368000065], [8.727130310000064, 45.25558698700007], [8.727001125000072, 45.255566058000056], [8.727060563000066, 45.25534675100005], [8.726204110000026, 45.25522393000006], [8.726014819000056, 45.255573868000056], [8.725812119000068, 45.25608274800004], [8.72570324700007, 45.25604950300004], [8.725577986000076, 45.25604090100006], [8.726040921000049, 45.25501071600007], [8.726320387000044, 45.25413358600008], [8.726390468000034, 45.25256667200006], [8.725652571000069, 45.25251482700003], [8.725462226000047, 45.25307109500005], [8.72526494300007, 45.25333572800008], [8.724423079000076, 45.25322176600008], [8.72435340800007, 45.25296827200003], [8.722153169000023, 45.25261830100004], [8.722205080000037, 45.252235495000036], [8.721563524000032, 45.25209843300007], [8.721700309000028, 45.25141537800005], [8.72132963100006, 45.25046597700003], [8.721289917000036, 45.250059382000074], [8.719082239000045, 45.24955321400006], [8.718866124000044, 45.24940540000006], [8.71266713700004, 45.24819404200008], [8.711593378000032, 45.24777894600004], [8.710995179000065, 45.247329696000065], [8.711446332000037, 45.24717177200006], [8.711788113000068, 45.247202092000066], [8.712204625000027, 45.24729740200007], [8.712787458000037, 45.24748739000006], [8.712986278000074, 45.24775299800007], [8.71305985400005, 45.248047747000044], [8.716517826000029, 45.248674967000056], [8.716697001000057, 45.24857134800004], [8.717038521000063, 45.24781663700003], [8.720681623000075, 45.248219953000046], [8.720861414000069, 45.247908891000066], [8.722811673000024, 45.24799843200003], [8.72307111300006, 45.24791529300006], [8.72322097700004, 45.24793451600004], [8.723326697000061, 45.24789997600004], [8.72330627100007, 45.247759089000056], [8.723218298000063, 45.24752027800008], [8.723347811000053, 45.247416206000025], [8.72345778600004, 45.24747115100007], [8.723756180000066, 45.247367487000076], [8.723695902000031, 45.24722153100004], [8.723508434000053, 45.247184625000045], [8.723382643000036, 45.247005373000036], [8.723406741000076, 45.246872877000044], [8.723674454000047, 45.24680724900003], [8.723895385000048, 45.24671499500005], [8.724008126000058, 45.24676391600008], [8.724149986000043, 45.24674658600003], [8.724384096000051, 45.24662343400007], [8.724792455000056, 45.24668333200003], [8.724843859000032, 45.24640067300004], [8.725315195000064, 45.24550633200005], [8.726573049000024, 45.24580391500007], [8.726791910000031, 45.24538026600004], [8.727417372000048, 45.24538176000004], [8.72771356100003, 45.24448110000003], [8.728222403000075, 45.24445285500008], [8.728195305000042, 45.24488874600007], [8.72811873300003, 45.24520669300006], [8.728426648000038, 45.245342925000045], [8.728634154000076, 45.245549614000026], [8.728481488000057, 45.24608535800007], [8.727957977000074, 45.245689396000046], [8.72734166600003, 45.24726090000007], [8.727774658000044, 45.24740332400006], [8.72811125800007, 45.246773758000074], [8.728453354000067, 45.246739224000066], [8.729194859000074, 45.24689415800003], [8.73006093400005, 45.247161317000064], [8.730234647000032, 45.24746218200005], [8.730434635000051, 45.24749800300003], [8.729972490000023, 45.24646593500006], [8.730859554000062, 45.24581998800005], [8.732066519000057, 45.246305911000036], [8.732240600000068, 45.246530188000065], [8.732765419000032, 45.246655135000026], [8.732447128000047, 45.24694895400006], [8.73167465900002, 45.24805470300004], [8.732024546000048, 45.248138002000076], [8.732620438000026, 45.24733818400006], [8.733163655000055, 45.24709791200007], [8.734247439000058, 45.24718291700003], [8.734519413000044, 45.24698324500008], [8.734961010000063, 45.247072641000045], [8.734295043000031, 45.245916401000045], [8.733727621000071, 45.245985774000076], [8.732790990000069, 45.246537369000066], [8.732483003000027, 45.246412931000066], [8.732727036000028, 45.24594809000007], [8.733487921000062, 45.245525695000026], [8.734480818000065, 45.24542196500005], [8.73470541000006, 45.24554620400005], [8.73654201100004, 45.24513806500005], [8.736897164000027, 45.244078451000064], [8.733723822000059, 45.24501370300004], [8.733231989000046, 45.24497131600003], [8.732332684000028, 45.24468053900006], [8.731841103000022, 45.24458512600006], [8.73170725700004, 45.24467318000006], [8.731405901000073, 45.24491401500006], [8.731038355000067, 45.24504275900006], [8.730679842000029, 45.24502424000008], [8.730347936000044, 45.24466997900004], [8.73060810000004, 45.24432300800004], [8.731658886000048, 45.24431959000003], [8.732600098000034, 45.24456334000007], [8.735406615000045, 45.243603705000055], [8.735018313000069, 45.24281926300006], [8.734759882000048, 45.242800989000045], [8.734534616000076, 45.242824031000055], [8.733983437000063, 45.242993596000076], [8.733207841000024, 45.24300356900005], [8.732996597000067, 45.241813034000074], [8.73351457700005, 45.241608049000035], [8.73466458400003, 45.24177568300007], [8.735681237000051, 45.243728058000045], [8.735713091000036, 45.24405215200005], [8.737132539000072, 45.243672494000066], [8.737549529000034, 45.24366756100005], [8.737848874000065, 45.243856771000026], [8.737638684000046, 45.24422743900004], [8.737270858000045, 45.24442100600004], [8.73697609900006, 45.24504480400003], [8.740014186000053, 45.24449797900007], [8.739857029000063, 45.24421484000004], [8.738738315000035, 45.24448328600005], [8.738340054000048, 45.24404052700004], [8.739417710000055, 45.243630600000074], [8.73921017300006, 45.24342393200004], [8.73887684600004, 45.24337014900004], [8.738276153000072, 45.243427686000075], [8.737216801000045, 45.24348416700008], [8.737732189000042, 45.24203020200008], [8.739078430000063, 45.23941166000003], [8.74042926200002, 45.23942063000004], [8.741472205000036, 45.23928749500004], [8.742832277000048, 45.23909615300005], [8.743624469000054, 45.23909204300003], [8.74405050300004, 45.238922151000054], [8.744651356000077, 45.238817452000035], [8.74572757900006, 45.238696136000044], [8.746593818000065, 45.23891603900006], [8.746433971000044, 45.239233814000045], [8.746340541000052, 45.23961654100003], [8.746479915000066, 45.24015295800007], [8.746769233000066, 45.24072505600003], [8.74910120100003, 45.24139002700008], [8.749217012000031, 45.24160236800003], [8.749483704000056, 45.24163830100008], [8.749666255000022, 45.24184489700008], [8.75124971300005, 45.24206633400007], [8.751258361000055, 45.241995658000064], [8.75144292400006, 45.24174273400007], [8.751660404000063, 45.24159003300008], [8.751902567000059, 45.241513972000064], [8.752052694000042, 45.241508407000026], [8.752627596000025, 45.241621588000044], [8.752844639000045, 45.241569036000044], [8.75318610200003, 45.24166992700003], [8.75330996300005, 45.24195297700004], [8.75317442100004, 45.24244166100004], [8.752931745000069, 45.242635549000056], [8.752672645000075, 45.242770488000076], [8.751830034000022, 45.24285113800005], [8.75161367800007, 45.24274462500006], [8.751523206000059, 45.24245575500004], [8.751490749000027, 45.24224948900007], [8.749640850000048, 45.24193321000007], [8.749565411000049, 45.24202141400008], [8.749256167000055, 45.24217980100008], [8.748972588000072, 45.24219096000007], [8.748538672000052, 45.24225481000008], [8.74830494500003, 45.24230731600005], [8.747596647000023, 45.24218792800008], [8.74746329900006, 45.24216995900008], [8.747238224000057, 45.24215178800006], [8.747014300000046, 45.241874401000075], [8.747298843000067, 45.24164527100004], [8.747374025000056, 45.24161598000006], [8.74749077100006, 45.24161623900005], [8.747674540000048, 45.241545949000056], [8.747725617000071, 45.24131041100003], [8.747417390000066, 45.241239033000056], [8.747041643000045, 45.24135013700004], [8.746899253000038, 45.24149121200003], [8.746739793000074, 45.241720618000045], [8.746622235000075, 45.24190298800005], [8.746363019000057, 45.24206147700005], [8.746170749000044, 45.24216709400008], [8.745986712000047, 45.24229629300004], [8.745977954000068, 45.24239053500003], [8.746010916000046, 45.242478977000076], [8.746118590000037, 45.24264417200004], [8.74640209200004, 45.242650694000076], [8.746760936000044, 45.24259257700004], [8.747681852000028, 45.242719806000025], [8.748006805000045, 45.24278238200003], [8.748312846000033, 45.24287879000008], [8.748527272000047, 45.242948485000056], [8.748752080000031, 45.24302851200008], [8.748966333000055, 45.243137972000056], [8.74913022100003, 45.24332243500004], [8.74917160700005, 45.243393221000076], [8.749192014000073, 45.24349341800007], [8.749174985000025, 45.24357291300004], [8.74915370900004, 45.24367007200004], [8.749132408000037, 45.24377312400003], [8.749098727000046, 45.243846690000055], [8.749073592000059, 45.243873145000066], [8.748998382000025, 45.24390832800003], [8.748914510000077, 45.24401713300006], [8.748914185000046, 45.24409077300004], [8.749143141000047, 45.244176700000025], [8.74944291600002, 45.244277510000074], [8.750001046000023, 45.24441717800005], [8.750146571000073, 45.244511757000055], [8.750154640000062, 45.24457363400006], [8.750141757000051, 45.24465902900005], [8.750128394000058, 45.244853412000055], [8.750148571000068, 45.245006630000034], [8.750339825000026, 45.24513371100005], [8.750518543000055, 45.24526665600007], [8.75072650200002, 45.245387881000056], [8.750934578000056, 45.245482596000045], [8.751055167000061, 45.24555944600007], [8.751050507000059, 45.245671370000025], [8.751003894000064, 45.24584211500007], [8.750882249000028, 45.246006806000025], [8.75068592100007, 45.24608591000003], [8.749777847000075, 45.24586889300008], [8.74969862100005, 45.24586871900004], [8.74949285100007, 45.24619818000008], [8.749113657000066, 45.246138435000034], [8.74898347200002, 45.24634728900003], [8.749570886000072, 45.24646935000004], [8.74955748800005, 45.246490648000076], [8.748948061000021, 45.24633984700006], [8.748599978000072, 45.246920415000034]], [[8.718814501000054, 45.248141039000075], [8.718809545000056, 45.249145491000036], [8.719080408000025, 45.249184451000076], [8.719647647000045, 45.249162280000064], [8.719577472000026, 45.24816942700005], [8.718814501000054, 45.248141039000075]], [[8.741469378000033, 45.24094533600004], [8.742977622000069, 45.24119028300004], [8.743163439000057, 45.240666376000036], [8.741496798000071, 45.24041518200005], [8.741469378000033, 45.24094533600004]], [[8.725730516000056, 45.24769244600003], [8.72655767200007, 45.24737924500005], [8.72684152200003, 45.24731806600005], [8.726966731000061, 45.24729480000008], [8.727067993000048, 45.24704760800006], [8.725142942000048, 45.24761150000006], [8.724757277000037, 45.24889487200005], [8.725278002000039, 45.249005114000056], [8.725367219000077, 45.24866363500007], [8.725025522000067, 45.24861273700003], [8.72519025300005, 45.24817717800005], [8.725561252000034, 45.24820458000005], [8.725730516000056, 45.24769244600003]], [[8.746044857000072, 45.252758795000034], [8.745840367000028, 45.25279074200006], [8.745727257000055, 45.252905371000054], [8.745631392000064, 45.25289337400005], [8.74547171100005, 45.253164018000064], [8.745679740000071, 45.25327347000007], [8.745432362000031, 45.253570428000046], [8.745173958000066, 45.25353450500006], [8.745148554000025, 45.25361987100007], [8.744977555000048, 45.25362243500007], [8.744805516000042, 45.25385770200006], [8.744455482000035, 45.25379506100006], [8.744278806000068, 45.25413341400008], [8.744178624000028, 45.25415380900006], [8.744127932000026, 45.254298032000065], [8.744219284000053, 45.254386606000025], [8.744198114000028, 45.254457254000044], [8.744406741000034, 45.25443415600006], [8.744915861000038, 45.254361653000046], [8.745337401000029, 45.25428895200008], [8.745664271000066, 45.25393620400007], [8.745992712000032, 45.25322998100006], [8.746173533000047, 45.25289458100008], [8.746044857000072, 45.252758795000034]], [[8.735408887000062, 45.24592138000003], [8.73563200500007, 45.246363743000074], [8.736373826000033, 45.24645382700004], [8.73687502100006, 45.24627824500004], [8.737292926000066, 45.24607890300007], [8.737402074000045, 45.24592008800005], [8.737094678000062, 45.24566605600006], [8.737028831000032, 45.245477384000026], [8.735718435000024, 45.24571001000004], [8.735334514000044, 45.24577392500004], [8.735408887000062, 45.24592138000003]], [[8.747174789000042, 45.24717047300004], [8.746962073000077, 45.247181785000066], [8.74649190200006, 45.24788769700007], [8.747074896000072, 45.24806867400008], [8.747386558000073, 45.248313851000034], [8.74778733100004, 45.24821164000008], [8.747775707000073, 45.24801131000004], [8.747869088000073, 45.24764036500005], [8.748619142000052, 45.24776279000008], [8.74897072500005, 45.24746605400003], [8.747292461000029, 45.24696453900003], [8.747174789000042, 45.24717047300004]], [[8.72847749300007, 45.254035084000066], [8.729930629000023, 45.25364970500004], [8.72988382400007, 45.25296620600005], [8.729609115000073, 45.25285362200003], [8.729593385000044, 45.25265328100005], [8.729435473000024, 45.252535081000076], [8.72930924600007, 45.25277043300008], [8.729132694000043, 45.25306457900007], [8.728657503000022, 45.253016321000075], [8.728564774000063, 45.25322229500006], [8.72691346800002, 45.25318890300008], [8.726776289000043, 45.25396622300008], [8.726463382000077, 45.25486094900003], [8.726872509000032, 45.25477355800007], [8.727557925000042, 45.254468849000034], [8.72847749300007, 45.254035084000066]], [[8.74058597000004, 45.24449578100007], [8.744015782000076, 45.243985087000056], [8.744254067000043, 45.24291929700007], [8.743896040000038, 45.242794778000075], [8.74396360000003, 45.24260640800003], [8.74452253100003, 45.24256052900006], [8.744557181000062, 45.24227193300004], [8.742756557000064, 45.24213239200003], [8.740993916000036, 45.24281179800005], [8.74136530100003, 45.24366687700007], [8.74027095300005, 45.24408267500007], [8.74058597000004, 45.24449578100007]], [[8.752085859000033, 45.253175620000036], [8.752031115000023, 45.25233894000007], [8.752048924000064, 45.25207976200005], [8.75081453200005, 45.252077076000035], [8.75004203800006, 45.25325364400004], [8.748883984000031, 45.25295653900008], [8.74821176200004, 45.25408029400006], [8.74937791700006, 45.25443633500004], [8.74921705600002, 45.254977980000035], [8.750583908000067, 45.25522251600006], [8.75216653700005, 45.25572082800005], [8.752899678000063, 45.25592272000006], [8.753412282000056, 45.25504602700005], [8.75412932200004, 45.255112378000035], [8.754082836000066, 45.25428749800005], [8.752399655000033, 45.253900929000054], [8.752585224000029, 45.25342413700008], [8.752085859000033, 45.253175620000036]]], [[[8.749228510000023, 45.24701359300008], [8.74955748800005, 45.246490648000076], [8.74956661300007, 45.24649290600007], [8.749228510000023, 45.24701359300008]]], [[[8.749131348000049, 45.24716266300004], [8.749132086000031, 45.24716208600006], [8.749228510000023, 45.24701359300008], [8.749134164000054, 45.24716356300007], [8.749131348000049, 45.24716266300004]]]]}, "properties": {"OBJECTID": 17, "GisId": "{F5A4600B-9725-4449-AFE7-92E149857338}", "GisDescription": "MORTARA CENTRO", "GisCode": "DMR10", "Shape_Length": 0.34707001597844384, "Shape_Area": 0.00033662294194385594, "codice_distretto": "DMR10"}}, {"type": "Feature", "id": 18, "geometry": {"type": "Polygon", "coordinates": [[[9.014717400000052, 45.300806710000074], [9.016640141000039, 45.29967443400005], [9.020619768000074, 45.29407562800003], [9.023123803000033, 45.29262865600003], [9.024666467000031, 45.293131955000035], [9.025215900000035, 45.29367486600006], [9.026030271000025, 45.296481924000034], [9.026074987000072, 45.298479230000055], [9.025091258000032, 45.30031920400006], [9.024219318000064, 45.30165590100006], [9.02462175200003, 45.302426453000066], [9.026320918000067, 45.30303974200007], [9.026678638000021, 45.30366874900005], [9.02620913100003, 45.304360650000035], [9.026007915000037, 45.305319861000044], [9.02598555700007, 45.30627905500006], [9.027528221000068, 45.30728540600006], [9.028444877000027, 45.30822884400004], [9.027885940000033, 45.30951032200005], [9.026442777000057, 45.30995336700005], [9.025793073000045, 45.309245479000026], [9.02314371400007, 45.308019029000036], [9.022776125000064, 45.308272662000036], [9.022660235000046, 45.30867746200005], [9.02248022200007, 45.30881312200006], [9.022552640000072, 45.30895164400005], [9.022066366000047, 45.30975550900007], [9.021716659000049, 45.309839811000074], [9.02168908300007, 45.30994320700006], [9.021080393000034, 45.31065459700005], [9.021004386000072, 45.31080602000003], [9.020586581000032, 45.31120843200006], [9.019880946000058, 45.311393397000074], [9.019750971000065, 45.31168159500004], [9.019600058000037, 45.311933159000034], [9.019516218000035, 45.31225154500004], [9.019200505000072, 45.31245246000003], [9.019200504000025, 45.31245246000003], [9.019426788000033, 45.31280183800004], [9.019723025000076, 45.31327351300007], [9.019493861000058, 45.31352507100007], [9.019124963000024, 45.313666573000035], [9.01876724300007, 45.31402032300008], [9.018527949000031, 45.31386555800003], [9.018038879000073, 45.313629723000076], [9.01800180400005, 45.31362226600004], [9.017941065000059, 45.313437124000075], [9.017650419000063, 45.31315215500007], [9.017343003000065, 45.312922214000025], [9.017018821000022, 45.31266279100004], [9.016605207000055, 45.312466259000075], [9.016174827000043, 45.312670653000055], [9.015861822000033, 45.31254487100006], [9.015615891000039, 45.312717820000046], [9.01545872500003, 45.31268393800008], [9.015498514000058, 45.31227758700004], [9.014201781000054, 45.31120843200006], [9.013767209000036, 45.311217276000036], [9.01372058000004, 45.311187532000076], [9.013743453000075, 45.311147505000065], [9.013776990000054, 45.31079177000004], [9.013905545000057, 45.31050875400007], [9.013709917000028, 45.31031614400007], [9.013363377000076, 45.310060641000064], [9.013268358000062, 45.309761897000044], [9.013201927000068, 45.309650085000044], [9.013248795000038, 45.309615472000075], [9.012703832000057, 45.30850990700003], [9.012295808000033, 45.30690606100006], [9.012608813000043, 45.30517637300005], [9.014717400000052, 45.300806710000074]]]}, "properties": {"OBJECTID": 18, "GisId": "{687459A8-F574-4BBD-9EBD-58346473CCCA}", "GisDescription": "TORRE", "GisCode": "DCSP03", "Shape_Length": 0.06570362847407543, "Shape_Area": 0.00018958586684049463, "codice_distretto": "DCSP03"}}, {"type": "Feature", "id": 19, "geometry": {"type": "Polygon", "coordinates": [[[9.257684569000048, 45.30909750500007], [9.257346274000042, 45.30927405500006], [9.257006088000026, 45.309061616000065], [9.25667511000006, 45.308834767000064], [9.256647229000066, 45.30881782600005], [9.25647132000006, 45.308860078000066], [9.256378490000031, 45.30882758600006], [9.25634861900005, 45.308780564000074], [9.256337209000037, 45.30871649800008], [9.256403427000066, 45.308602552000025], [9.256453315000044, 45.308567124000035], [9.256490136000025, 45.30851079800004], [9.256410093000056, 45.30843642100007], [9.25635802000005, 45.308398606000026], [9.256222562000062, 45.30836751700008], [9.255855119000046, 45.30827416400007], [9.255862109000077, 45.30817997200006], [9.25582104700004, 45.30811728000003], [9.255672556000036, 45.30807314100008], [9.255594563000045, 45.308041923000076], [9.255505578000054, 45.30803950600006], [9.255368515000043, 45.30806335700004], [9.255165097000031, 45.308171068000036], [9.254894724000053, 45.30822922300007], [9.254713348000053, 45.30829241200007], [9.254498725000076, 45.30838183600008], [9.254287340000076, 45.308366610000064], [9.254131155000039, 45.308259701000054], [9.254230748000055, 45.30814699100006], [9.254256313000042, 45.30806060500004], [9.254200448000063, 45.308003178000035], [9.253962482000077, 45.30784674700004], [9.253795294000042, 45.30776602200007], [9.253427613000042, 45.307617726000046], [9.253139858000054, 45.30793490100007], [9.252874914000074, 45.30838021000005], [9.252653291000058, 45.308563821000064], [9.252572125000029, 45.30865294500006], [9.252640158000077, 45.308945788000074], [9.252967123000076, 45.30910725700005], [9.253034693000075, 45.30929546100003], [9.252969614000051, 45.309667078000075], [9.252875129000074, 45.31009631400008], [9.252594600000066, 45.31037423200007], [9.252261373000067, 45.31047437600006], [9.251934425000059, 45.31031813700008], [9.251468565000039, 45.31060692500006], [9.251099555000053, 45.31100013900004], [9.250856224000074, 45.31130936200003], [9.250420748000067, 45.31176550400005], [9.250238135000075, 45.312393746000055], [9.249734691000072, 45.31257273700004], [9.249319858000035, 45.31266782000006], [9.248504743000069, 45.31279516500007], [9.247644724000054, 45.31282842500008], [9.247258227000032, 45.31261998200006], [9.24703418300004, 45.31225422500006], [9.24694415700003, 45.31201374700004], [9.247279970000022, 45.31079919100006], [9.247559640000077, 45.31031723900003], [9.247854499000027, 45.309918966000055], [9.248310331000027, 45.30902853200007], [9.24854558800007, 45.30856760200004], [9.248854894000033, 45.30808558200005], [9.249164699000062, 45.30771866500004], [9.249445072000071, 45.307404131000055], [9.249651758000027, 45.307194399000025], [9.249888191000025, 45.30700552900004], [9.249294468000073, 45.306876026000054], [9.248663011000076, 45.30659487300005], [9.248224538000045, 45.30636038500006], [9.248135407000063, 45.30632395500004], [9.247868150000045, 45.30624605500003], [9.24771920400002, 45.306094649000045], [9.247769851000044, 45.30580677700004], [9.247923953000054, 45.30544020100007], [9.248130340000046, 45.30516245500007], [9.248255535000055, 45.30496859900006], [9.248058798000045, 45.30405865400007], [9.247708404000036, 45.303614691000064], [9.24766967000005, 45.30323283800004], [9.247794180000028, 45.30288202100007], [9.24786754300004, 45.302703973000064], [9.248111012000038, 45.30243137900004], [9.24828812100003, 45.30224264100008], [9.248605380000072, 45.30189140400006], [9.249167494000062, 45.30158672200008], [9.249419558000056, 45.30158617200004], [9.249916159000065, 45.30155892600004], [9.250153512000054, 45.30158456600003], [9.250324027000033, 45.30158419300005], [9.250687504000041, 45.30163048400004], [9.25079205700007, 45.30180291100004], [9.250622141000065, 45.30193931800005], [9.25054814200007, 45.30197087200003], [9.250399913000024, 45.30198166100007], [9.250155169000038, 45.30196126900006], [9.249984676000054, 45.30196687500006], [9.25008176800003, 45.302128855000035], [9.250312492000035, 45.30233239900008], [9.250468572000045, 45.30242100100003], [9.25073588400005, 45.30251459100003], [9.251159117000043, 45.30266015800004], [9.251491583000075, 45.30239782500007], [9.251451947000021, 45.30181715700007], [9.252404530000035, 45.30096223400005], [9.253726078000057, 45.299729779000074], [9.25455680500005, 45.29982210700007], [9.256452986000056, 45.301094481000064], [9.256143853000026, 45.30159221800005], [9.25520644900007, 45.30251515400005], [9.254446478000034, 45.303333046000034], [9.255382931000042, 45.30384369400008], [9.25559791400002, 45.30383798200006], [9.25578917100006, 45.30350270300005], [9.256234053000071, 45.30351217000003], [9.256590795000022, 45.30370495500006], [9.256480623000073, 45.303935411000055], [9.256318672000077, 45.30419214400007], [9.256186350000064, 45.304443579000065], [9.255555686000037, 45.304340351000064], [9.255540859000064, 45.30434038400006], [9.255304032000026, 45.30443509000003], [9.255201057000022, 45.30461844100006], [9.255135222000035, 45.30481740500005], [9.255061927000042, 45.30500592200008], [9.255500393000034, 45.30523515100003], [9.255775164000056, 45.30533394500003], [9.256020655000043, 45.30551651600007], [9.255970569000056, 45.30591949400008], [9.256201329000021, 45.30612302600008], [9.256106334000037, 45.30643192800005], [9.256054929000072, 45.30654191700006], [9.256233343000076, 45.306646156000056], [9.255886047000047, 45.30690853700003], [9.255384713000069, 45.30754273400004], [9.255644924000023, 45.30769911300007], [9.255999193000036, 45.30733730900005], [9.256221909000033, 45.30739959400006], [9.256310575000043, 45.30733137900006], [9.256221107000044, 45.30722170700005], [9.25639839300004, 45.30707481200005], [9.256591096000022, 45.30705868300004], [9.257029443000022, 45.30725651500006], [9.257309440000029, 45.306868715000064], [9.257665518000067, 45.306909768000025], [9.257851612000024, 45.30707154000004], [9.257741227000054, 45.30725491100003], [9.25782378100007, 45.307474470000045], [9.257803008000053, 45.30779890200006], [9.257878102000063, 45.30800801400005], [9.258101392000071, 45.30819586200005], [9.25829512100006, 45.308404705000044], [9.258051959000056, 45.30874010400004], [9.257684569000048, 45.30909750500007]]]}, "properties": {"OBJECTID": 19, "GisId": "{77F65C0B-920E-4FCE-95D2-B58C16318263}", "GisDescription": "FRAZ. GRASSA", "GisCode": "DLD01", "Shape_Length": 0.058739403133462265, "Shape_Area": 7.439385978792971e-05, "codice_distretto": "DLD01"}}, {"type": "Feature", "id": 20, "geometry": {"type": "Polygon", "coordinates": [[[8.85230731200005, 45.268079466000074], [8.852411517000064, 45.26810627100008], [8.853463993000048, 45.26821149300008], [8.853546837000067, 45.26785036800004], [8.854571497000052, 45.267958296000074], [8.854559720000054, 45.26783897300004], [8.85469515400007, 45.26777624400006], [8.854795213000045, 45.267779922000045], [8.85484514500007, 45.26797584700006], [8.85634755600006, 45.26797923000004], [8.856898121000029, 45.267968051000025], [8.856923706000032, 45.26782118600005], [8.85771274900003, 45.267816237000034], [8.857954550000045, 45.26764125900007], [8.85797386400003, 45.26759325000006], [8.858028644000058, 45.26753396500004], [8.858123431000024, 45.26744208700006], [8.858217383000067, 45.267451434000066], [8.858264086000077, 45.26749419500004], [8.858234535000065, 45.26754757500004], [8.858139634000054, 45.267685451000034], [8.858289627000033, 45.26820793700006], [8.85846405500007, 45.26904501900003], [8.858672522000063, 45.269715957000074], [8.858840498000063, 45.26976958200004], [8.859075745000041, 45.269811419000064], [8.859680567000055, 45.269960543000025], [8.859915788000023, 45.27001425000003], [8.859755779000068, 45.270138693000035], [8.858730756000057, 45.26995937200007], [8.858661480000023, 45.27077834800008], [8.858420152000065, 45.27149027400003], [8.858373441000026, 45.27168311100007], [8.858212987000059, 45.27198264000003], [8.858057193000036, 45.27209818400007], [8.857683160000022, 45.272088815000075], [8.857376381000051, 45.27207656200005], [8.856905444000063, 45.27216203300003], [8.856741502000034, 45.272173698000074], [8.85631287700005, 45.272146451000026], [8.856018985000048, 45.27202441000003], [8.855556714000045, 45.27200602000005], [8.855401028000074, 45.27207704600005], [8.855320880000022, 45.272192681000035], [8.854766305000055, 45.27211185200008], [8.854736803000037, 45.27214445800007], [8.854698817000042, 45.27220672900006], [8.854677492000064, 45.27232837500003], [8.854715122000073, 45.272405580000054], [8.854773781000063, 45.27247687700003], [8.854933059000075, 45.272646234000035], [8.855378446000032, 45.27269428000005], [8.855390836000026, 45.272780356000055], [8.855344175000027, 45.272949451000045], [8.855352437000022, 45.273005846000046], [8.855512043000033, 45.27304759400005], [8.855675890000043, 45.27307451000007], [8.855852316000039, 45.27311331100003], [8.855919329000074, 45.27320539200008], [8.855910579000067, 45.27334189000004], [8.85588913600003, 45.27351101800008], [8.855796144000067, 45.273718632000055], [8.85573705400003, 45.27381648900007], [8.855661130000044, 45.27392322700007], [8.85550119000004, 45.274012053000035], [8.854782605000025, 45.27396069200006], [8.85453843700003, 45.27411469700007], [8.854480078000051, 45.27557023400004], [8.854589305000047, 45.27559114600007], [8.854605770000035, 45.27572767700008], [8.85468142600007, 45.27572777300003], [8.85480766400002, 45.27567154900004], [8.854975826000043, 45.27565692500008], [8.855076791000045, 45.275621441000055], [8.855421705000026, 45.27552098000007], [8.855531316000054, 45.27539054500005], [8.855590416000041, 45.275289721000036], [8.855910378000033, 45.27508239200006], [8.855952544000047, 45.27502902800006], [8.85635645800005, 45.27486335100008], [8.856533091000074, 45.27482202600004], [8.85680241600005, 45.27469179000008], [8.857088179000073, 45.27470995300007], [8.857533361000037, 45.27484701900005], [8.857911149000074, 45.27504335200007], [8.857944137000061, 45.275298607000025], [8.857624286000032, 45.27546439500003], [8.85742226900004, 45.27557097700003], [8.856883807000031, 45.27575429400008], [8.856429644000059, 45.27584275300006], [8.855630580000025, 45.276025737000055], [8.854765103000034, 45.275879228000065], [8.854729576000068, 45.27580054100008], [8.854567834000022, 45.27576917500005], [8.85456747400002, 45.27591013600005], [8.854565867000076, 45.27653926600004], [8.85451428500005, 45.27698730900005], [8.854312196000024, 45.27711762600006], [8.854323993000037, 45.27743517500005], [8.854358239000021, 45.278835928000035], [8.854690259000051, 45.27885415700007], [8.854866875000027, 45.278824705000034], [8.854888036000034, 45.27876834800003], [8.854909204000023, 45.27870902300003], [8.855144577000033, 45.278715256000055], [8.855413622000071, 45.27870372700005], [8.855430006000063, 45.27887290100006], [8.854320219000044, 45.27891007000005], [8.854256803000055, 45.27905243400005], [8.855967435000025, 45.27911098800007], [8.855958616000066, 45.27927419500003], [8.85585476600005, 45.28044626800005], [8.855724338000073, 45.280493585000045], [8.855291341000054, 45.28050787500007], [8.854249021000044, 45.28045016600004], [8.854230742000027, 45.28059717000008], [8.854149901000028, 45.28140264000007], [8.854114131000074, 45.28182844400004], [8.85402081500007, 45.28182585300004], [8.853938646000074, 45.28182228500003], [8.853932447000034, 45.281780731000026], [8.853882534000036, 45.28157441900004], [8.853750130000037, 45.28157128200007], [8.853373926000074, 45.281564864000075], [8.85318260300005, 45.28158835900007], [8.85314248100002, 45.281661014000065], [8.853131160000032, 45.28197556500004], [8.853097493000064, 45.28280496700006], [8.852849485000036, 45.282801680000034], [8.852340839000021, 45.28280250800003], [8.851666292000061, 45.28274821600007], [8.851275376000046, 45.282738805000065], [8.85088027200004, 45.28272345200003], [8.850111087000073, 45.282691286000045], [8.849081414000068, 45.28260683600007], [8.848324776000027, 45.28259989900005], [8.847614662000069, 45.28248618500004], [8.84757404000004, 45.28195789700004], [8.847314007000023, 45.28173794800006], [8.847358430000043, 45.28084772600005], [8.847232531000031, 45.28077040000005], [8.847330787000033, 45.27861605000004], [8.84727213900004, 45.27854178300004], [8.847222933000069, 45.278081737000036], [8.847290489000045, 45.27796905900004], [8.847488242000054, 45.27789513300007], [8.847870701000033, 45.27791048100005], [8.848135612000021, 45.277872255000034], [8.848320865000062, 45.27775676400006], [8.848825267000052, 45.277754465000044], [8.849123715000076, 45.277748925000026], [8.849325795000027, 45.27762752000007], [8.849607594000076, 45.27755963700008], [8.851444769000068, 45.27742849800006], [8.851374407000037, 45.277009974000066], [8.851155947000052, 45.27696814400008], [8.851143687000047, 45.276834585000074], [8.851429436000046, 45.27686166600006], [8.851499420000039, 45.27742560200005], [8.852361264000024, 45.27735846400003], [8.85407705800003, 45.27702236300007], [8.854127672000061, 45.276954172000046], [8.854274884000063, 45.27691578100007], [8.854268292000029, 45.27620651500007], [8.854339719000052, 45.27457442300005], [8.854176385000073, 45.274345708000055], [8.854100790000075, 45.27432187100004], [8.853995883000039, 45.27425645000005], [8.854021709000051, 45.27401907400008], [8.854261334000057, 45.27399860700007], [8.854282501000057, 45.27393928200007], [8.853996774000052, 45.27390924100007], [8.853964519000044, 45.27337503100006], [8.854087279000055, 45.27303391300006], [8.854310103000046, 45.273007488000076], [8.854365706000067, 45.27263067400003], [8.854197658000032, 45.27260375000003], [8.854063089000022, 45.27263325400003], [8.853927560000045, 45.27303667600006], [8.853347495000037, 45.27305967400008], [8.852195775000041, 45.27310270300006], [8.852230569000028, 45.27265167200005], [8.852190026000073, 45.272078871000076], [8.852041030000066, 45.27119136300007], [8.851885579000054, 45.271170389000076], [8.851933485000075, 45.27052647900007], [8.850988217000065, 45.270391708000034], [8.85061849300007, 45.27034671100006], [8.850648814000067, 45.27000250800006], [8.850998276000041, 45.26975962000006], [8.851808947000052, 45.269932796000035], [8.85199807600003, 45.26993007400006], [8.852108931000032, 45.269320374000074], [8.852179877000026, 45.26870320300003], [8.852244556000073, 45.26807118500005], [8.85230731200005, 45.268079466000074]], [[8.857073815000035, 45.269966956000076], [8.85772094300006, 45.270003375000044], [8.85796924300007, 45.26986717400007], [8.858347413000047, 45.26989732000004], [8.858364763000054, 45.26968070600003], [8.858210555000028, 45.26916118300005], [8.858118771000022, 45.268891017000044], [8.857900316000041, 45.268858101000035], [8.85755080000007, 45.269136622000076], [8.857331875000057, 45.26929066400004], [8.857100715000058, 45.26929631000007], [8.85704567700003, 45.269456492000074], [8.856923770000037, 45.26946821000007], [8.856855782000025, 45.269764886000075], [8.857048904000067, 45.26984525300003], [8.857073815000035, 45.269966956000076]], [[8.852048706000062, 45.27106747500005], [8.852952221000066, 45.27110128600003], [8.853058264000026, 45.270724536000046], [8.85363385200003, 45.27079946500004], [8.853527859000053, 45.271158410000055], [8.854351400000041, 45.27123958800007], [8.854415505000077, 45.270824205000054], [8.854003747000036, 45.27077916500008], [8.854063302000043, 45.27050028700006], [8.85437012400007, 45.27049177500004], [8.854425216000038, 45.270313789000056], [8.852219544000036, 45.270017163000034], [8.852048706000062, 45.27106747500005]]]}, "properties": {"OBJECTID": 20, "GisId": "{8EF4B4AE-6BFB-4D59-831E-5540BF95B05D}", "GisDescription": "ZONA INDUSTRIALE", "GisCode": "DGM01", "Shape_Length": 0.09164367995617768, "Shape_Area": 6.941516991582586e-05, "codice_distretto": "DGM01"}}, {"type": "Feature", "id": 21, "geometry": {"type": "Polygon", "coordinates": [[[9.00542983500003, 45.00187194000006], [9.005490223000038, 45.00188408200006], [9.005955493000044, 45.00211989400003], [9.006315353000048, 45.00229180800005], [9.006759685000077, 45.00259136300008], [9.006660563000025, 45.002750277000075], [9.006576129000052, 45.00292742500005], [9.006267725000043, 45.00326088800006], [9.006253069000024, 45.00355526000004], [9.005911604000062, 45.00381578300005], [9.005570100000057, 45.00369075700007], [9.005727953000076, 45.003289573000075], [9.005136788000073, 45.00346413900007], [9.00510747800007, 45.00419355300005], [9.00551878400006, 45.00465202300006], [9.006165125000052, 45.00525636100008], [9.006370866000054, 45.00621500700004], [9.005724577000024, 45.006256722000046], [9.004637634000062, 45.00631929300005], [9.004784546000053, 45.00665273200008], [9.005724703000055, 45.00752798500008], [9.006899959000066, 45.00877834200003], [9.005871773000024, 45.00929940900005], [9.004402861000074, 45.00948703800003], [9.005299127000058, 45.01186280100006], [9.005482802000074, 45.01238901200003], [9.005717876000062, 45.012717235000025], [9.005828124000061, 45.01343101200007], [9.005732817000023, 45.01523370700005], [9.004205121000041, 45.01723444600003], [9.003235545000052, 45.01810977100007], [9.003147463000062, 45.01933935300008], [9.002643411000065, 45.020661750000045], [9.001531446000058, 45.02256963600007], [9.001884093000058, 45.02323652100006], [9.001002528000072, 45.02350745600006], [9.000929069000051, 45.023882582000056], [9.000414817000035, 45.02435149200005], [8.999827091000043, 45.02463283700007], [8.999827088000075, 45.02583115400006], [8.999298123000074, 45.02571653100006], [8.99969483500007, 45.02785266300003], [8.999812388000066, 45.02767552200004], [9.000576471000045, 45.027342075000035], [9.000796884000067, 45.02769635900006], [9.001605062000067, 45.02798811500003], [9.003103870000075, 45.028269428000044], [9.004073711000046, 45.02868620300006], [9.004955419000055, 45.02930095700003], [9.006175120000023, 45.02992610600006], [9.006674713000052, 45.029738516000066], [9.007512062000046, 45.02792535800006], [9.007218137000052, 45.02757109200007], [9.006292409000025, 45.02748778500006], [9.00555769500005, 45.02730026100005], [9.005924973000049, 45.02663335200003], [9.00802621400004, 45.02693540900003], [9.008584461000055, 45.026153857000054], [9.00942199800005, 45.02616421100004], [9.009980253000037, 45.02558063500004], [9.01049450000005, 45.025455548000025], [9.011346785000057, 45.02579933100003], [9.010744522000039, 45.026705942000035], [9.009157612000024, 45.02677902200003], [9.008599399000047, 45.02777939900005], [9.007875830000046, 45.02858961800007], [9.007556301000022, 45.02911846200004], [9.007064138000032, 45.02990651700003], [9.00730874900006, 45.030353055000035], [9.006757008000022, 45.03032353700007], [9.006427066000072, 45.03032184700004], [9.005993320000073, 45.03035594700003], [9.005963931000053, 45.03035594800008], [9.004994079000028, 45.030314314000066], [9.004200509000043, 45.02950157500004], [9.002290208000034, 45.02888684100003], [9.001717133000056, 45.02897021200005], [9.000453423000067, 45.02901190400007], [9.000218313000062, 45.02869930000003], [9.000203623000061, 45.02969963400005], [8.998983986000042, 45.02932450600008], [8.999057479000044, 45.028042828000025], [8.99816114500004, 45.02792819500007], [8.996970931000021, 45.02787606900006], [8.996309671000063, 45.028334536000045], [8.99423788100006, 45.02749041800007], [8.993488512000056, 45.027313236000055], [8.992695126000058, 45.02664629800006], [8.993062646000055, 45.02517707900006], [8.99385608700004, 45.02517712500003], [8.99435561200005, 45.02565647800003], [8.994531904000041, 45.02597951200005], [8.994722945000035, 45.02569817600005], [8.994825884000022, 45.024760367000056], [8.996721371000035, 45.023687161000055], [8.997830691000047, 45.02364029700004], [8.998212719000037, 45.02328601800008], [8.99877839900006, 45.02302031200003], [8.998535977000074, 45.02265560300003], [8.998859247000041, 45.02109779300008], [8.999123720000057, 45.020352754000044], [8.999821594000025, 45.02037359700006], [9.00098224900006, 45.01913359400004], [9.001099775000057, 45.01869073600005], [9.000974889000076, 45.01827914100005], [9.001349507000043, 45.01757577500007], [9.001966535000065, 45.01726837100006], [9.00256153600003, 45.01730483000006], [9.002994891000071, 45.016559778000044], [9.003641252000023, 45.01581471700007], [9.00344291700003, 45.01567405000003], [9.002194191000058, 45.015684502000056], [9.000343134000047, 45.01536149700007], [9.000681017000034, 45.01480401600003], [9.002238229000056, 45.01480920600005], [9.003016807000051, 45.014272550000044], [9.003376710000055, 45.01401724600004], [9.004493160000038, 45.01366813100003], [9.004625347000058, 45.01335031000008], [9.004617967000058, 45.012907453000025], [9.004382884000051, 45.01240208400003], [9.004081709000047, 45.01198528800006], [9.003662979000069, 45.01095370500008], [9.002979905000075, 45.010885994000034], [9.002935825000066, 45.01067759100005], [9.00305333800003, 45.01058901600004], [9.00323694900004, 45.01043270800005], [9.003391167000075, 45.01005236700007], [9.00312675300006, 45.01000027400005], [9.002876971000035, 45.00878111900005], [9.003001794000056, 45.00810901400007], [9.002605122000034, 45.00656683600005], [9.00261977100007, 45.00569154000004], [9.001884408000024, 45.00530180800007], [9.001502494000022, 45.004572401000075], [9.002971174000038, 45.00212362600007], [9.00436645800005, 45.001821396000025], [9.005284416000052, 45.001795307000066], [9.00542983500003, 45.00187194000006]]]}, "properties": {"OBJECTID": 21, "GisId": "{810E1CA4-33CD-4858-917E-9DA6C06C40E2}", "GisDescription": "TORREMENAPACE", "GisCode": "DVH07", "Shape_Length": 0.12520762883234757, "Shape_Area": 9.852176720583836e-05, "codice_distretto": "DVH07"}}, {"type": "Feature", "id": 22, "geometry": {"type": "Polygon", "coordinates": [[[8.910571288000028, 45.18982134500004], [8.910322346000044, 45.190270971000075], [8.909946782000077, 45.19024079500008], [8.909763608000048, 45.19028049100007], [8.909655379000071, 45.19043312500003], [8.909542212000076, 45.190738476000035], [8.909175971000025, 45.19074814500004], [8.909270556000024, 45.19031994100004], [8.908552476000068, 45.19014672700007], [8.908058119000032, 45.19099625100006], [8.907695982000064, 45.19137111800006], [8.907099986000048, 45.19118803500004], [8.907387895000056, 45.19026198900008], [8.907994205000023, 45.189867399000036], [8.909533504000024, 45.19030686900004], [8.909813487000065, 45.18991367000007], [8.90946180100002, 45.189631192000036], [8.90820874700006, 45.189298191000034], [8.906388105000076, 45.18866259300006], [8.905003868000051, 45.188186690000066], [8.897505365000029, 45.18592260500003], [8.895967484000039, 45.18481897300006], [8.895290695000028, 45.185230036000064], [8.892488542000024, 45.18740535400008], [8.89004254100007, 45.18981998700008], [8.889553069000044, 45.19043039400003], [8.889439408000044, 45.19093492500008], [8.88820000800007, 45.19086731900006], [8.887270139000066, 45.190979284000036], [8.886828515000047, 45.19111828800004], [8.886368015000073, 45.19130375000003], [8.886151664000067, 45.19148945500007], [8.885926385000062, 45.19144275000008], [8.885288568000021, 45.19107691100004], [8.885599968000065, 45.19032026300005], [8.886042384000064, 45.18978286600003], [8.885873825000033, 45.18955029700004], [8.886438382000051, 45.18897317900007], [8.886785867000071, 45.18894696500007], [8.888546173000066, 45.18671101500007], [8.88859330400004, 45.18661810100008], [8.889429819000043, 45.18618731300006], [8.890218942000047, 45.18598223400005], [8.891074203000073, 45.185558092000065], [8.892729160000044, 45.184278137000035], [8.893105689000038, 45.18376721000004], [8.893087022000032, 45.18370743200006], [8.89293716900005, 45.18350809100008], [8.892881269000043, 45.183275639000044], [8.893107192000059, 45.18296377000007], [8.893849916000022, 45.182433262000075], [8.894404173000055, 45.18226777600006], [8.894676061000041, 45.18248050700004], [8.894393212000068, 45.18311768700005], [8.89441105800006, 45.18362234400007], [8.894138181000073, 45.18394081100007], [8.893893383000034, 45.18430578500005], [8.89368618800006, 45.18464423300003], [8.893318961000034, 45.18520165100006], [8.892333008000037, 45.185233925000034], [8.891976033000049, 45.18532654900008], [8.89115810100003, 45.18587689300006], [8.889363295000067, 45.18659892900007], [8.88885558100003, 45.18694371700008], [8.886954231000061, 45.18927913200008], [8.88725441300005, 45.18943214800004], [8.888136136000071, 45.18991773600004], [8.887768730000062, 45.19052161500008], [8.888463406000028, 45.19062853600008], [8.888848654000071, 45.190502751000054], [8.888943191000067, 45.19017748300007], [8.889366601000063, 45.18973965400005], [8.891370739000024, 45.187623417000054], [8.891671931000076, 45.18724522300005], [8.892819117000045, 45.186376464000034], [8.895019133000062, 45.18483138600004], [8.89585575700005, 45.18430095100007], [8.896073111000021, 45.18353090900007], [8.896657775000051, 45.18213039600005], [8.896827435000034, 45.181765350000035], [8.897457527000029, 45.181188236000025], [8.900052756000036, 45.17894621200003], [8.89993090400003, 45.17883322500006], [8.899283680000053, 45.17850729500003], [8.898730544000045, 45.178068565000046], [8.898261982000065, 45.17759006800003], [8.896199453000065, 45.176007887000026], [8.894289651000065, 45.17439095100008], [8.894172526000034, 45.17427132300003], [8.893966688000035, 45.173899291000055], [8.893648993000056, 45.173102192000044], [8.893531816000063, 45.17301244300006], [8.893208081000068, 45.17294242000003], [8.893123532000061, 45.17297554100003], [8.893052971000031, 45.17305847500006], [8.892897910000045, 45.17314797000006], [8.892625973000065, 45.17298835400004], [8.892795320000062, 45.17278931300007], [8.893086373000074, 45.17276634500007], [8.89361169600005, 45.17296603700004], [8.893377699000041, 45.17259729800003], [8.892895114000055, 45.17213536500003], [8.892463779000025, 45.17187931900003], [8.892511765000052, 45.17175862000005], [8.892586257000062, 45.17164371300004], [8.892670598000052, 45.171720152000034], [8.893115822000027, 45.17207913100003], [8.893593682000073, 45.17255765900006], [8.893776242000058, 45.17282343000005], [8.894210863000069, 45.173846396000044], [8.894519753000054, 45.17433472400006], [8.89505409800006, 45.17474357700007], [8.897477381000044, 45.17666474300006], [8.89902903500007, 45.17783476900007], [8.899038160000032, 45.17798417700004], [8.900318249000065, 45.17879206300006], [8.901373783000054, 45.17917478100003], [8.901721133000024, 45.17918836000007], [8.901909164000074, 45.179035802000044], [8.901576659000057, 45.178580674000045], [8.902798681000036, 45.17767867800006], [8.904247934000068, 45.17841030400007], [8.904163016000041, 45.17866255400003], [8.903880934000028, 45.178917958000056], [8.903735169000072, 45.179063916000075], [8.903852149000045, 45.17928645400008], [8.904101022000077, 45.17924018300005], [8.904312084000026, 45.17934660000003], [8.904485804000046, 45.17932682600008], [8.904678140000044, 45.17940334600007], [8.904701302000035, 45.179589287000056], [8.904348743000071, 45.179881152000064], [8.90391210200005, 45.17992394600003], [8.903781155000047, 45.17963167500005], [8.903588897000077, 45.179508672000054], [8.903222880000044, 45.179428683000026], [8.90300661200007, 45.179624380000064], [8.90251388400003, 45.17952436100006], [8.902040346000035, 45.17918531500004], [8.90178669200003, 45.17928137600006], [8.90128438000005, 45.179297543000075], [8.900271064000037, 45.178931463000026], [8.899984252000024, 45.17919681300003], [8.897148923000032, 45.181810460000065], [8.896960618000037, 45.18210245000006], [8.896852358000046, 45.18226171300006], [8.896489151000026, 45.18321754500005], [8.896182292000049, 45.184160148000046], [8.896046072000047, 45.18442485200006], [8.897766789000059, 45.185439779000035], [8.90020667300007, 45.18623209800006], [8.90197087100006, 45.18684450600006], [8.905621428000075, 45.18808262200008], [8.906465987000047, 45.18840867700004], [8.908417909000036, 45.18915393900005], [8.909900823000044, 45.18961161900006], [8.90993607200005, 45.18958840600004], [8.909985419000066, 45.18955856500003], [8.90998322300004, 45.18946228400006], [8.909905997000067, 45.18930784200006], [8.909953089000055, 45.18921824000006], [8.910100947000046, 45.189241596000045], [8.910229737000066, 45.18944753800008], [8.910123938000027, 45.18954871500006], [8.910076907000075, 45.18960013800006], [8.910611903000074, 45.18975659800003], [8.910571288000028, 45.18982134500004]]]}, "properties": {"OBJECTID": 22, "GisId": "{B4C138AC-EC82-4D14-A865-21CD7BAEC03B}", "GisDescription": "VIA VICINALE DELLA REALETTA", "GisCode": "DGR05", "Shape_Length": 0.14213686487967053, "Shape_Area": 3.1796302296532856e-05, "codice_distretto": "DGR05"}}, {"type": "Feature", "id": 23, "geometry": {"type": "Polygon", "coordinates": [[[8.722811673000024, 45.24799843200003], [8.72254053000006, 45.24797925900003], [8.720861414000069, 45.247908891000066], [8.720681623000075, 45.248219953000046], [8.718698244000052, 45.24801294000008], [8.717038521000063, 45.24781663700003], [8.716697001000057, 45.24857134800004], [8.716003559000058, 45.24839730600007], [8.715441242000054, 45.24826998000003], [8.715433415000064, 45.247958459000074], [8.715086169000074, 45.247977476000074], [8.71494420700003, 45.24822234700008], [8.714447206000045, 45.24816808300005], [8.714542291000043, 45.247916469000074], [8.71446955600004, 45.24745234800008], [8.713409694000063, 45.24738341700004], [8.71332665500006, 45.24710484500008], [8.712220358000025, 45.246942998000065], [8.711762239000052, 45.246623714000066], [8.710957663000045, 45.246170997000036], [8.710338246000049, 45.24620919300003], [8.708988447000024, 45.24596716500008], [8.707377328000064, 45.24545934300005], [8.70835300400006, 45.24180334700003], [8.71080997100006, 45.24199517000005], [8.711295150000069, 45.23881509900008], [8.712775187000034, 45.23924300400006], [8.712225285000045, 45.242250598000055], [8.712768672000038, 45.24239777500003], [8.712943048000056, 45.24316702700003], [8.71308861600005, 45.24406876100005], [8.713102742000046, 45.244990046000055], [8.713097771000037, 45.245977561000075], [8.714381979000052, 45.246206122000046], [8.714347308000072, 45.245636053000055], [8.713606931000072, 45.24547513400006], [8.71351880900005, 45.24434157600007], [8.714119805000053, 45.244230411000046], [8.713834229000042, 45.24318251900007], [8.713196350000032, 45.243167664000055], [8.713171201000023, 45.241639915000064], [8.714104675000044, 45.24163562800004], [8.714163959000075, 45.241505707000044], [8.714326442000072, 45.24149244400007], [8.714300531000049, 45.24139793400008], [8.714326560000075, 45.24135202000008], [8.714393962000031, 45.241357160000064], [8.71442477200003, 45.24141025900008], [8.714517096000066, 45.24217598900003], [8.714648270000055, 45.24220945500008], [8.714765819000036, 45.24215341300004], [8.715450728000064, 45.242141866000054], [8.715407055000071, 45.242433377000054], [8.716415658000074, 45.24241600200003], [8.716510708000044, 45.24358271400007], [8.714652540000031, 45.24369904200006], [8.714705545000072, 45.24435531600005], [8.714754609000067, 45.24439354900005], [8.720810295000035, 45.24541592200006], [8.721238251000045, 45.24423723700005], [8.721145276000072, 45.24406468900003], [8.720579807000036, 45.24458689700003], [8.717929941000023, 45.24353320600005], [8.718534325000064, 45.24273274500007], [8.713308256000062, 45.240970032000064], [8.713685368000029, 45.24059982700004], [8.714291141000047, 45.239527656000064], [8.714209603000029, 45.238950841000076], [8.714179290000061, 45.237512553000045], [8.72254010000006, 45.24084039600007], [8.720698105000054, 45.243420710000066], [8.72153125400007, 45.24379389600006], [8.723063191000051, 45.24130560400005], [8.72338151100007, 45.241438929000026], [8.723154462000025, 45.24182941500004], [8.724597172000074, 45.24225044700006], [8.724007148000055, 45.243978854000034], [8.72418530400006, 45.24399916700003], [8.725211196000032, 45.24137375500004], [8.725669635000031, 45.24163333800004], [8.72568284600004, 45.24181231800003], [8.726061835000053, 45.24201205800006], [8.725306290000049, 45.24402838000003], [8.72506584100006, 45.24427965400008], [8.724404444000072, 45.24427474500004], [8.724249453000027, 45.24431413800005], [8.723963149000042, 45.24434658500007], [8.723540697000033, 45.244401898000035], [8.722972519000052, 45.24451982000005], [8.722753688000068, 45.244664270000044], [8.722779255000034, 45.244712383000035], [8.722869648000028, 45.244934630000046], [8.722889302000056, 45.24619891200007], [8.72325500900007, 45.24623956500005], [8.723328795000043, 45.246501538000075], [8.723755664000066, 45.24650588500003], [8.723947709000072, 45.24656599900004], [8.723895385000048, 45.24671499500005], [8.723674454000047, 45.24680724900003], [8.723406741000076, 45.246872877000044], [8.723382643000036, 45.247005373000036], [8.723508434000053, 45.247184625000045], [8.723695902000031, 45.24722153100004], [8.723756180000066, 45.247367487000076], [8.72345778600004, 45.24747115100007], [8.723347811000053, 45.247416206000025], [8.723218298000063, 45.24752027800008], [8.723250766000035, 45.247596576000035], [8.72330627100007, 45.247759089000056], [8.723326697000061, 45.24789997600004], [8.72322097700004, 45.24793451600004], [8.723146127000064, 45.24789125500007], [8.722811673000024, 45.24799843200003]]]}, "properties": {"OBJECTID": 23, "GisId": "{C72BA4C2-1241-447F-A2C6-90F1C12915B0}", "GisDescription": "ZONA INDUSTRIALE", "GisCode": "DMR01", "Shape_Length": 0.10848778392586371, "Shape_Area": 0.00010265715787918306, "codice_distretto": "DMR01"}}, {"type": "Feature", "id": 24, "geometry": {"type": "Polygon", "coordinates": [[[8.599445033000052, 45.29321328900005], [8.599360494000052, 45.29311521100004], [8.597720228000071, 45.293310623000025], [8.597440960000029, 45.29190435800007], [8.597118648000048, 45.291844053000034], [8.596961294000039, 45.29177114700008], [8.596710737000024, 45.29104813400005], [8.596678300000065, 45.29084400900007], [8.596482214000048, 45.290716101000044], [8.596321076000038, 45.28979766200007], [8.596230767000065, 45.28973786700004], [8.596100223000064, 45.289026195000076], [8.596105650000027, 45.28899958800008], [8.596296477000067, 45.28898177200006], [8.596311327000024, 45.28896454900007], [8.596308320000048, 45.288937066000074], [8.596096011000043, 45.28895517600006], [8.595850863000067, 45.288064543000075], [8.596029171000055, 45.28803854800003], [8.59602923600005, 45.28802326400006], [8.596034673000077, 45.28800158700005], [8.595800912000072, 45.288016292000066], [8.59569834000007, 45.28755810300004], [8.595633293000049, 45.28727533600005], [8.595625572000074, 45.287182116000054], [8.595792146000065, 45.28703774000007], [8.595740922000061, 45.287017140000046], [8.595690950000062, 45.286975994000045], [8.595453039000063, 45.28683832100006], [8.595334685000068, 45.286684800000046], [8.595303905000037, 45.286592977000055], [8.595266280000033, 45.28655201000004], [8.595273120000058, 45.28650189500007], [8.59556849300003, 45.28622040600004], [8.595701284000029, 45.286111411000036], [8.595385068000041, 45.28578781600004], [8.595470041000056, 45.28562540000007], [8.59545199200005, 45.285511435000046], [8.595336057000054, 45.285312805000046], [8.595701355000074, 45.285216469000034], [8.59667280900004, 45.28533528400004], [8.597004243000072, 45.285286160000055], [8.596984063000036, 45.28517662500008], [8.596691041000042, 45.28512825400003], [8.596561523000048, 45.28507158600007], [8.596581222000054, 45.284657467000045], [8.596616405000077, 45.28442387100006], [8.596524974000033, 45.284315563000064], [8.596570109000027, 45.284155964000036], [8.59705206700005, 45.28415470600004], [8.597079396000026, 45.28392178900003], [8.597121412000035, 45.28383099700005], [8.597086492000074, 45.28373176400004], [8.597116948000064, 45.28357359200004], [8.597081807000052, 45.28320957400007], [8.597140884000055, 45.282856243000026], [8.597826704000056, 45.28276694600004], [8.597949666000034, 45.28315790000005], [8.598543741000071, 45.28330199800007], [8.598669879000056, 45.28324327100006], [8.59847865100005, 45.28302367100008], [8.59851526500006, 45.282585942000026], [8.599002505000044, 45.28242789600006], [8.599738890000026, 45.28259615400003], [8.600190067000028, 45.28279891200003], [8.600426489000029, 45.282551226000066], [8.600226252000027, 45.28242035100004], [8.599489326000025, 45.28232901500007], [8.59838245900005, 45.28240204900004], [8.597716504000061, 45.28234941100004], [8.59805870300005, 45.281960095000045], [8.598532427000066, 45.281935135000026], [8.600427490000072, 45.281811607000066], [8.600671395000063, 45.28169116200007], [8.601838112000053, 45.281446721000066], [8.602477928000042, 45.28104067900006], [8.603683876000048, 45.27997389500007], [8.60434452800007, 45.280183280000074], [8.605192849000048, 45.27991995100007], [8.60508167300003, 45.279032019000056], [8.606580890000032, 45.27917328400008], [8.608075145000043, 45.28003638400003], [8.608833743000048, 45.28063068300003], [8.609055113000068, 45.28134739600006], [8.60743003500005, 45.28121756500008], [8.606408892000047, 45.281018790000076], [8.605948302000058, 45.28096394900007], [8.605440478000048, 45.28167815100005], [8.604586751000056, 45.28150952300007], [8.603762454000048, 45.28313383600005], [8.603298989000052, 45.28409077900005], [8.603707582000027, 45.28439396300007], [8.603500284000063, 45.28527487300005], [8.602961751000066, 45.28557476900005], [8.602964395000072, 45.28639723800006], [8.603492411000047, 45.28640499000005], [8.60417134100004, 45.286407344000054], [8.60466751100006, 45.287379447000035], [8.605427729000041, 45.28774892800004], [8.605333271000063, 45.28807403600007], [8.605625127000053, 45.288293972000076], [8.605628219000039, 45.289057273000026], [8.605846445000054, 45.289016607000065], [8.606065543000057, 45.28763870800003], [8.606844214000034, 45.28776564700007], [8.608502197000064, 45.28557614400006], [8.608690867000064, 45.28495550700006], [8.60877606500003, 45.28475462200004], [8.61065123700007, 45.283873483000036], [8.61324815000006, 45.282846834000054], [8.61433700300006, 45.28295702100007], [8.614080227000045, 45.28374311300007], [8.61221289100007, 45.284713089000036], [8.610726027000055, 45.28519322400007], [8.609778816000073, 45.28520182600005], [8.609510359000069, 45.28523641000004], [8.608393799000055, 45.28671183200004], [8.610579897000036, 45.28695006800007], [8.612620695000032, 45.286371228000064], [8.61294932900006, 45.28734864300003], [8.612690759000031, 45.287776747000066], [8.612126420000038, 45.28817718600004], [8.611344631000065, 45.287890514000026], [8.610714537000035, 45.287486013000034], [8.610439144000054, 45.28730756500005], [8.608153388000062, 45.286932894000074], [8.60756236900005, 45.28755214700004], [8.60882126000007, 45.287935153000035], [8.608114833000059, 45.289488895000034], [8.611990477000063, 45.29028908500004], [8.614115285000025, 45.289698669000074], [8.616111999000054, 45.28945096800004], [8.616963508000026, 45.29121708500003], [8.613077216000022, 45.29073062800006], [8.611032372000068, 45.29065267900006], [8.608899278000024, 45.291219341000044], [8.608686295000041, 45.29049674000004], [8.607581280000034, 45.290279938000026], [8.60669135300003, 45.29047805400006], [8.60596277600007, 45.29037495400007], [8.605469361000075, 45.29020757600006], [8.605000767000035, 45.29008761600005], [8.605082086000039, 45.29044883300003], [8.60580186900006, 45.29061107800004], [8.606420741000022, 45.29082030600006], [8.606821629000024, 45.29103469800003], [8.607845195000039, 45.29090804400005], [8.608121207000067, 45.29099774500003], [8.608302650000041, 45.29143030700004], [8.608770366000044, 45.29168042200007], [8.608037205000073, 45.292240022000044], [8.606980820000047, 45.29226005900006], [8.60663925600005, 45.291951201000074], [8.606550524000056, 45.291447952000055], [8.606450833000054, 45.29131743600004], [8.606008154000051, 45.291085148000036], [8.605715708000048, 45.290948048000075], [8.605447919000028, 45.290882037000074], [8.605157330000054, 45.29168574000005], [8.603851247000023, 45.291450456000064], [8.60457088000004, 45.29042931300006], [8.604029398000023, 45.28994224600007], [8.60337252100004, 45.29037782200004], [8.603419970000061, 45.29078625900007], [8.602841290000072, 45.290825666000046], [8.603685260000077, 45.29241434700003], [8.605567356000051, 45.29300072500007], [8.607077204000063, 45.29286983900005], [8.608219059000021, 45.29261341500006], [8.60897350700003, 45.292616001000056], [8.610252262000074, 45.29317656600006], [8.60998687800003, 45.293980368000064], [8.608153605000041, 45.29481430300007], [8.60645936000003, 45.29493273400004], [8.605497067000044, 45.29467498500003], [8.605610231000071, 45.29407184400003], [8.605637882000053, 45.29371100600008], [8.605346900000029, 45.29336089800006], [8.604042218000075, 45.29291852700004], [8.603205093000042, 45.29274994700006], [8.602861027000074, 45.292802004000066], [8.602737261000073, 45.29491984900005], [8.601646920000064, 45.294992972000045], [8.601470875000075, 45.29499235800006], [8.601367946000039, 45.29412812100003], [8.60039523000006, 45.29416614100006], [8.600213839000048, 45.29373356700006], [8.599861715000031, 45.293738251000036], [8.59945804800003, 45.29332412700006], [8.599445033000052, 45.29321328900005]]]}, "properties": {"OBJECTID": 24, "GisId": "{0AC1F91A-8ADE-4E09-BFB7-75A6F2475B81}", "GisDescription": "VIA NICORVO - VIA MORTARA", "GisCode": "DRB02", "Shape_Length": 0.15043002193148336, "Shape_Area": 0.00013929170385682123, "codice_distretto": "DRB02"}}, {"type": "Feature", "id": 25, "geometry": {"type": "Polygon", "coordinates": [[[9.167060743000036, 45.296721639000054], [9.166211160000046, 45.296218372000055], [9.16444492100004, 45.29474000000005], [9.163304691000064, 45.29310430800007], [9.163036402000046, 45.29154721200007], [9.163684768000053, 45.29036756600004], [9.166837169000075, 45.28836997500008], [9.170123714000056, 45.28881039400005], [9.172538320000058, 45.290021531000036], [9.172806609000077, 45.29239654200006], [9.172448890000055, 45.29511746000003], [9.171196872000053, 45.29656436800008], [9.169184702000052, 45.29702045200003], [9.167060743000036, 45.296721639000054]]]}, "properties": {"OBJECTID": 25, "GisId": "{B48647A7-860A-44FA-926F-4C6322198E69}", "GisDescription": "Turago", "GisCode": "DGSG03", "Shape_Length": 0.029215981210150996, "Shape_Area": 6.427709619951517e-05, "codice_distretto": "DGSG03"}}, {"type": "Feature", "id": 26, "geometry": {"type": "Polygon", "coordinates": [[[9.006466229000068, 45.31682357500006], [9.002018367000062, 45.311625090000064], [9.001213498000027, 45.30769423100003], [9.001571217000048, 45.304077601000074], [9.002018366000073, 45.301687353000034], [9.004388257000073, 45.30027202700006], [9.006624001000034, 45.29942281400008], [9.00944104100006, 45.29983169600007], [9.012392225000042, 45.30039783500007], [9.014717400000052, 45.300806710000074], [9.012608813000043, 45.30517637300005], [9.012295808000033, 45.30690606100006], [9.012703832000057, 45.30850990700003], [9.013248795000038, 45.309615472000075], [9.013201927000068, 45.309650085000044], [9.013268358000062, 45.309761897000044], [9.013363377000076, 45.310060641000064], [9.013709917000028, 45.31031614400007], [9.013905545000057, 45.31050875400007], [9.013776990000054, 45.31079177000004], [9.013743453000075, 45.311147505000065], [9.01372058000004, 45.311187532000076], [9.013767209000036, 45.311217276000036], [9.014201781000054, 45.31120843200006], [9.015498514000058, 45.31227758700004], [9.01545872500003, 45.31268393800008], [9.015615891000039, 45.312717820000046], [9.015861822000033, 45.31254487100006], [9.016174827000043, 45.312670653000055], [9.016605207000055, 45.312466259000075], [9.017018821000022, 45.31266279100004], [9.017343003000065, 45.312922214000025], [9.017650419000063, 45.31315215500007], [9.017941065000059, 45.313437124000075], [9.01800180400005, 45.31362226600004], [9.018038879000073, 45.313629723000076], [9.018527949000031, 45.31386555800003], [9.01876724300007, 45.31402032300008], [9.018353630000036, 45.31461776500004], [9.01814123400004, 45.31505405100006], [9.017842203000043, 45.31529479200003], [9.017719904000046, 45.31534459200003], [9.017455576000032, 45.31509598200006], [9.017251646000034, 45.31482475800004], [9.017034416000058, 45.31460653100004], [9.01672797200007, 45.31426347800004], [9.016116729000032, 45.314092136000056], [9.014813349000065, 45.314219956000045], [9.014374456000041, 45.31426983700004], [9.014237025000057, 45.31386455400008], [9.013906923000036, 45.31374097200006], [9.013718333000043, 45.31418254500005], [9.013208508000048, 45.31490269600005], [9.012636616000066, 45.31503051400006], [9.01061948000006, 45.31555425300007], [9.006466229000068, 45.31682357500006]]]}, "properties": {"OBJECTID": 26, "GisId": "{46741B6D-80CA-4A4C-8A26-43405283B030}", "GisDescription": "OSPEDALE", "GisCode": "DCSP02", "Shape_Length": 0.06302139928112628, "Shape_Area": 0.00018392365381374732, "codice_distretto": "DCSP02"}}, {"type": "Feature", "id": 27, "geometry": {"type": "Polygon", "coordinates": [[[9.142365805000054, 45.28749120500004], [9.144972976000076, 45.287508193000065], [9.14563531500005, 45.290490446000035], [9.145232882000073, 45.296215423000035], [9.144651588000045, 45.299266411000076], [9.146015392000038, 45.30154668200004], [9.147245053000063, 45.30318212900005], [9.146350754000025, 45.304660281000054], [9.143265425000038, 45.306044049000036], [9.140850820000026, 45.30664157500007], [9.138480930000071, 45.30657867800005], [9.136151091000045, 45.30581969900004], [9.135082597000064, 45.30459738300004], [9.136813903000075, 45.30250397400005], [9.133252081000023, 45.30399885300005], [9.128467586000056, 45.30638900300005], [9.125223474000052, 45.30842463600004], [9.12073190600006, 45.31157779900008], [9.117646577000073, 45.312143820000074], [9.116483990000063, 45.31057152300008], [9.11778072200002, 45.30799286300004], [9.118451446000051, 45.30730100800008], [9.117109999000036, 45.30576002600003], [9.114516534000074, 45.304219002000025], [9.11290679700005, 45.30233197700005], [9.114874254000028, 45.30075940800003], [9.119077454000035, 45.300507794000055], [9.122341643000027, 45.30053924600003], [9.124577388000034, 45.298935174000064], [9.124711533000038, 45.29541234900006], [9.128333441000052, 45.296450347000075], [9.132760216000065, 45.29792867500004], [9.137097562000065, 45.29965858500003], [9.139000741000075, 45.296838609000076], [9.138956026000074, 45.29352011700007], [9.139671465000049, 45.291601279000076], [9.140163329000075, 45.28804653900005], [9.142365805000054, 45.28749120500004]]]}, "properties": {"OBJECTID": 27, "GisId": "{527C8AAE-263C-4A48-9BDA-CAB1ED6927D7}", "GisDescription": "Baselica", "GisCode": "DGSG04", "Shape_Length": 0.11498312398174917, "Shape_Area": 0.00032862337458157897, "codice_distretto": "DGSG04"}}, {"type": "Feature", "id": 28, "geometry": {"type": "Polygon", "coordinates": [[[9.23908311100007, 45.29311648200007], [9.239073534000056, 45.29277010900006], [9.23913279200002, 45.29247830400004], [9.23879147200006, 45.292366585000025], [9.237822030000075, 45.29210812700006], [9.236930806000032, 45.29188135000004], [9.23716313600005, 45.29115446800006], [9.237351530000069, 45.29090920200008], [9.239157680000062, 45.29127938800008], [9.239513221000038, 45.29081248800003], [9.240058384000065, 45.29035892300004], [9.240835834000052, 45.289778623000075], [9.241632246000052, 45.289151624000056], [9.244931670000028, 45.28883145200007], [9.25130296900005, 45.288084377000075], [9.253047491000075, 45.28602987000005], [9.260366900000065, 45.28437553800006], [9.262073498000063, 45.28618996400007], [9.261902838000026, 45.28710382600008], [9.260584965000021, 45.287730847000034], [9.258385351000072, 45.28947846400007], [9.256166773000075, 45.291772964000074], [9.254061969000077, 45.295761438000056], [9.250838394000027, 45.29733540700005], [9.247918215000027, 45.29794897700003], [9.242077859000062, 45.29626831400003], [9.241205597000032, 45.29478769000008], [9.240892721000023, 45.294060701000035], [9.241030197000043, 45.29351712300007], [9.239243009000063, 45.29324699800003], [9.23908311100007, 45.29311648200007]]]}, "properties": {"OBJECTID": 28, "GisId": "{956F0675-E0C5-48AC-8D4F-11C405B9EA40}", "GisDescription": "LAMALFA", "GisCode": "DVDG02", "Shape_Length": 0.06217527414279706, "Shape_Area": 0.00016270783858945718, "codice_distretto": "DVDG02"}}, {"type": "Feature", "id": 29, "geometry": {"type": "Polygon", "coordinates": [[[9.203699415000074, 45.32461744900007], [9.20371381800004, 45.32446334800005], [9.203652850000026, 45.32395149100006], [9.204604046000043, 45.32386067200008], [9.205265473000054, 45.32391637000006], [9.205822528000056, 45.32409740000003], [9.206266027000026, 45.32409470300007], [9.206432849000066, 45.32414180600006], [9.206587053000021, 45.32441457500005], [9.208928484000069, 45.324478578000026], [9.209299223000073, 45.32442480700007], [9.20956768600007, 45.32433519500006], [9.20967308400003, 45.32376046300004], [9.210355542000059, 45.32368715300004], [9.211399345000075, 45.323927936000075], [9.211702396000021, 45.32446588500005], [9.213521798000045, 45.32509202600005], [9.214716138000028, 45.32532491100005], [9.21776051200004, 45.32573630400003], [9.219503556000063, 45.32605152300005], [9.223635843000068, 45.32693849700007], [9.227295277000053, 45.327856602000054], [9.229641982000032, 45.32851935700006], [9.232118825000043, 45.329439679000075], [9.232485904000043, 45.32980299500008], [9.232682931000056, 45.330652076000035], [9.23131206100004, 45.33200492800006], [9.230322405000038, 45.331915912000056], [9.230490701000065, 45.330990246000056], [9.230854329000067, 45.33050409400005], [9.23065973100006, 45.33024660800004], [9.22357443200002, 45.327727422000066], [9.21907628300005, 45.32678047100006], [9.217147273000023, 45.32845277900003], [9.222230319000062, 45.33046052100008], [9.221978295000042, 45.332008280000025], [9.219462767000039, 45.33219517300006], [9.219200244000035, 45.33104281000004], [9.219433177000042, 45.330101865000074], [9.21949705000003, 45.32993488000005], [9.216975987000069, 45.32865030600004], [9.215624339000044, 45.32948717800008], [9.210536856000033, 45.33199960500008], [9.208490979000032, 45.33124489200003], [9.208105205000038, 45.33160965900004], [9.20245206900006, 45.33245413100008], [9.201441266000074, 45.33245591800005], [9.200592555000071, 45.32963592100003], [9.200946776000023, 45.326419404000035], [9.201330734000067, 45.32553890600008], [9.201872103000028, 45.325086664000025], [9.203338925000025, 45.324860314000034], [9.203699415000074, 45.32461744900007]]]}, "properties": {"OBJECTID": 29, "GisId": "{9054DDA3-0407-4977-B3B1-EF46C6344B85}", "GisDescription": "ZONA INDUSTRIALE NORD", "GisCode": "DSZ01", "Shape_Length": 0.09286019989386968, "Shape_Area": 0.00013530927956456883, "codice_distretto": "DSZ01"}}, {"type": "Feature", "id": 30, "geometry": {"type": "Polygon", "coordinates": [[[8.81078879100005, 45.370142756000064], [8.810163364000061, 45.36991199200003], [8.810006315000066, 45.36978783400008], [8.809645362000026, 45.37040800900007], [8.809328932000028, 45.37030939600004], [8.80938429400004, 45.37018042900007], [8.809183051000048, 45.370131050000055], [8.80906507800006, 45.37036574100006], [8.80884155900003, 45.37032749900004], [8.808498348000057, 45.37113821400004], [8.808700670000064, 45.37120381500006], [8.807884826000077, 45.37287887800005], [8.807063948000064, 45.37261644400007], [8.806376789000069, 45.373871586000064], [8.805879482000023, 45.37375653300006], [8.804446054000039, 45.37659300900003], [8.802503199000057, 45.37609203900007], [8.803198288000033, 45.37451266200003], [8.80187144000007, 45.37413102900007], [8.802316293000047, 45.373519963000035], [8.802648076000025, 45.37296988400004], [8.802283893000038, 45.37285300500008], [8.803096266000068, 45.371392118000074], [8.80467020900005, 45.37184452100007], [8.804934365000065, 45.37138762400008], [8.801677908000045, 45.370514738000054], [8.802132183000026, 45.36968342700004], [8.801481816000035, 45.36949874800007], [8.801722121000068, 45.36904028600003], [8.800967699000068, 45.36882789100008], [8.801001047000057, 45.367362599000046], [8.80057159300003, 45.366688829000054], [8.800807490000068, 45.366248717000076], [8.799072263000028, 45.366049890000056], [8.799517968000032, 45.365187982000066], [8.798867639000036, 45.36500940600007], [8.799051227000064, 45.364636508000046], [8.798374868000053, 45.364457884000046], [8.797911792000036, 45.365319756000076], [8.797400228000072, 45.36517200800006], [8.797679671000026, 45.36469527100007], [8.797376221000036, 45.364602957000045], [8.797612069000024, 45.36418120700006], [8.796476333000044, 45.36383044200005], [8.79738397400007, 45.362430946000075], [8.797748145000071, 45.36252948600003], [8.797337542000037, 45.363281319000066], [8.797996418000025, 45.363490511000066], [8.797760271000072, 45.36399791900004], [8.798055017000024, 45.36409633400007], [8.798369340000022, 45.363570709000044], [8.79874211200007, 45.36369373400004], [8.798593762000053, 45.36391985200004], [8.79920055100007, 45.36413506300005], [8.799863931000061, 45.363071631000025], [8.801347497000052, 45.36075535400005], [8.802231559000063, 45.36109340000007], [8.802807527000027, 45.36018275600003], [8.802061993000052, 45.35994285100003], [8.803301144000045, 45.35798710800003], [8.804870221000044, 45.35848538800008], [8.804241767000065, 45.35953055700003], [8.805256059000044, 45.359853506000036], [8.80457505000004, 45.36103624900005], [8.805732740000053, 45.36131049200003], [8.806658231000029, 45.35968763200003], [8.808409419000043, 45.36025041500005], [8.808732150000026, 45.35977066300006], [8.809229823000067, 45.35888127100003], [8.808930662000023, 45.35880735000006], [8.808920319000038, 45.35865743200003], [8.809020635000024, 45.35850464100008], [8.808871097000065, 45.358455443000025], [8.808977994000031, 45.358281248000026], [8.809511182000051, 45.358441216000074], [8.809591796000063, 45.35834039800005], [8.80924507100002, 45.358217452000076], [8.809375945000056, 45.35800964600003], [8.809991427000057, 45.35821410700004], [8.810440564000032, 45.357555597000044], [8.809096871000065, 45.35712507300008], [8.809406540000055, 45.356651414000055], [8.812548019000076, 45.35665967300008], [8.814178477000041, 45.35672916100003], [8.81369989600006, 45.35728477200007], [8.81375752200006, 45.35731008000005], [8.813790883000024, 45.35732564600005], [8.814752615000032, 45.356307352000044], [8.817986330000053, 45.35570788200005], [8.817453245000024, 45.35821556900004], [8.81697912900006, 45.35991572100005], [8.815487436000069, 45.35959516400004], [8.814369333000059, 45.36180820700008], [8.816124297000044, 45.36227884200008], [8.81609585600006, 45.364276638000035], [8.816121542000076, 45.36463632500005], [8.816062446000046, 45.36479368300007], [8.815891696000051, 45.36475468900005], [8.815876247000062, 45.364782855000044], [8.815859782000075, 45.36481013400004], [8.816036000000054, 45.36485687900006], [8.815971924000053, 45.36504434200003], [8.815618137000058, 45.36574241400007], [8.81541409600004, 45.366048238000076], [8.813957736000077, 45.36568766700003], [8.813673300000062, 45.366258938000044], [8.814128621000066, 45.36643132800003], [8.814050076000058, 45.366561981000075], [8.814601023000023, 45.36679346300008], [8.81422507800005, 45.36735383000007], [8.814214572000026, 45.36736548700003], [8.814175456000044, 45.36741139600008], [8.813816271000064, 45.36788316800005], [8.813946974000032, 45.36793177100003], [8.813391509000041, 45.36862241600005], [8.81259578700002, 45.368374739000046], [8.812633425000058, 45.368275296000036], [8.812411434000069, 45.36822588900003], [8.811548230000028, 45.36792677100004], [8.811282781000045, 45.36846666200006], [8.811712023000041, 45.368592987000056], [8.811168655000074, 45.36984203000003], [8.811118373000056, 45.36982086800003], [8.811100141000054, 45.36983225300003], [8.811081053000066, 45.369847908000054], [8.811133497000071, 45.36987123600005], [8.81078879100005, 45.370142756000064]], [[8.805558940000026, 45.36802588000006], [8.805897311000024, 45.36811191700008], [8.805916935000027, 45.36804111500004], [8.805958307000026, 45.36805252400006], [8.805995796000047, 45.368061899000054], [8.805983764000075, 45.36813389900004], [8.806371978000072, 45.368232609000074], [8.806548896000038, 45.367895633000046], [8.805760346000056, 45.367668010000045], [8.805558940000026, 45.36802588000006]]]}, "properties": {"OBJECTID": 30, "GisId": "{A0853543-D877-4E4F-B5AE-2A61B520DFBC}", "GisDescription": "CENTRO", "GisCode": "DCS02", "Shape_Length": 0.11123071880284341, "Shape_Area": 0.00019908679626909933, "codice_distretto": "DCS02"}}, {"type": "Feature", "id": 31, "geometry": {"type": "Polygon", "coordinates": [[[8.728665314000068, 45.090074593000054], [8.728638514000068, 45.09008722200008], [8.728398879000054, 45.08998723600007], [8.728219484000022, 45.09002034700006], [8.728178425000067, 45.09012086400003], [8.728087060000064, 45.090132624000034], [8.727884346000053, 45.090091416000064], [8.727739134000046, 45.09004795000004], [8.727692165000065, 45.089968784000064], [8.727404530000058, 45.09000642700005], [8.727079742000058, 45.09003439800006], [8.726474334000045, 45.09004732300008], [8.726390051000067, 45.089992023000036], [8.72614627400003, 45.08997736500004], [8.726073515000053, 45.089708587000075], [8.726027481000074, 45.089608199000054], [8.726544678000039, 45.08947974100005], [8.726978489000032, 45.08943462700006], [8.72679118000002, 45.088847900000076], [8.726842350000027, 45.08875459500007], [8.726518815000077, 45.08852145100008], [8.726106087000062, 45.088553999000055], [8.726259036000044, 45.08910055700005], [8.72590679800004, 45.08921230400006], [8.725581453000075, 45.08865095900006], [8.725456468000061, 45.088621911000075], [8.725507894000032, 45.08847590500005], [8.725842853000074, 45.08844077500004], [8.726038923000033, 45.08845562000005], [8.726099564000037, 45.08850367600007], [8.726485227000069, 45.08847345800007], [8.725848161000044, 45.08803833200005], [8.725597457000049, 45.088133553000034], [8.72538761100003, 45.08817137800003], [8.725216442000033, 45.08790026600008], [8.725287985000023, 45.08779024200004], [8.725487618000045, 45.08776676600007], [8.725592151000058, 45.087829302000046], [8.725619400000028, 45.08778864300007], [8.725113806000024, 45.08744246500004], [8.72505598500004, 45.08751179700005], [8.725052120000043, 45.08761240200005], [8.724774515000036, 45.08767641400004], [8.724711046000039, 45.08751336200004], [8.72479253900002, 45.08744408600006], [8.72494826600007, 45.087408528000026], [8.725053097000057, 45.08740878100008], [8.725105674000076, 45.08737536900003], [8.724280285000077, 45.08672657500006], [8.724219249000043, 45.08676116300006], [8.72428925500003, 45.086970945000076], [8.72389676900002, 45.08701551200005], [8.72371184900004, 45.08644252300007], [8.72369707100006, 45.086351456000045], [8.72358272200006, 45.08622181800007], [8.72351883600004, 45.086146202000066], [8.723551250000071, 45.08608639200003], [8.72355316100004, 45.08604088100003], [8.72327120600005, 45.08595635300003], [8.723105972000042, 45.085860129000025], [8.723079151000036, 45.08581215300006], [8.723009980000029, 45.08578084200008], [8.722771970000053, 45.085700013000064], [8.722665974000051, 45.08559195500004], [8.722084305000067, 45.08525156700006], [8.722042401000067, 45.08517600400006], [8.72207635500007, 45.08514734100004], [8.722319475000063, 45.08521979900007], [8.722658152000065, 45.08546137700006], [8.722796423000034, 45.08553837100004], [8.722868773000073, 45.08561161200004], [8.722953068000038, 45.085662124000066], [8.723051288000022, 45.08563002100004], [8.722999569000024, 45.08548616200005], [8.722540733000073, 45.08422018400006], [8.722565215000031, 45.08405255400004], [8.722663566000051, 45.08399290300008], [8.723171325000067, 45.083881543000075], [8.723215873000072, 45.08375947700006], [8.723109971000042, 45.08328250000005], [8.72266139900006, 45.081645234000064], [8.722520730000042, 45.08136700500006], [8.722229708000043, 45.08141420900006], [8.722014700000045, 45.081126217000076], [8.721887630000026, 45.08083364700008], [8.722139096000035, 45.08057553800006], [8.722355611000069, 45.08055210800006], [8.722746954000058, 45.08073512300007], [8.722934334000058, 45.08114282500003], [8.723140964000038, 45.08176617600003], [8.723443062000058, 45.08222685800007], [8.723684947000038, 45.082553242000074], [8.723947700000053, 45.082759897000074], [8.723995385000023, 45.082688146000066], [8.724151942000049, 45.08247771300006], [8.724286896000024, 45.082540324000036], [8.724380560000043, 45.08275136000003], [8.724534491000043, 45.08308711300003], [8.72456018400004, 45.08336985200003], [8.72487863300006, 45.08324605000007], [8.725001191000047, 45.08307386400003], [8.725332772000058, 45.08303154200007], [8.725345746000073, 45.083146560000046], [8.725351338000053, 45.08339092300008], [8.723535930000025, 45.08400460000007], [8.722727141000064, 45.08413200100006], [8.722697964000076, 45.08422176400006], [8.722880660000044, 45.084551599000065], [8.723383323000064, 45.08444621400008], [8.723736876000032, 45.084407543000054], [8.723814464000043, 45.08444606100005], [8.723904921000042, 45.084621156000026], [8.723971731000063, 45.084791403000054], [8.724043454000025, 45.08499520000004], [8.725291883000068, 45.08486046500008], [8.72554380300005, 45.084861070000045], [8.725749914000062, 45.084895104000054], [8.725810712000055, 45.084909623000044], [8.725955657000043, 45.08500579400004], [8.725735058000055, 45.08517295400003], [8.72380989900006, 45.08539349900008], [8.723787959000049, 45.08573601300003], [8.723533858000053, 45.08583601200007], [8.723783342000047, 45.08599232800003], [8.723701446000064, 45.086145447000035], [8.723859976000028, 45.08622967500003], [8.724764853000067, 45.086519329000055], [8.724767580000048, 45.08665588300005], [8.724658988000044, 45.08673467500006], [8.72439577700004, 45.08661905300005], [8.724331677000066, 45.08658775500004], [8.724774418000038, 45.08699247700008], [8.725144842000077, 45.08714069700005], [8.72576730700007, 45.087090688000046], [8.726195233000055, 45.087413920000074], [8.72649181600002, 45.08762424300005], [8.72655908300004, 45.087701063000054], [8.726781655000025, 45.08783095700005], [8.726927616000069, 45.08807086300004], [8.726551204000032, 45.08828915700008], [8.72734962000004, 45.08893068400005], [8.727899067000067, 45.089305704000026], [8.728163025000072, 45.089268004000076], [8.728223502000048, 45.08899505200003], [8.728391101000057, 45.08895233100003], [8.728654796000058, 45.08896972600007], [8.728905010000062, 45.08897750700004], [8.729060422000032, 45.08900901800007], [8.72916818400006, 45.089105096000026], [8.729164622000042, 45.08914341700006], [8.72945212600007, 45.089132121000034], [8.729662965000045, 45.08924281700007], [8.729735084000026, 45.08936755700006], [8.729616374000045, 45.08944153900006], [8.729429104000076, 45.089352459000054], [8.729255317000025, 45.089272994000055], [8.729331792000039, 45.089191725000035], [8.728883609000036, 45.08921222200007], [8.728900132000035, 45.08929371100004], [8.729011378000052, 45.08936823800008], [8.729051405000064, 45.08948571500008], [8.729121539000062, 45.08967273600007], [8.728877440000076, 45.08980151800006], [8.728924354000071, 45.08989266200007], [8.728702416000033, 45.08998316600008], [8.728747775000045, 45.09004555900003], [8.728665314000068, 45.090074593000054]]]}, "properties": {"OBJECTID": 31, "GisId": "{E4D912EE-703B-4F85-AAB7-08FDF35C1C16}", "GisDescription": "DISTERTTO STRADA CASTELLARO", "GisCode": "DMD05", "Shape_Length": 0.05166141755100465, "Shape_Area": 1.1076443785755211e-05, "codice_distretto": "DMD05"}}, {"type": "Feature", "id": 32, "geometry": {"type": "Polygon", "coordinates": [[[9.134089088000053, 45.25552940700004], [9.131428551000056, 45.25522250700004], [9.130636957000036, 45.25606205300005], [9.12946319100007, 45.25751782700007], [9.127391633000059, 45.25842914200007], [9.125938398000073, 45.25728028300006], [9.124842884000032, 45.256595677000064], [9.124865241000066, 45.25569072600007], [9.124690573000066, 45.25485265000003], [9.124575112000059, 45.25465175800008], [9.124532465000073, 45.254646825000066], [9.122808355000075, 45.254447379000055], [9.122651154000039, 45.25302743100008], [9.122673512000063, 45.25128036000007], [9.123992602000044, 45.248840666000035], [9.12439503500002, 45.24833697500003], [9.126742568000054, 45.24846289800007], [9.128642951000074, 45.248702939000054], [9.12935839000005, 45.24881312100007], [9.12978318200004, 45.24903348500004], [9.129769208000027, 45.24927450700005], [9.129824007000025, 45.24928530600005], [9.130472071000042, 45.24941813600003], [9.130977908000034, 45.249534219000054], [9.131430647000059, 45.249616855000056], [9.13274973700004, 45.24994739600004], [9.133073920000072, 45.25079734900004], [9.13268615800007, 45.25163007400005], [9.134055552000063, 45.25126412900005], [9.136738446000038, 45.25141365500008], [9.138124608000055, 45.25201175600006], [9.142417239000054, 45.25289315600003], [9.145726142000058, 45.25330237400004], [9.147626526000067, 45.25339680800005], [9.149906986000076, 45.253916194000055], [9.150532995000049, 45.25481330400004], [9.15131550600006, 45.25563170700008], [9.151069574000076, 45.25624550200007], [9.150287063000064, 45.257362906000026], [9.149348050000071, 45.25791373200008], [9.147447667000051, 45.25811832200003], [9.144742415000053, 45.25698519500003], [9.143007615000045, 45.256363047000036], [9.142426323000052, 45.255985329000055], [9.142262996000056, 45.25569881500007], [9.141763983000033, 45.25585647100007], [9.141054134000058, 45.25577777900003], [9.140075995000075, 45.25556137600006], [9.137409169000023, 45.25577335300005], [9.134089088000053, 45.25552940700004]]]}, "properties": {"OBJECTID": 32, "GisId": "{8CE35FD9-5E6B-4E9E-8E97-9F6DCBFBA381}", "GisDescription": "CERTOSA", "GisCode": "DCPV02", "Shape_Length": 0.07093641674273814, "Shape_Area": 0.00014393504628249388, "codice_distretto": "DCPV02"}}, {"type": "Feature", "id": 33, "geometry": {"type": "Polygon", "coordinates": [[[9.138568634000023, 45.002454311000065], [9.138567143000046, 45.00245812500003], [9.138461631000041, 45.00243550000005], [9.138588223000056, 45.00238187000008], [9.13849824700003, 45.00234677100008], [9.138249549000022, 45.00224166900006], [9.138132746000053, 45.00221220800006], [9.13808928900005, 45.00218955500003], [9.137919897000074, 45.002110507000054], [9.13779211800005, 45.00204893700004], [9.137702311000055, 45.00200643000005], [9.137677610000026, 45.00199333300003], [9.137655633000065, 45.00198168000003], [9.137634564000052, 45.00197175200003], [9.13744964500006, 45.00204311400006], [9.137312036000026, 45.00209621700003], [9.137261680000051, 45.002115649000075], [9.137198094000041, 45.002140188000055], [9.137146617000042, 45.00216005300007], [9.13701145500005, 45.00219847300008], [9.136953981000033, 45.00218112300007], [9.136527039000043, 45.00221367300003], [9.13654054400007, 45.00204155500006], [9.136480560000052, 45.002016826000045], [9.13653751000004, 45.00181480900005], [9.136569641000051, 45.00167659500005], [9.136674495000022, 45.00166938400008], [9.136704225000074, 45.001571917000035], [9.136996363000037, 45.00157156700004], [9.13701800900003, 45.00148695200005], [9.137013426000067, 45.001397498000074], [9.137007871000037, 45.001292988000046], [9.136993408000023, 45.00098653900005], [9.13696161200005, 45.00074122700005], [9.136630718000049, 45.00071682200007], [9.136687100000074, 45.00027654100006], [9.13673306800007, 45.00018259800004], [9.13634350700005, 45.00016003400003], [9.13639274600007, 44.99986590900005], [9.136709864000068, 44.99987438800008], [9.136682992000033, 45.00012419900003], [9.136922854000034, 45.000192999000035], [9.137020242000062, 45.00019819700003], [9.137047539000037, 45.000127305000035], [9.137071903000049, 44.999873954000066], [9.137008879000064, 44.999620707000076], [9.136920803000066, 44.999332062000065], [9.136874845000023, 44.99890519000007], [9.136228110000047, 44.99887761900004], [9.136217577000025, 44.99864733900006], [9.136379804000057, 44.99862057300004], [9.136439953000036, 44.99871616200005], [9.136577314000021, 44.998731941000074], [9.136759533000031, 44.998712236000074], [9.136864401000025, 44.99871388200006], [9.13686387000007, 44.998490676000074], [9.136764049000021, 44.998059418000025], [9.136607466000044, 44.99776113200005], [9.136479355000063, 44.99743356100004], [9.136466677000044, 44.99735208800007], [9.13634436700005, 44.997364634000064], [9.135655666000048, 44.997531974000026], [9.135625451000067, 44.99742395000004], [9.135817589000055, 44.997377663000066], [9.13586768700003, 44.99744669100005], [9.13636174800007, 44.99732387000006], [9.136326638000071, 44.99725836700003], [9.136411443000043, 44.99722283600005], [9.136358793000056, 44.997130782000056], [9.136005948000047, 44.99678930700003], [9.135843270000066, 44.99662298100003], [9.135655504000056, 44.996405311000046], [9.135490247000064, 44.99620355800005], [9.135459942000068, 44.996056561000046], [9.135282224000036, 44.99586368000007], [9.134867127000064, 44.995586048000064], [9.134801974000027, 44.99548338000005], [9.134966361000068, 44.995316666000065], [9.134476499000073, 44.99509403600007], [9.134201193000024, 44.99480383700006], [9.134280473000047, 44.99454156400003], [9.134454795000067, 44.99435358300008], [9.13457928500003, 44.99420817400005], [9.134474125000054, 44.99407898000004], [9.134351227000025, 44.993836431000034], [9.134225972000024, 44.99365411600007], [9.133759359000067, 44.99375918000004], [9.133508888000051, 44.99340872000005], [9.13371096800006, 44.99334825300008], [9.133936401000028, 44.99366685600006], [9.134180939000032, 44.993613424000046], [9.134095602000059, 44.99341866100008], [9.13408161700005, 44.99319204900007], [9.13399255400003, 44.99312294400005], [9.133972223000058, 44.99296885000007], [9.133979263000072, 44.99277574900003], [9.134376117000045, 44.992736311000044], [9.134390981000024, 44.99268669200006], [9.134086319000062, 44.99264984800004], [9.134098315000074, 44.992440799000065], [9.13428796200003, 44.99240337500004], [9.134422744000062, 44.99239081600007], [9.13450720700007, 44.99221179700004], [9.134596965000071, 44.99216209000008], [9.134649391000039, 44.99216202800005], [9.134756319000076, 44.99194030000007], [9.134976780000045, 44.99173676200007], [9.13503767900005, 44.991665554000065], [9.134442961000047, 44.990626837000036], [9.134599051000066, 44.990120009000066], [9.134916600000054, 44.98927109300007], [9.135488677000069, 44.98838467300004], [9.135981232000063, 44.987657779000074], [9.136920717000066, 44.986976405000064], [9.13724734300007, 44.98677367600004], [9.138145135000059, 44.98567554600004], [9.13840102100005, 44.98538521100005], [9.139169235000054, 44.98465481200003], [9.139420828000027, 44.98444015500007], [9.140520152000022, 44.98379227100003], [9.141438976000074, 44.983257698000045], [9.142405310000072, 44.98313027000006], [9.143052541000031, 44.98318925700005], [9.143636769000068, 44.98324432600003], [9.143958723000026, 44.98322664900007], [9.143833986000061, 44.98275514800008], [9.144110948000048, 44.982713611000065], [9.14442484500006, 44.98321576300003], [9.144571798000072, 44.98321391600007], [9.145168918000024, 44.98318392900006], [9.146027657000047, 44.98315327300003], [9.146469889000059, 44.98313477000005], [9.146958400000074, 44.983117494000055], [9.147134280000046, 44.98310543200006], [9.14714402800007, 44.98310472700007], [9.147151758000064, 44.983106631000055], [9.147153442000047, 44.98311079900003], [9.147153117000073, 44.98311433600003], [9.147131971000022, 44.98311529800003], [9.146963041000049, 44.983125252000036], [9.146760619000077, 44.983137111000076], [9.146340362000046, 44.983152707000045], [9.146310089000053, 44.983154822000074], [9.146171572000071, 44.983164498000065], [9.146039469000073, 44.983173727000064], [9.145873777000077, 44.98318260600007], [9.145853627000065, 44.98318368400004], [9.145386988000041, 44.98320868600007], [9.14506773000005, 44.983222659000035], [9.144945840000048, 44.98323269500003], [9.144673715000067, 44.98325250800008], [9.144494571000052, 44.983265550000056], [9.143947489000027, 44.98330581600004], [9.143629253000029, 44.98330854000005], [9.142420292000054, 44.98320786000005], [9.141484571000035, 44.98333789800006], [9.140112482000063, 44.98416864500007], [9.139508661000036, 44.98452811100003], [9.138501753000071, 44.98542880800005], [9.137499322000053, 44.98664835900007], [9.137338704000058, 44.986811972000055], [9.136098213000025, 44.987734311000054], [9.135308488000021, 44.98888039000008], [9.135039943000038, 44.98933243600004], [9.13457115500006, 44.99062573100008], [9.13518730900006, 44.99168934700003], [9.134884696000029, 44.99199196500007], [9.134583139000028, 44.992546891000075], [9.134509003000062, 44.99287116100004], [9.134509227000024, 44.99296682100004], [9.13480155700006, 44.99306745100006], [9.135408046000066, 44.99299498800008], [9.136014557000067, 44.992933151000045], [9.13656116900006, 44.99287935400008], [9.136734258000047, 44.993227244000025], [9.137003808000031, 44.99319503400005], [9.137195598000062, 44.99353227100005], [9.135799562000045, 44.993866093000065], [9.135571766000055, 44.99413740000006], [9.13527257000004, 44.99430516100006], [9.135130439000022, 44.99437973100004], [9.135460727000066, 44.994692892000046], [9.135644816000024, 44.99494245300008], [9.135637540000062, 44.99503280700003], [9.135035799000036, 44.99554105000004], [9.135380061000035, 44.995821644000046], [9.135500050000076, 44.995885275000035], [9.13591622000007, 44.99569013900003], [9.135985780000055, 44.99580763800003], [9.135585546000073, 44.99601139100008], [9.135734256000035, 44.99634270400003], [9.135979238000061, 44.99660481300003], [9.136214739000025, 44.996815782000056], [9.136410863000037, 44.99700354700008], [9.136461605000022, 44.99708054600006], [9.136578445000055, 44.99739329400006], [9.136687942000037, 44.99776783200008], [9.136821786000041, 44.99814234000007], [9.13694440100005, 44.99851951900007], [9.136965890000056, 44.99889349700004], [9.13701091300004, 44.999319927000045], [9.137132565000059, 44.999684484000056], [9.13715733600003, 44.999863153000035], [9.137128072000053, 45.00015548300007], [9.137109194000061, 45.00048500100007], [9.137102287000062, 45.000729473000035], [9.137098827000045, 45.00084905300008], [9.138181386000042, 45.000916836000044], [9.138085131000025, 45.001384623000035], [9.137639296000032, 45.001326703000075], [9.137580540000044, 45.001815702000044], [9.137936230000037, 45.00176478600008], [9.138119312000072, 45.001581216000034], [9.138235003000034, 45.00140835700006], [9.138279218000037, 45.00110538000007], [9.138401866000038, 45.00071196300007], [9.138532600000076, 45.00056565700004], [9.138715641000033, 45.00036747200005], [9.13897892700004, 45.000054929000044], [9.139238515000045, 44.999762317000034], [9.139400846000058, 44.99952031200007], [9.13956315400003, 44.999269007000066], [9.139856344000066, 44.998936495000066], [9.140140472000041, 44.99872888400006], [9.140459434000036, 44.998289095000075], [9.139675945000022, 44.997979161000046], [9.139383433000035, 44.99812187900005], [9.138861104000057, 44.997913908000044], [9.138392343000021, 44.99838462100007], [9.13794625600002, 44.99821244200007], [9.13820382700004, 44.99786137600006], [9.138567390000048, 44.99798051100004], [9.138653606000048, 44.998012293000045], [9.138803077000034, 44.997873936000076], [9.138751409000065, 44.997800693000045], [9.138988093000023, 44.99756034700005], [9.139745160000075, 44.99795017800005], [9.14048788100007, 44.99824421900007], [9.140714770000045, 44.997723747000066], [9.141110093000066, 44.99704832400005], [9.141206773000022, 44.99676653900008], [9.140674746000059, 44.99684014500008], [9.140233471000045, 44.99693514300003], [9.139757146000022, 44.996814699000026], [9.139715796000075, 44.99658236700003], [9.139842570000042, 44.99635369100008], [9.139954869000064, 44.99633229500006], [9.140224433000071, 44.99630007800005], [9.140748590000044, 44.996240974000045], [9.141078021000055, 44.99618742300004], [9.141290797000067, 44.99607410400006], [9.141824734000068, 44.99618504500006], [9.141930769000055, 44.99609581400006], [9.142153611000026, 44.99590828500004], [9.14231098600004, 44.99594263300003], [9.142402723000032, 44.99577125300004], [9.142629012000043, 44.995822661000034], [9.142530778000037, 44.99606338700005], [9.142168807000076, 44.99599595400008], [9.141999172000055, 44.996138452000025], [9.141903612000021, 44.99627927900008], [9.141815998000027, 44.99643882100003], [9.142102905000058, 44.996605869000064], [9.142150023000056, 44.99672937200006], [9.142204895000077, 44.996959153000034], [9.142465325000046, 44.99701861600005], [9.142671411000038, 44.99706220300004], [9.142548305000048, 44.99725633400004], [9.142419537000023, 44.997243541000046], [9.142313045000037, 44.99747475700008], [9.142240436000066, 44.99751214400004], [9.142242129000067, 44.99762872700006], [9.142087368000034, 44.99789597100005], [9.142022617000066, 44.99821491900008], [9.14225908900005, 44.99842853100006], [9.142633916000023, 44.998554281000054], [9.143161139000028, 44.99859015900006], [9.143250973000022, 44.99857011700004], [9.143681393000065, 44.99846062900008], [9.143802738000034, 44.998311673000046], [9.143837449000046, 44.99796486100007], [9.14389496900003, 44.99737887100008], [9.143921360000036, 44.997075249000034], [9.144046182000068, 44.99682066300005], [9.144181427000035, 44.99661588600003], [9.14451252300006, 44.99629444100003], [9.144817981000074, 44.996017703000064], [9.145012439000027, 44.99590585300007], [9.145612005000032, 44.99568121900006], [9.145787663000021, 44.99554082700007], [9.145861009000043, 44.99543898700006], [9.145923823000032, 44.99535795400004], [9.146045438000044, 44.99529337600006], [9.14631461600004, 44.995113669000034], [9.14675771900005, 44.99485003500007], [9.146983903000034, 44.994699610000055], [9.14708816500007, 44.994649819000074], [9.14713793900006, 44.994710207000026], [9.147652838000056, 44.99469957800005], [9.147558791000051, 44.99457079000007], [9.148415385000021, 44.99433239000007], [9.148530958000038, 44.99452050800005], [9.14835987300006, 44.99458888500004], [9.148281070000053, 44.994526542000074], [9.14806788900006, 44.994661062000034], [9.147798757000032, 44.99472828900008], [9.147103869000034, 44.994749943000045], [9.14595599100005, 44.99546355200005], [9.145847725000067, 44.99559655200005], [9.145685122000032, 44.995716335000054], [9.145325977000027, 44.99586426800005], [9.144983593000063, 44.995976307000035], [9.144832223000037, 44.996096074000036], [9.14472476800006, 44.996181739000065], [9.144408148000025, 44.99648772100005], [9.144858980000038, 44.99668312000006], [9.145021886000052, 44.99668224900006], [9.14528897200006, 44.99641087300006], [9.145500932000061, 44.99655542200003], [9.14571703300004, 44.99650976600003], [9.146016348000046, 44.99674209800003], [9.145645072000036, 44.99693102700007], [9.145281447000059, 44.996790658000066], [9.145094074000042, 44.99674306600008], [9.144846912000048, 44.99672432300008], [9.144667468000023, 44.99687381100006], [9.144384727000045, 44.996815051000056], [9.144569451000052, 44.99659380600008], [9.144386216000044, 44.99651598100007], [9.144010440000045, 44.99696565100004], [9.144017990000066, 44.99698092500006], [9.143971521000026, 44.99710046800004], [9.143966161000037, 44.997181940000075], [9.14396698400003, 44.99737159700004], [9.143965373000071, 44.997662898000044], [9.143970381000031, 44.99816709900006], [9.143912797000041, 44.99835317700007], [9.143728377000059, 44.99852832900007], [9.143596443000035, 44.998561711000036], [9.143150533000039, 44.99866773100007], [9.142685425000025, 44.99865336400006], [9.141644987000063, 44.99932560800005], [9.142556540000044, 44.99991703500007], [9.143264438000074, 44.99993475000008], [9.143862746000025, 44.99956198700005], [9.144110237000064, 44.99968390600003], [9.14323194700006, 45.00079905200005], [9.142303757000036, 45.000438606000046], [9.142537959000038, 44.99997551700005], [9.14206901600005, 44.99965723500003], [9.141777425000043, 44.99987548900003], [9.141323605000025, 44.999612987000035], [9.141016835000073, 44.99975154100008], [9.141084146000026, 44.999939993000055], [9.140743520000058, 45.00016972700007], [9.14030862900006, 44.99998957100007], [9.140806679000036, 44.999579081000036], [9.14100355100004, 44.99967981300006], [9.142589572000077, 44.99862986000005], [9.142181054000048, 44.998510794000026], [9.14195015000007, 44.998277245000054], [9.141934638000066, 44.99806202900004], [9.141969758000073, 44.99785260500005], [9.142100307000021, 44.99763853600007], [9.142133745000024, 44.997529549000035], [9.142092003000073, 44.99733242600007], [9.142042224000022, 44.996890060000055], [9.141970481000044, 44.99662895300003], [9.141770002000044, 44.99658004300005], [9.141562359000034, 44.99666400400008], [9.14138717000003, 44.99702506300008], [9.140835662000029, 44.99815240700008], [9.14035040400006, 44.99881199600003], [9.14008874800004, 44.99901958100003], [9.13956600900002, 44.99967389700004], [9.138886354000022, 45.00049315100006], [9.13853584900005, 45.001136623000036], [9.138252015000035, 45.001553030000025], [9.138716842000065, 45.00164127600004], [9.138590012000066, 45.001854008000066], [9.13834281800007, 45.00185430700003], [9.13821727100003, 45.00182257300003], [9.138071292000063, 45.00185995100003], [9.137722319000034, 45.001951236000025], [9.13802744800006, 45.00209585300007], [9.13806381300003, 45.00203253400008], [9.13812285900002, 45.00205637800008], [9.13808567500007, 45.00212281900008], [9.13822852100003, 45.00219027300005], [9.13853436200003, 45.00233837500008], [9.138661972000023, 45.00237905400007], [9.138719115000072, 45.00238894900008], [9.13881139700004, 45.00241042700003], [9.139070885000024, 45.00245927000003], [9.139372516000037, 45.00251071800005], [9.139510216000076, 45.00253380100003], [9.139792969000041, 45.002522826000074], [9.140003616000058, 45.00250928200006], [9.140140288000055, 45.00249449900008], [9.140270408000049, 45.00248105400004], [9.140697295000052, 45.00244332700004], [9.14127019800003, 45.002384162000055], [9.141603476000057, 45.002358505000075], [9.141854288000047, 45.002305050000075], [9.14211616600005, 45.00218382000003], [9.142316324000035, 45.00209455400005], [9.142561361000048, 45.00197866000008], [9.142783930000064, 45.001865449000036], [9.143199070000037, 45.00162577900005], [9.14365914800004, 45.00138472300006], [9.14412104400003, 45.00112373400003], [9.144377232000068, 45.00097726300004], [9.144678098000043, 45.000725774000045], [9.144915578000052, 45.00058862600008], [9.145063209000057, 45.000466207000045], [9.14519025900006, 45.00035178500008], [9.145231401000046, 45.00032914600007], [9.145466972000065, 45.00017871400007], [9.145674558000053, 45.00006950200003], [9.145900752000045, 44.999913767000066], [9.146022205000065, 44.99980865100008], [9.146167989000048, 44.99969819000006], [9.146448448000058, 44.999527768000064], [9.146691345000022, 44.999314878000064], [9.146908159000077, 44.99915516600004], [9.147035230000029, 44.999051371000064], [9.147298827000043, 44.99887964100003], [9.147579347000033, 44.99873578900008], [9.14776263500005, 44.99864786300003], [9.147919672000057, 44.998546685000065], [9.148054244000036, 44.99844819300006], [9.148106265000024, 44.99828869300006], [9.148154684000076, 44.998184998000056], [9.148304168000038, 44.998059915000056], [9.14853978800005, 44.99793471900006], [9.148853916000064, 44.997756277000065], [9.14896604200004, 44.99766844200008], [9.149044462000063, 44.99758065100008], [9.149126722000062, 44.99753005600007], [9.14949711600002, 44.997387411000034], [9.150065695000023, 44.99712891400003], [9.150376442000038, 44.99709263300008], [9.150583916000073, 44.99694887000004], [9.150692282000023, 44.99685705200005], [9.150935292000042, 44.99669729800007], [9.151154187000031, 44.996625264000045], [9.151775946000043, 44.99665632600005], [9.15217494600006, 44.99671425300005], [9.152425895000022, 44.99672587600003], [9.152648640000052, 44.996693692000065], [9.152845166000077, 44.99666021400003], [9.153047323000067, 44.996632042000044], [9.153127816000051, 44.99662263500005], [9.153131780000024, 44.996705003000045], [9.153075669000032, 44.99672899300003], [9.152695696000023, 44.99678530400007], [9.152424259000043, 44.996814896000046], [9.151963541000043, 44.99678628000004], [9.151452225000071, 44.99674178600003], [9.151152615000058, 44.996739526000056], [9.151001134000069, 44.99681280000004], [9.150790155000038, 44.99704824300005], [9.150569555000061, 44.997185381000065], [9.149950322000052, 44.99740674600008], [9.149338496000041, 44.997597539000026], [9.149187048000044, 44.99768542500004], [9.148985177000043, 44.997826521000036], [9.148772012000052, 44.99794504600004], [9.148528930000055, 44.99808088100008], [9.148315968000077, 44.99827912100005], [9.148256341000035, 44.998393459000056], [9.148135147000062, 44.99859689300007], [9.148041737000028, 44.998682046000056], [9.147566730000051, 44.99892712500008], [9.147173989000066, 44.99912426600008], [9.14697220100004, 44.99930123100006], [9.146852342000045, 44.99929673500003], [9.146771041000022, 44.99935795600004], [9.146454229000028, 44.99959219800007], [9.146235076000039, 44.99975357300008], [9.146000970000046, 44.99992692400008], [9.145851871000048, 45.00002211000003], [9.14565368500007, 45.00014592500003], [9.145392848000029, 45.00030203600005], [9.145239074000074, 45.000401546000035], [9.145056871000065, 45.00055224300007], [9.144850347000045, 45.000712270000065], [9.144676986000036, 45.00084236200007], [9.144439589000058, 45.00101372000006], [9.144554897000035, 45.001069044000076], [9.14473113200006, 45.001150531000064], [9.144825814000058, 45.001194919000056], [9.144940663000057, 45.00125356500007], [9.14508875000007, 45.00131150300007], [9.14518018900003, 45.001369182000076], [9.145232688000021, 45.00139435800003], [9.145449694000035, 45.00149107100003], [9.14598249100004, 45.00168337100007], [9.14641365700004, 45.00185952500004], [9.14719361300007, 45.00221724800008], [9.147467299000027, 45.002323183000044], [9.147583502000032, 45.00236023400004], [9.147695543000054, 45.00223520000003], [9.147552631000053, 45.00200686300008], [9.147649629000057, 45.00185793400004], [9.147900521000054, 45.00183900900004], [9.14793105800004, 45.00206217600004], [9.147976516000028, 45.00226140900003], [9.14795446100004, 45.002423528000065], [9.147846117000029, 45.002529956000046], [9.147760280000057, 45.00264964300004], [9.147674497000025, 45.00279058600006], [9.14758598000003, 45.00296076300003], [9.147551626000052, 45.00307440300003], [9.147531144000027, 45.00312026700004], [9.147527964000062, 45.00316743900004], [9.147524585000042, 45.00317107400008], [9.147516960000075, 45.00316334300004], [9.147479678000025, 45.00312553800006], [9.147456635000026, 45.00310217200007], [9.147435685000062, 45.00308092900008], [9.147318134000045, 45.00296173000004], [9.147292893000042, 45.00293613500003], [9.147271056000022, 45.00291399100007], [9.147526387000028, 45.00286273100005], [9.147559897000065, 45.00278562700004], [9.147620377000067, 45.00263641300006], [9.147668753000062, 45.002513786000065], [9.14767571300007, 45.002489198000035], [9.147533238000051, 45.00243125500003], [9.147428282000021, 45.00239817500005], [9.147099320000052, 45.00228068500007], [9.146716919000028, 45.00213569400006], [9.146300747000055, 45.001965502000076], [9.146118897000065, 45.001887346000046], [9.146004516000062, 45.00182969800005], [9.145406422000065, 45.00155078900008], [9.145180486000072, 45.00144080200005], [9.14506519300005, 45.00139179000007], [9.145005174000062, 45.001354664000075], [9.144803645000025, 45.00126856000003], [9.144620860000032, 45.00118907500007], [9.144541149000077, 45.00114068200003], [9.144447398000068, 45.001093635000075], [9.144415509000055, 45.001072418000035], [9.144383379000033, 45.001048377000075], [9.144298997000021, 45.00109697900007], [9.144142784000053, 45.00119092500006], [9.143938087000038, 45.001302372000055], [9.14369918400007, 45.00143453700008], [9.14333543500004, 45.00162996800003], [9.142960018000053, 45.00184035900003], [9.142633184000033, 45.002009169000075], [9.142462046000048, 45.00209574300004], [9.142160440000055, 45.00224392600006], [9.142038855000067, 45.00230021100003], [9.141858310000032, 45.00236952400007], [9.141625255000065, 45.00240900600005], [9.141306479000036, 45.00243032700007], [9.14079066100004, 45.00247680100006], [9.140382009000064, 45.00250420900005], [9.139924242000063, 45.00254961100006], [9.139510408000035, 45.00256440000004], [9.138909972000022, 45.00246847500006], [9.138728695000054, 45.00243016600007], [9.13863360800002, 45.00241101700004], [9.138597755000035, 45.002395283000055], [9.138551923000023, 45.002415932000076], [9.138510765000035, 45.00243308800003], [9.138553753000053, 45.002445212000055], [9.138563365000039, 45.002451310000026], [9.138570388000062, 45.00245286200004], [9.138568634000023, 45.002454311000065]]]}, "properties": {"OBJECTID": 33, "GisId": "{FFDEF5D1-43BD-4B77-8A86-65E186D6FFBC}", "GisDescription": "CROTESI - VIA FRATELLI VIGORELLI", "GisCode": "DCT10", "Shape_Length": 0.18647176536421733, "Shape_Area": 1.767487412320486e-05, "codice_distretto": "DCT10"}}, {"type": "Feature", "id": 34, "geometry": {"type": "Polygon", "coordinates": [[[8.739135453000074, 45.10205979400007], [8.739662518000046, 45.10197844000004], [8.739983878000032, 45.10197438100005], [8.74007795700004, 45.102113538000026], [8.740121343000055, 45.102242997000076], [8.74052053400004, 45.10223192700005], [8.740787459000046, 45.10229721400003], [8.74083009900005, 45.102591965000045], [8.740646921000064, 45.10270653600003], [8.740467137000053, 45.10281872000007], [8.740307570000027, 45.10294771700006], [8.739860790000023, 45.10300898500003], [8.73963049300005, 45.10307074600007], [8.74006153800002, 45.10349574300005], [8.740538612000023, 45.103468081000074], [8.741431668000075, 45.10345812800006], [8.741491420000045, 45.10370979800007], [8.741108732000043, 45.10380954500005], [8.740702515000066, 45.10387569900007], [8.740516396000032, 45.103892046000055], [8.740468649000036, 45.103978178000034], [8.74050197500003, 45.10408844900007], [8.741060838000067, 45.104676632000064], [8.741272734000063, 45.10494541500003], [8.741346676000035, 45.10505098800007], [8.74152650800005, 45.10567903300006], [8.741900483000052, 45.10676507000005], [8.742444841000065, 45.10682618800007], [8.743155891000072, 45.106679264000036], [8.743944260000035, 45.106640310000046], [8.744837803000053, 45.10653211400006], [8.745585534000043, 45.10650264000003], [8.74585630300004, 45.10646970500005], [8.746069481000063, 45.10645580500005], [8.746061961000066, 45.10662587400003], [8.74563549800007, 45.10667762700007], [8.745476370000063, 45.10670841500007], [8.745909528000027, 45.107435235000025], [8.745157752000068, 45.107610832000034], [8.744965198000045, 45.107550513000035], [8.744891437000035, 45.10740182300003], [8.744879037000032, 45.10714786600005], [8.744977543000061, 45.10705705500004], [8.745265348000032, 45.10699780700003], [8.745363566000037, 45.10697167600006], [8.745468646000063, 45.10692399800007], [8.74547909200004, 45.10685694600005], [8.745435616000066, 45.10674425700006], [8.745371791000025, 45.106643502000054], [8.742427324000062, 45.106960300000026], [8.742247917000043, 45.106986247000066], [8.742156570000077, 45.10698843600005], [8.741940039000042, 45.106995134000044], [8.742290457000024, 45.108057160000044], [8.742569179000043, 45.10851534200003], [8.74355756400007, 45.10914280700007], [8.74366546300007, 45.109222103000036], [8.743890416000056, 45.10960350300007], [8.74428165300003, 45.11062728500008], [8.744577383000035, 45.11182932200006], [8.744949378000058, 45.111862494000036], [8.744982605000075, 45.111997916000064], [8.74496864100007, 45.11209490600004], [8.744971416000055, 45.11223145900004], [8.745054136000022, 45.112268775000075], [8.745150177000028, 45.11235403200004], [8.745256552000058, 45.11239738900008], [8.745407054000054, 45.112408505000076], [8.74544817800006, 45.11229001700008], [8.745587518000036, 45.11214779100004], [8.745722715000056, 45.11217683900003], [8.74581021900002, 45.112280043000055], [8.745932149000055, 45.11224917100003], [8.746313151000038, 45.11215898700004], [8.74637625300005, 45.11204294300006], [8.746702663000065, 45.11205684300006], [8.746809108000036, 45.11208462800005], [8.746984522000048, 45.112200003000055], [8.747024923000026, 45.112436056000035], [8.746838205000074, 45.112581772000055], [8.746796802000063, 45.11276374200003], [8.746897768000053, 45.112883744000044], [8.747232285000052, 45.112977912000076], [8.747445403000029, 45.11298317500007], [8.747506342000065, 45.11297372700005], [8.747598173000029, 45.11286373400003], [8.74750120300007, 45.11260480000004], [8.747607083000048, 45.11237745500006], [8.747847357000069, 45.11236121600007], [8.748008240000047, 45.11270413700004], [8.748109248000048, 45.112814556000046], [8.74827525400002, 45.112762220000036], [8.748350389000052, 45.112601882000035], [8.748766682000053, 45.11256447000005], [8.748770054000033, 45.11256687300005], [8.74908398100007, 45.112728065000056], [8.748917525000024, 45.11288341200003], [8.748765263000053, 45.11288786700004], [8.748071276000076, 45.11298695200003], [8.747217887000033, 45.11317431700007], [8.747155932000055, 45.11341373600004], [8.746902013000067, 45.113453897000056], [8.74696196800005, 45.113667236000026], [8.746869764000053, 45.11386107200008], [8.746500550000064, 45.11396086700006], [8.746499670000048, 45.11415969600006], [8.74597142600004, 45.114262729000075], [8.745822414000031, 45.114295936000076], [8.745883738000032, 45.114581444000066], [8.745840891000057, 45.114706815000034], [8.745697107000069, 45.11470559700007], [8.745541484000057, 45.11470375300007], [8.745471017000057, 45.11469632600006], [8.745350251000048, 45.11472099500003], [8.74531610200006, 45.11441189100003], [8.745228755000028, 45.11427275400007], [8.744890161000058, 45.114333085000055], [8.744614636000051, 45.114285755000026], [8.744569402000025, 45.114187436000066], [8.74451257100003, 45.11403399300008], [8.744405420000021, 45.11378461500004], [8.744429401000048, 45.11371759300005], [8.744466959000022, 45.113641019000056], [8.744440289000067, 45.11355232300008], [8.744355806000044, 45.11353057400004], [8.744030796000061, 45.113580152000054], [8.743618187000038, 45.11354808500005], [8.743357907000075, 45.11349719400005], [8.743104469000059, 45.113429548000056], [8.742905153000038, 45.11336442000004], [8.742888537000056, 45.11329730600005], [8.742977027000052, 45.11318012300006], [8.74301455400007, 45.11311073600007], [8.74314707700006, 45.112981674000025], [8.743268956000065, 45.11296278300006], [8.743387410000025, 45.11295346700007], [8.743398557000035, 45.11273070500005], [8.74348718400006, 45.11258237900006], [8.743781537000075, 45.11257824900008], [8.743927505000045, 45.11246838100004], [8.743975650000039, 45.11229361200003], [8.74406749800005, 45.112181226000075], [8.74426722800007, 45.11215292700007], [8.744351881000057, 45.112136348000035], [8.744529622000073, 45.112107999000045], [8.744217871000046, 45.111084395000034], [8.744091457000025, 45.11060499900003], [8.743824288000042, 45.109828238000034], [8.74353919300006, 45.10927901400004], [8.743022852000024, 45.108999967000045], [8.742634775000056, 45.108785889000046], [8.74249321000002, 45.10867058200006], [8.742405719000033, 45.10856737600005], [8.742243771000062, 45.10847118800007], [8.74214653000007, 45.10827932300003], [8.741974987000049, 45.10806094000003], [8.741880828000035, 45.10793615700004], [8.741314225000053, 45.10830379200007], [8.74110872600005, 45.10811407700004], [8.740864986000076, 45.10740443700007], [8.741088522000041, 45.10734505500005], [8.741273852000063, 45.10750597800006], [8.741335918000061, 45.10799481400005], [8.741406353000059, 45.10812912500006], [8.741569043000027, 45.108060022000075], [8.741742131000024, 45.10793584400005], [8.741830279000055, 45.107892923000065], [8.741881163000073, 45.10786189500004], [8.741952450000042, 45.107806958000026], [8.741996589000053, 45.107771125000056], [8.742010520000065, 45.10768252100007], [8.741797345000066, 45.10694420400006], [8.74155847000003, 45.106280093000066], [8.741344776000062, 45.10565915800004], [8.740688312000032, 45.10570558000006], [8.740585096000075, 45.10534122000007], [8.74061275500003, 45.105209527000056], [8.740667312000028, 45.10511382800007], [8.74100555800004, 45.10511938600007], [8.741090234000069, 45.10509562200008], [8.741144616000042, 45.10503825200004], [8.741111179000029, 45.10495193600008], [8.74041408200003, 45.10426282600008], [8.740323272000069, 45.104147633000025], [8.739937620000035, 45.10415394200004], [8.739550955000027, 45.10438303500007], [8.739218562000076, 45.10457871300008], [8.739123259000053, 45.10470785600006], [8.739054951000071, 45.10485143400007], [8.738628560000052, 45.10488878800004], [8.73854903800003, 45.10452447900008], [8.73881476300005, 45.10411305100007], [8.739093033000074, 45.10391725000005], [8.739391444000034, 45.10375503300003], [8.739459728000043, 45.10361624600006], [8.739420074000066, 45.103410136000036], [8.73932566700006, 45.10334284500004], [8.738959693000027, 45.10348574300008], [8.73879063000004, 45.10347098300008], [8.738574232000076, 45.10345132400005], [8.738438361000021, 45.103575583000065], [8.738417692000041, 45.103656984000054], [8.73844394400004, 45.103834316000075], [8.738456534000022, 45.10404036400007], [8.73837482600004, 45.104155164000076], [8.738164730000051, 45.10423613100005], [8.737691184000028, 45.10423025400007], [8.737563808000061, 45.10397603100006], [8.737896291000027, 45.10376119400007], [8.738099817000034, 45.10363709100005], [8.737999412000022, 45.103402095000035], [8.737926179000056, 45.10314320600003], [8.738035122000042, 45.10299014000003], [8.738515992000032, 45.10287146300004], [8.738868170000046, 45.102786028000025], [8.739031100000034, 45.10266183200008], [8.73899190700007, 45.102355110000076], [8.738885352000068, 45.10235606300006], [8.738801400000057, 45.102221720000045], [8.738757531000033, 45.10219886200008], [8.738656286000037, 45.10214832300005], [8.738734455000042, 45.10206705200005], [8.73898153600004, 45.10203288200006], [8.73900676300002, 45.10206408200003], [8.739069313000073, 45.10207021400004], [8.739108249000026, 45.10206191800006], [8.739135453000074, 45.10205979400007]]]}, "properties": {"OBJECTID": 34, "GisId": "{C5A7718F-0BFF-4B78-9DD3-E8FDB79A32FE}", "GisDescription": "FRAZ. GOIDO", "GisCode": "DMD02", "Shape_Length": 0.06955469863979195, "Shape_Area": 1.5684200507611603e-05, "codice_distretto": "DMD02"}}, {"type": "Feature", "id": 35, "geometry": {"type": "Polygon", "coordinates": [[[8.916554706000056, 45.110726054000054], [8.916735607000021, 45.11069107800006], [8.917188645000067, 45.111255146000076], [8.918480382000041, 45.11208669500007], [8.919442437000043, 45.11262917400006], [8.919947272000059, 45.11311597000008], [8.920529199000043, 45.11409843600006], [8.922598020000066, 45.11520323900004], [8.924045402000047, 45.11639535900008], [8.924472816000048, 45.116666397000074], [8.925159282000038, 45.11709822100005], [8.926124326000036, 45.11763576900006], [8.926972609000074, 45.11826042700005], [8.927150177000044, 45.11879172400006], [8.927221519000057, 45.118757351000056], [8.927373957000043, 45.11866337300006], [8.927503648000027, 45.11861756400003], [8.927950991000046, 45.11853065500003], [8.928233033000026, 45.11845740800004], [8.92857319500007, 45.11855628600006], [8.92868969500006, 45.11869173600007], [8.928650565000055, 45.11888445300008], [8.928925777000075, 45.11909342600006], [8.929217305000066, 45.11921292200003], [8.929693585000052, 45.119314176000046], [8.929858549000073, 45.11957585400006], [8.929686410000045, 45.11987862600006], [8.929459274000067, 45.12010105500008], [8.928943798000034, 45.12024070100006], [8.928366862000075, 45.12028393700007], [8.927424441000028, 45.120438884000066], [8.927342918000022, 45.12013873500007], [8.927317305000031, 45.11989091000004], [8.926890581000066, 45.11905083900007], [8.926366532000031, 45.11829789700005], [8.925110219000032, 45.11744351500005], [8.924242281000033, 45.117002393000064], [8.922944585000039, 45.11804783100007], [8.922296845000062, 45.11773992500008], [8.922939468000038, 45.11703364500005], [8.923115274000054, 45.11643259700003], [8.922506671000065, 45.11595492300006], [8.92159983700003, 45.11555046700005], [8.92057038300004, 45.11477879300003], [8.919644621000032, 45.11403012800008], [8.919211190000055, 45.113460779000036], [8.918732388000024, 45.11290057300005], [8.91851241300003, 45.11263425100003], [8.917372732000047, 45.11196342900007], [8.916475053000056, 45.11104367300004], [8.916472830000032, 45.11090255700003], [8.916443872000059, 45.11076142100006], [8.916554706000056, 45.110726054000054]]]}, "properties": {"OBJECTID": 35, "GisId": "{A2B61198-5199-4D13-B445-1F5313A3DAFF}", "GisDescription": "FRAZ. CASCINA NUOVA", "GisCode": "DSB05", "Shape_Length": 0.03763903109417609, "Shape_Area": 1.2293609149876486e-05, "codice_distretto": "DSB05"}}, {"type": "Feature", "id": 36, "geometry": {"type": "Polygon", "coordinates": [[[9.141020703000038, 45.16542588300007], [9.140721821000056, 45.165530741000055], [9.140559831000076, 45.16556165600008], [9.140367535000053, 45.16560219200005], [9.140218848000075, 45.16561791200007], [9.140143920000071, 45.16560506900004], [9.139897518000055, 45.16552587700005], [9.139699003000032, 45.165484829000036], [9.139577548000034, 45.16549063100007], [9.139476798000032, 45.16551268200004], [9.139292693000073, 45.16554169400007], [9.13907806700007, 45.165561955000044], [9.138876517000028, 45.16558098000007], [9.138693716000034, 45.16556572800005], [9.13855608800003, 45.16557137700005], [9.138454455000044, 45.16560211500007], [9.137998596000045, 45.16583392000007], [9.137853325000037, 45.16588932900004], [9.137609317000056, 45.16599516800005], [9.13744467500004, 45.16605430900006], [9.137298822000048, 45.166143358000056], [9.137152465000042, 45.166271907000066], [9.134087038000075, 45.16716567200007], [9.130041384000037, 45.16852310000007], [9.127652986000044, 45.16835127500008], [9.126263816000062, 45.16740623100003], [9.12543518800004, 45.16489749300007], [9.127677358000028, 45.16299009000005], [9.125337702000024, 45.159432872000025], [9.121214873000042, 45.15508987100003], [9.126739059000045, 45.154791971000066], [9.13060598800007, 45.15475759800006], [9.132117016000052, 45.15500966700006], [9.132799414000033, 45.155376312000044], [9.133178558000054, 45.155346257000076], [9.133223883000028, 45.155311862000076], [9.133240742000055, 45.15532196600003], [9.13414390500003, 45.15586325700008], [9.134923789000027, 45.15559400500007], [9.13397875100003, 45.15485324200006], [9.13395962800007, 45.15483825300004], [9.13386769400006, 45.15476619100008], [9.133221852000077, 45.15427350700003], [9.133542743000021, 45.15371780100003], [9.135561508000023, 45.152614965000055], [9.138486077000039, 45.152489641000045], [9.139655904000051, 45.152730262000034], [9.140728246000037, 45.153520868000044], [9.141264417000059, 45.15506767100004], [9.14189807300005, 45.15623634100007], [9.142629215000056, 45.15859079200004], [9.142909488000043, 45.159381316000065], [9.142650382000056, 45.15976527400005], [9.142353008000043, 45.159931897000035], [9.142174839000063, 45.16001741000008], [9.142006708000054, 45.16006169100007], [9.141893048000043, 45.16011691300008], [9.141843707000021, 45.16016838300004], [9.141680998000027, 45.16040361000006], [9.141497558000026, 45.16052979800003], [9.14116725100007, 45.16073873900007], [9.141043144000037, 45.16084377100003], [9.14094999300005, 45.16092260600004], [9.140762498000072, 45.16113949800007], [9.140644463000058, 45.16142975900004], [9.140561006000041, 45.16169792200003], [9.14048469100004, 45.161957588000064], [9.140545432000067, 45.16251568900003], [9.140625101000069, 45.16271388900003], [9.140851028000043, 45.16307569300005], [9.140959789000021, 45.16325518800005], [9.141109552000046, 45.163502350000044], [9.141233601000067, 45.16364174100005], [9.141347654000072, 45.16373707200006], [9.141491346000066, 45.163813438000034], [9.141544689000057, 45.164399168000045], [9.141051167000057, 45.16452375000006], [9.14081354600006, 45.16466121900004], [9.141020703000038, 45.16542588300007]]]}, "properties": {"OBJECTID": 36, "GisId": "{07EA6B26-2E9B-46DA-ABCA-1D0EF0B5F9C7}", "GisDescription": "CHIESA", "GisCode": "DSMS03", "Shape_Length": 0.07039467957315174, "Shape_Area": 0.00021433923441046431, "codice_distretto": "DSMS03"}}, {"type": "Feature", "id": 37, "geometry": {"type": "Polygon", "coordinates": [[[8.812548019000076, 45.35665967300008], [8.813280762000034, 45.355270242000074], [8.814987448000068, 45.35573059700005], [8.815309668000054, 45.35538237000003], [8.81354985400003, 45.35482885600004], [8.814519332000032, 45.35292149800006], [8.815594537000038, 45.353174092000074], [8.816328068000075, 45.35174968900003], [8.815274002000024, 45.35146911500004], [8.816101960000026, 45.34989239400005], [8.816670240000064, 45.348571735000064], [8.818300266000051, 45.34895979800007], [8.81916946900003, 45.34712565900003], [8.81985009400006, 45.34728275400005], [8.820398157000056, 45.34614559500005], [8.820671290000064, 45.34620261900005], [8.820745547000058, 45.34604212800008], [8.819978198000058, 45.34587572500004], [8.820161708000057, 45.34546455200007], [8.820445496000048, 45.345408786000064], [8.820790275000036, 45.345444126000075], [8.821239502000026, 45.34546050700004], [8.821935867000036, 45.345522397000025], [8.822827431000064, 45.34567865500003], [8.823096263000025, 45.34572343000008], [8.823573192000026, 45.34511538700008], [8.824694781000062, 45.34541462100003], [8.824661571000036, 45.34545701600007], [8.825080248000063, 45.34492955500008], [8.82529777700006, 45.34475547200003], [8.825522904000024, 45.34480120300003], [8.825548054000024, 45.344695555000044], [8.825589708000052, 45.34470072800008], [8.82562408900003, 45.344705626000064], [8.825495845000034, 45.34560249900005], [8.826680382000063, 45.34584479200004], [8.827015323000069, 45.34590724900005], [8.827455731000043, 45.34588267700008], [8.827771254000027, 45.34591145100006], [8.82840537900006, 45.34602636000005], [8.829894556000056, 45.346368158000075], [8.828577256000074, 45.348730948000025], [8.827569355000037, 45.34918219200006], [8.826629997000055, 45.349914977000026], [8.825776148000045, 45.35105169900004], [8.824958294000055, 45.35176018200008], [8.823825087000046, 45.35341652300008], [8.822585482000022, 45.35299855400007], [8.822262612000031, 45.35357318100006], [8.821200544000021, 45.354648360000056], [8.819592928000077, 45.35534332800006], [8.817986330000053, 45.35570788200005], [8.814752615000032, 45.356307352000044], [8.813790883000024, 45.35732564600005], [8.81375752200006, 45.35731008000005], [8.81369989600006, 45.35728477200007], [8.814178477000041, 45.35672916100003], [8.812548019000076, 45.35665967300008]]]}, "properties": {"OBJECTID": 37, "GisId": "{12FAD88D-82A4-4D32-8909-607FE685CEC9}", "GisDescription": "VIA TRENTO", "GisCode": "DCS03", "Shape_Length": 0.05741689933293033, "Shape_Area": 9.53897575818469e-05, "codice_distretto": "DCS03"}}, {"type": "Feature", "id": 38, "geometry": {"type": "Polygon", "coordinates": [[[8.980185832000075, 44.93942035800006], [8.980301894000036, 44.939392371000054], [8.980310631000066, 44.93944283600007], [8.98036419300007, 44.93951897900007], [8.979837728000064, 44.93960531400006], [8.979513716000042, 44.939718199000026], [8.978535693000026, 44.94017990100008], [8.977913778000072, 44.94037195200008], [8.977586217000066, 44.94043594500005], [8.977258652000046, 44.940510052000036], [8.97747196000006, 44.94128214500006], [8.976944958000047, 44.941504552000026], [8.976422743000057, 44.941615702000036], [8.975876819000064, 44.94166278700004], [8.975430635000066, 44.941578407000065], [8.975383304000047, 44.94125474200007], [8.975559024000063, 44.941062610000074], [8.976086015000021, 44.94087392300003], [8.976351882000074, 44.940779580000026], [8.976385177000054, 44.94061775900008], [8.976651072000038, 44.940449244000035], [8.976821993000044, 44.94036836500004], [8.977239757000063, 44.940277421000076], [8.977405919000034, 44.940220140000065], [8.977761970000074, 44.94013255400006], [8.977766807000023, 44.939896557000054], [8.977866582000047, 44.93966394900008], [8.978146669000068, 44.939599946000044], [8.978279555000029, 44.939667400000076], [8.978312751000033, 44.939751691000026], [8.97849781800005, 44.93991355300005], [8.978573763000043, 44.939927053000076], [8.97972967800007, 44.93954839600008], [8.980060206000076, 44.93947766100007], [8.980150994000041, 44.93946082000008], [8.980167622000067, 44.93945977200008], [8.980160500000068, 44.93942584400003], [8.980185832000075, 44.93942035800006]]]}, "properties": {"OBJECTID": 38, "GisId": "{DB66E0A8-BF4F-4448-8DDF-99DD76CE5021}", "GisDescription": "VIA DE AMICIS", "GisCode": "DRT08", "Shape_Length": 0.012582744933269734, "Shape_Area": 2.558156387959608e-06, "codice_distretto": "DRT08"}}, {"type": "Feature", "id": 39, "geometry": {"type": "Polygon", "coordinates": [[[9.15229154900004, 45.254573289000064], [9.152962272000025, 45.253030874000046], [9.162307688000055, 45.250481077000074], [9.167807622000055, 45.24919039500003], [9.171295385000064, 45.24893855100004], [9.172696788000053, 45.251357032000044], [9.170624662000023, 45.25419555900004], [9.16731575800003, 45.258602256000074], [9.165324661000056, 45.259614396000075], [9.161247805000073, 45.26168674000007], [9.157581182000058, 45.262945665000075], [9.156494750000036, 45.26360659000005], [9.152380979000043, 45.26134053100003], [9.15229154900004, 45.254573289000064]]]}, "properties": {"OBJECTID": 39, "GisId": "{1C22C28B-5001-426D-ADD3-7FF91079EF6E}", "GisDescription": "Guinzano", "GisCode": "DGSG06", "Shape_Length": 0.05575516620508784, "Shape_Area": 0.000185088793483823, "codice_distretto": "DGSG06"}}, {"type": "Feature", "id": 40, "geometry": {"type": "Polygon", "coordinates": [[[8.99142547200006, 44.97969866300008], [8.991168062000042, 44.979776593000054], [8.990732497000067, 44.979825187000074], [8.990639616000067, 44.97918607100007], [8.990292168000053, 44.97908878700008], [8.990042600000038, 44.97899151000007], [8.98988605900007, 44.978633735000074], [8.989900802000022, 44.978286395000055], [8.989847009000073, 44.97806409200007], [8.989127591000056, 44.97824811600003], [8.988785075000067, 44.97799452300006], [8.988697063000075, 44.97761244000003], [8.988594316000047, 44.97750128000007], [8.988403442000049, 44.97760199000004], [8.987356202000058, 44.97751851700008], [8.985976126000025, 44.97771286700004], [8.985506411000074, 44.977386308000064], [8.986113398000043, 44.97668475300003], [8.986965003000023, 44.97620552200004], [8.987659940000071, 44.97599719500005], [8.987493608000023, 44.97576098400003], [8.987405588000058, 44.97546920800005], [8.986153152000043, 44.97417695200005], [8.985331359000043, 44.972981995000055], [8.985096508000026, 44.97287081500008], [8.983804827000029, 44.97231489300003], [8.983041832000026, 44.97110603300007], [8.980086346000064, 44.971133343000076], [8.978501119000043, 44.97070235100006], [8.978951708000068, 44.969549261000054], [8.97944136500007, 44.96856289900006], [8.979167566000058, 44.96799320900004], [8.979388034000067, 44.96719088900005], [8.979241413000068, 44.96673584400003], [8.979534426000043, 44.96649727700003], [8.980161415000055, 44.96628793700006], [8.981756734000044, 44.965409427000054], [8.983371514000055, 44.96474277600004], [8.984663160000025, 44.96477421800006], [8.985338156000068, 44.96551414600003], [8.984941640000045, 44.96630603400007], [8.983664485000077, 44.96680603100003], [8.984089974000028, 44.96748340800008], [8.98488253000005, 44.967816964000065], [8.985278700000038, 44.96842139000006], [8.984691507000036, 44.96856719700003], [8.98508761000005, 44.96944255100004], [8.986981248000063, 44.96928647900006], [8.98762718100005, 44.969036464000055], [8.989168491000044, 44.968953259000045], [8.989241869000068, 44.969036628000026], [8.995715374000042, 44.968120071000044], [8.999421762000054, 44.96790132500007], [8.999460300000067, 44.968333622000046], [8.999641939000071, 44.96865158500003], [8.999663953000038, 44.96926637900003], [8.99929697400006, 44.96948520300003], [8.998805226000059, 44.96939662700004], [8.998629092000044, 44.96876619900007], [8.998181389000024, 44.96864115000005], [8.994783205000033, 44.96887029200008], [8.995377607000023, 44.970047806000025], [8.99405641900006, 44.97058438800008], [8.992573868000022, 44.97007370800003], [8.992500515000074, 44.96974025600008], [8.991458315000045, 44.96959429800006], [8.986437943000055, 44.970052304000035], [8.985234177000052, 44.97031266100004], [8.985498230000076, 44.97101085200006], [8.986834145000046, 44.97065672600007], [8.987626696000063, 44.97129244900003], [8.987905500000068, 44.97180307200006], [8.988507191000053, 44.97268885500006], [8.988742048000063, 44.972803501000044], [8.990048428000023, 44.97358514100006], [8.990767621000032, 44.97442924100005], [8.99104649000003, 44.97479397200004], [8.99153091100004, 44.97503367500008], [8.992822838000052, 44.97468989500004], [8.993659644000047, 44.974502381000036], [8.994936901000074, 44.97378344700007], [8.995597520000047, 44.973658432000036], [8.996566377000022, 44.97423157800006], [8.996507646000055, 44.97438788000005], [8.99753527100006, 44.974398327000074], [8.998856509000063, 44.97413784200006], [9.000148374000048, 44.97408574600007], [9.00083834000003, 44.973554310000054], [9.00223294500006, 44.97333546600004], [9.00277611000007, 44.97335629500003], [9.00343672400004, 44.97353342100007], [9.003598230000023, 44.97391896600004], [9.00433227700006, 44.974387851000074], [9.004493844000024, 44.97544029000005], [9.00484633000002, 44.97724297800005], [9.004927099000042, 44.97751911100005], [9.003701231000036, 44.97765462000007], [9.003165382000077, 44.97790472200006], [9.002974546000075, 44.978295486000036], [9.002849772000047, 44.97866540700005], [9.00274700600005, 44.97871751100007], [9.002730494000048, 44.97884385700007], [9.002601280000022, 44.97886946800003], [9.001917512000034, 44.978981942000075], [9.001198111000065, 44.97871102500005], [9.00062553500004, 44.97878397200003], [9.000008912000055, 44.97651236100006], [8.99481183000006, 44.97700199500008], [8.994518130000074, 44.977825180000025], [8.993916174000049, 44.97807523500006], [8.993622467000023, 44.97879421500005], [8.993204018000029, 44.979028647000064], [8.992407538000066, 44.979078092000066], [8.992260697000063, 44.979270857000074], [8.991655070000036, 44.97934636100007], [8.991581609000036, 44.97970324900007], [8.99142547200006, 44.97969866300008]]]}, "properties": {"OBJECTID": 40, "GisId": "{6B5E3C97-96A3-4745-AEBB-694751BE2CE8}", "GisDescription": "FRAZ. VALLE", "GisCode": "DVH06", "Shape_Length": 0.11635456197162651, "Shape_Area": 0.00012933788847080977, "codice_distretto": "DVH06"}}, {"type": "Feature", "id": 41, "geometry": {"type": "Polygon", "coordinates": [[[9.206438641000034, 45.31499228300004], [9.206347299000072, 45.31482893400005], [9.206474962000073, 45.31446084800007], [9.206721850000065, 45.31436180000003], [9.206973255000037, 45.31402761900006], [9.20717045400005, 45.31356838800008], [9.206852925000021, 45.31345519400003], [9.206900209000025, 45.31315551300003], [9.207367344000033, 45.31302572700008], [9.207927743000027, 45.311943892000045], [9.20915928100004, 45.31214263700008], [9.209330838000028, 45.31202476000004], [9.208115454000051, 45.31183357100008], [9.207992341000022, 45.31160298000003], [9.208264222000025, 45.31136305100006], [9.20953307800005, 45.31148208500008], [9.21277118300003, 45.31216630400007], [9.215536417000067, 45.312858910000045], [9.215860888000066, 45.313381640000046], [9.215417106000075, 45.31541517100004], [9.213537101000043, 45.318611848000046], [9.211794657000041, 45.318387553000036], [9.20980370600006, 45.31782237700003], [9.209790185000031, 45.31707151900008], [9.210066470000072, 45.31619877400004], [9.209409342000072, 45.315828331000034], [9.207645417000037, 45.315581257000076], [9.20726994000006, 45.31579431100005], [9.206852840000067, 45.31638667100003], [9.206487526000046, 45.31644042500005], [9.206572178000044, 45.316068622000046], [9.207130327000073, 45.31583248700008], [9.206183633000023, 45.31564458300005], [9.206438641000034, 45.31499228300004]]]}, "properties": {"OBJECTID": 41, "GisId": "{84859978-4229-44AC-8359-62B9B7D0E464}", "GisDescription": "ZONA INDUSTRIALE EST", "GisCode": "DSZ02", "Shape_Length": 0.0334609025735351, "Shape_Area": 4.430312534459104e-05, "codice_distretto": "DSZ02"}}, {"type": "Feature", "id": 42, "geometry": {"type": "Polygon", "coordinates": [[[8.745350251000048, 45.11472099500003], [8.745471017000057, 45.11469632600006], [8.745541484000057, 45.11470375300007], [8.745678941000051, 45.11577548400004], [8.745990566000046, 45.115671072000055], [8.745895229000041, 45.11528277900004], [8.746043850000035, 45.115242684000066], [8.746230269000023, 45.11569181800007], [8.745761582000057, 45.115808008000045], [8.745833596000068, 45.116305397000076], [8.745735693000029, 45.11649517700005], [8.743671019000033, 45.11856436900007], [8.743099813000072, 45.12116241700005], [8.74311489300004, 45.12161925400005], [8.743123809000053, 45.122177141000066], [8.743012761000045, 45.12274688400004], [8.742187303000037, 45.12472585000006], [8.742119431000049, 45.12583939800004], [8.742022407000036, 45.12583716600005], [8.741940853000074, 45.12492741900007], [8.741976135000073, 45.124701119000065], [8.742859243000055, 45.12260100800006], [8.742796542000065, 45.122576612000046], [8.742636299000026, 45.12265710100007], [8.741471398000044, 45.122666597000034], [8.741513485000041, 45.12219776200004], [8.741328874000033, 45.12135246100007], [8.74280851800006, 45.12118197400008], [8.743396524000048, 45.118660772000055], [8.743316824000033, 45.11860804100007], [8.74267769200003, 45.11852979500003], [8.742193794000059, 45.11821338800007], [8.742057192000061, 45.11685075400004], [8.743010942000069, 45.11679226700005], [8.744738831000063, 45.117261030000066], [8.745490206000056, 45.11649058800003], [8.745570839000038, 45.11633310900004], [8.745350251000048, 45.11472099500003]]]}, "properties": {"OBJECTID": 42, "GisId": "{D0E11CA2-7267-48B0-98C1-C0FFE5F1492B}", "GisDescription": "RILANCIO GOIDO", "GisCode": "DMD07", "Shape_Length": 0.03293755548573089, "Shape_Area": 7.917847248150705e-06, "codice_distretto": "DMD07"}}, {"type": "Feature", "id": 43, "geometry": {"type": "Polygon", "coordinates": [[[8.802204978000077, 45.25151298800006], [8.802253507000046, 45.251520353000046], [8.802447072000064, 45.25166967100006], [8.802423275000024, 45.25168531500003], [8.802405314000055, 45.25170027100006], [8.802214951000053, 45.251544582000065], [8.801665607000075, 45.25208303000005], [8.80178805600002, 45.25221010800004], [8.801917694000053, 45.25230882000005], [8.801843596000026, 45.25254907000004], [8.801873089000026, 45.25290300900008], [8.801891774000069, 45.25296647400006], [8.801838563000047, 45.253316932000075], [8.802126772000065, 45.25335081700007], [8.802353246000052, 45.253468059000056], [8.802300488000071, 45.253688313000055], [8.802328270000032, 45.25385529000005], [8.802526733000036, 45.25387232600008], [8.802607086000023, 45.25387246500003], [8.80272102500004, 45.25372910300007], [8.802815963000057, 45.253612418000046], [8.80298631900007, 45.25355595600007], [8.80313758400007, 45.25355287800005], [8.803298591000043, 45.25346635200003], [8.803394150000031, 45.253169384000046], [8.803418542000031, 45.252949081000054], [8.803555902000028, 45.25286585300006], [8.803877128000067, 45.25291982200008], [8.803985288000035, 45.25308025900006], [8.803997792000075, 45.25356771100007], [8.804043578000062, 45.25399846500005], [8.803858845000036, 45.254111660000035], [8.80378746200006, 45.25425175700008], [8.803808980000042, 45.25486609100005], [8.803893062000043, 45.255156691000025], [8.803957917000048, 45.255540738000036], [8.80433671700007, 45.255351089000044], [8.804596978000063, 45.25526807000006], [8.80484750000005, 45.25526849900007], [8.805069340000045, 45.25536235700008], [8.805200972000023, 45.25557291200005], [8.805370887000038, 45.255646650000074], [8.80553972000007, 45.25603755000003], [8.805519570000058, 45.25640142000003], [8.804909777000034, 45.25640705600006], [8.804720448000069, 45.256480182000075], [8.804624536000063, 45.25688064600007], [8.804552865000062, 45.257104207000054], [8.80444625900003, 45.25786521800006], [8.804104616000075, 45.25824189100007], [8.803848907000031, 45.258371657000055], [8.803215583000053, 45.25834052000005], [8.802884643000027, 45.258353303000035], [8.802053142000034, 45.25821832200006], [8.802049901000032, 45.25779098000004], [8.801880690000075, 45.25751358600007], [8.801762713000073, 45.25745662600008], [8.801526573000046, 45.257396121000056], [8.801328529000045, 45.257255557000065], [8.801064249000035, 45.25713157000007], [8.800704860000053, 45.25717100600008], [8.800465623000036, 45.25799521400006], [8.800337279000075, 45.25819864300007], [8.800181147000046, 45.25823843300003], [8.800081503000058, 45.25834509200007], [8.799943762000055, 45.25853181100007], [8.799786982000057, 45.25875522000007], [8.799593018000053, 45.25879828200004], [8.799357733000022, 45.25849405900004], [8.798974957000041, 45.25846000000007], [8.798928419000049, 45.25959169200007], [8.798792238000033, 45.26067314800008], [8.798626034000051, 45.261407183000074], [8.798371859000042, 45.26209781700004], [8.797670667000034, 45.26447948400005], [8.79732345900004, 45.264782671000034], [8.797112920000075, 45.266154447000076], [8.797372172000053, 45.26703628800004], [8.797172429000057, 45.267366450000054], [8.79634791500007, 45.26737265200006], [8.795780576000027, 45.26737163900003], [8.79508093000004, 45.26720747400003], [8.794402567000077, 45.266530196000076], [8.794364899000072, 45.26517801000006], [8.796868901000039, 45.264462353000056], [8.797295143000042, 45.26424944200005], [8.797944378000068, 45.26266545200008], [8.79824602900004, 45.26158679500003], [8.798587285000053, 45.259811436000064], [8.798810607000064, 45.25814922400008], [8.798836281000035, 45.25757169700006], [8.798765412000023, 45.25756155600004], [8.798548099000072, 45.25752444900007], [8.798354588000052, 45.25744064300005], [8.798236898000027, 45.25730355400003], [8.798190444000056, 45.25707311100007], [8.798163075000048, 45.25679262300008], [8.798125851000066, 45.25662562900004], [8.798036418000038, 45.256518637000056], [8.797862020000025, 45.256378108000035], [8.79776811000005, 45.256200998000054], [8.797735733000025, 45.25600062600006], [8.797902251000039, 45.255697112000064], [8.798167214000046, 45.25562413100005], [8.798149171000034, 45.255380384000034], [8.79818735200007, 45.255276956000046], [8.798173999000028, 45.25504323300004], [8.798241191000045, 45.25475623400007], [8.798553194000021, 45.254746769000064], [8.798808344000065, 45.25477392700003], [8.798917096000025, 45.25476410400006], [8.798959990000071, 45.25466402200004], [8.798846948000062, 45.25455031200005], [8.798719809000033, 45.25441320600004], [8.798668287000055, 45.25427957200003], [8.798455773000057, 45.25422578100006], [8.798158049000051, 45.25420856200003], [8.79789826900003, 45.25415468500006], [8.797837117000029, 45.254071113000066], [8.79802686100004, 45.25388115000004], [8.79815454100003, 45.253864683000074], [8.798390781000023, 45.25389180900004], [8.79867893200003, 45.25394239600007], [8.798692653000046, 45.25407262400006], [8.798823881000033, 45.25439002000007], [8.799201066000023, 45.25466110700006], [8.799442249000037, 45.25462814500003], [8.799666805000072, 45.25461852300003], [8.799655640000026, 45.25443321400007], [8.799633396000047, 45.254037554000035], [8.799444223000023, 45.254067269000075], [8.799354322000056, 45.25409382000004], [8.799245748000033, 45.25405356600004], [8.799165759000061, 45.25394993000003], [8.799237847000029, 45.25361286200007], [8.79934262200004, 45.253389361000075], [8.799513051000076, 45.25331287300003], [8.799758756000074, 45.253336674000025], [8.79988578900003, 45.25350382500005], [8.799941969000031, 45.25365749800005], [8.800130743000068, 45.25374129200003], [8.800301699000045, 45.25351456900006], [8.800467929000035, 45.25328783700007], [8.800468022000075, 45.253261129000066], [8.80038311800007, 45.253210901000045], [8.800189618000047, 45.25312709900004], [8.799910817000068, 45.253106580000065], [8.799618001000056, 45.253039295000065], [8.79944321000005, 45.253012280000064], [8.79925449700005, 45.25291179100003], [8.799316884000064, 45.252644814000064], [8.799614765000058, 45.25261529000005], [8.799949802000071, 45.25277279000005], [8.800115222000045, 45.25277641900004], [8.800483814000074, 45.25280043400005], [8.800482938000073, 45.25305082500006], [8.800643644000047, 45.25305110600004], [8.800762428000041, 45.25287436800005], [8.800966464000055, 45.25264770100006], [8.801237010000023, 45.25232433100007], [8.801388854000038, 45.252154328000074], [8.802162769000063, 45.251491713000064], [8.802204978000077, 45.25151298800006]]]}, "properties": {"OBJECTID": 43, "GisId": "{AF8E058B-A8BE-463D-9746-1352696D1B03}", "GisDescription": "GARBANA", "GisCode": "DGM07", "Shape_Length": 0.0613551165051675, "Shape_Area": 3.889235417687401e-05, "codice_distretto": "DGM07"}}, {"type": "Feature", "id": 44, "geometry": {"type": "Polygon", "coordinates": [[[9.258879037000042, 45.08229741400004], [9.25954989500002, 45.08036878400003], [9.259936134000043, 45.08050514700005], [9.260734782000043, 45.08038993400004], [9.260992412000064, 45.078710225000066], [9.260563030000071, 45.07855256100004], [9.26060596800005, 45.077066853000076], [9.264449759000058, 45.07789720900007], [9.264217345000077, 45.07702790400003], [9.267018663000044, 45.07774962900004], [9.278095670000027, 45.08005907900008], [9.277452737000033, 45.08020650200007], [9.275529109000047, 45.08098267100007], [9.274674163000043, 45.08221158400005], [9.275132170000063, 45.085639462000074], [9.273997163000047, 45.087788587000034], [9.272691440000074, 45.087891126000045], [9.268979392000062, 45.08794038700006], [9.269517926000049, 45.099226814000076], [9.269941262000032, 45.10117789600008], [9.269241012000066, 45.106996982000055], [9.26743798700005, 45.10902433600006], [9.266565436000064, 45.10847314600005], [9.267037124000069, 45.107407343000034], [9.263505165000026, 45.10686068800004], [9.263904119000074, 45.09466374800007], [9.264258836000067, 45.089946058000066], [9.260778559000073, 45.08786120500008], [9.259298168000043, 45.08698926400007], [9.258667122000077, 45.08636359900004], [9.258879037000042, 45.08229741400004]]]}, "properties": {"OBJECTID": 44, "GisId": "{CABE36A0-6B30-40DA-B8D4-06B73D0834C8}", "GisDescription": "NORD AUTOSTRADA", "GisCode": "DBRN04", "Shape_Length": 0.09639514282347274, "Shape_Area": 0.000266651750078258, "codice_distretto": "DBRN04"}}, {"type": "Feature", "id": 45, "geometry": {"type": "Polygon", "coordinates": [[[8.916496574000064, 45.20299032300005], [8.91642814000005, 45.20298322700006], [8.91604613100003, 45.202860530000066], [8.916007785000033, 45.20286268900003], [8.915661206000038, 45.20280089700003], [8.914106229000026, 45.20279307100003], [8.91384264800007, 45.202879438000025], [8.913792284000067, 45.20265697200006], [8.913863530000071, 45.20212416700008], [8.913878220000072, 45.20172577900007], [8.914160614000025, 45.20130767200004], [8.915090624000072, 45.20117888800007], [8.915612119000059, 45.201019915000074], [8.914951813000073, 45.19978936700005], [8.914402413000062, 45.19977401600005], [8.914120571000069, 45.19983107500008], [8.913821183000039, 45.19984578900005], [8.913444403000028, 45.19980068400008], [8.913056994000044, 45.19979790000008], [8.913046203000022, 45.19994480200006], [8.912936666000064, 45.200178778000065], [8.912763866000034, 45.20032555500006], [8.912619388000053, 45.20037524500003], [8.912541882000028, 45.20039012600006], [8.91232339000004, 45.20047461900003], [8.912263359000065, 45.20057666200006], [8.912118742000075, 45.20071599100004], [8.911622238000064, 45.20065335800007], [8.911643647000062, 45.20047409500006], [8.911784649000026, 45.20039452300006], [8.911957745000052, 45.20005850800004], [8.912436841000044, 45.19998666600003], [8.912888681000027, 45.19931222200006], [8.912821868000037, 45.199244942000064], [8.91275150100006, 45.19919757800005], [8.912751688000071, 45.19907556800007], [8.91282235500006, 45.19892622200007], [8.91286827600004, 45.19883661700004], [8.912808529000074, 45.19875440200008], [8.91272746900006, 45.198791690000064], [8.912677809000058, 45.19902322200005], [8.912416970000038, 45.19916495200005], [8.912170503000027, 45.19912243300007], [8.912078975000043, 45.19909497300006], [8.911871344000076, 45.198990233000075], [8.911670693000076, 45.198927827000034], [8.911409949000074, 45.199007306000055], [8.911349916000063, 45.19911183900007], [8.911177129000066, 45.19924865400003], [8.911095886000055, 45.19940297000005], [8.910810462000029, 45.19949736800004], [8.91035962500007, 45.19951693500008], [8.910272104000057, 45.19918071700005], [8.90932785800004, 45.199416521000046], [8.90813324000004, 45.19984384500003], [8.907766845000026, 45.19991327000008], [8.904130330000044, 45.20102081400006], [8.904277286000024, 45.20159861700006], [8.904459924000037, 45.20190254900007], [8.904544262000059, 45.202017159000036], [8.904797810000048, 45.20204227000005], [8.904995081000038, 45.20202251500007], [8.905058230000066, 45.20217196700003], [8.90487487300004, 45.20229631500007], [8.904452347000074, 45.202221261000034], [8.904066615000033, 45.20121000000006], [8.90372862700002, 45.201135015000034], [8.903087214000038, 45.20137351300008], [8.902981409000063, 45.201458083000034], [8.90298120500006, 45.20157760200004], [8.902903364000053, 45.201786696000056], [8.90264961400004, 45.20188110000004], [8.902099711000062, 45.20214955000006], [8.901556957000025, 45.20235326300008], [8.901084746000038, 45.20249727400005], [8.900415259000056, 45.20266103200004], [8.899456576000034, 45.20303867200005], [8.898674405000065, 45.20318239900007], [8.898125457000049, 45.20289805200008], [8.897667553000076, 45.20291258200007], [8.895598891000077, 45.20355063900007], [8.894911618000037, 45.20379402900005], [8.894358350000061, 45.203947897000035], [8.894151372000067, 45.203870496000036], [8.89392896000004, 45.20377569000004], [8.893922259000021, 45.20359142400008], [8.894092709000063, 45.20284458400005], [8.895591684000067, 45.19978824900005], [8.894972281000037, 45.199538682000025], [8.894691206000061, 45.19916990400003], [8.894284326000047, 45.19827312800004], [8.894130140000073, 45.19785466600007], [8.895075105000046, 45.19724797900005], [8.896103356000026, 45.19730867900006], [8.896793915000046, 45.19714994600008], [8.897428514000069, 45.19677203700007], [8.898062590000052, 45.196682965000036], [8.899470938000036, 45.19688341400007], [8.901541716000054, 45.196895177000044], [8.902541811000049, 45.196945835000065], [8.904697131000034, 45.19694765400004], [8.90651478500007, 45.19669019600008], [8.907008139000027, 45.19650135900008], [8.907839912000043, 45.19610363400005], [8.908586372000059, 45.19619387400007], [8.908812001000058, 45.19604465400005], [8.908573226000044, 45.19560622300003], [8.908658527000057, 45.19511825200004], [8.908779321000054, 45.19445600900008], [8.908167298000023, 45.193997359000036], [8.908097731000055, 45.19345946300007], [8.90830958500004, 45.19311103300004], [8.90875361600007, 45.192912189000026], [8.909633806000045, 45.19303240900007], [8.911007083000072, 45.193108187000064], [8.911028756000064, 45.19275960300007], [8.91155722800005, 45.192600655000035], [8.911698582000042, 45.19228204400008], [8.911684927000067, 45.192003154000076], [8.912086802000033, 45.19172458400004], [8.912164849000021, 45.191351144000066], [8.912017387000049, 45.19106717000005], [8.91179977400003, 45.190603862000046], [8.911349418000043, 45.190359493000074], [8.910322346000044, 45.190270971000075], [8.910571288000028, 45.18982134500004], [8.910611903000074, 45.18975659800003], [8.910607476000052, 45.18967914500007], [8.910586437000063, 45.189621858000066], [8.910551263000059, 45.18959693100004], [8.910438562000024, 45.189609293000046], [8.910339965000048, 45.189609215000075], [8.910315472000036, 45.18950959600005], [8.910396603000038, 45.18942002000006], [8.910565641000062, 45.189410192000025], [8.910713777000069, 45.18925592800008], [8.91062944500004, 45.18914132200007], [8.910453700000062, 45.18893700400008], [8.910411570000065, 45.18885729100003], [8.910390482000025, 45.18883237400007], [8.910143953000045, 45.18885708100004], [8.909911652000062, 45.18879215800007], [8.909799302000067, 45.18858290900005], [8.909750210000027, 45.18845339000006], [8.909701022000036, 45.18838363100008], [8.909588619000033, 45.18820924200003], [8.909257481000054, 45.18829861900008], [8.909053425000025, 45.18818889700003], [8.909082260000048, 45.18777060000008], [8.909321867000074, 45.18766621000003], [8.909652639000058, 45.187805912000044], [8.910644675000071, 45.18840927400004], [8.910855809000054, 45.18849907900005], [8.911362961000066, 45.18843971300004], [8.912207868000053, 45.188564866000036], [8.912651332000053, 45.188704646000076], [8.912862060000066, 45.189063367000074], [8.913051618000054, 45.18945195200007], [8.913502261000076, 45.18950707400006], [8.913910921000024, 45.189382882000075], [8.913651662000063, 45.188511187000074], [8.91397601500006, 45.18824749100003], [8.914173555000048, 45.18801357900003], [8.914033051000047, 45.18778439400006], [8.913920793000045, 45.187505429000055], [8.914223846000027, 45.18735127600007], [8.914132753000047, 45.18704742800003], [8.913936319000072, 45.186549279000076], [8.913740467000025, 45.18566767100003], [8.913937948000068, 45.18546862000005], [8.914480042000037, 45.185568627000066], [8.91579637600006, 45.18593812600005], [8.916309951000073, 45.18628212300007], [8.916513709000071, 45.18660099300007], [8.916125932000057, 45.18690946900006], [8.915688964000026, 45.18714320700008], [8.91592029700007, 45.18786547900004], [8.915898980000065, 45.187994943000035], [8.916229784000052, 45.18812466600008], [8.916525705000026, 45.18803026300003], [8.917053504000023, 45.188294588000076], [8.917313701000069, 45.188553736000074], [8.917552563000072, 45.18895728900003], [8.917284333000055, 45.18938039600005], [8.916917872000056, 45.189549449000026], [8.916635795000047, 45.18980322400006], [8.916945455000075, 45.189952849000065], [8.917177841000068, 45.18996795800007], [8.917501553000022, 45.19014249300005], [8.918043847000035, 45.19013790300005], [8.918388470000025, 45.19046683000005], [8.919212652000056, 45.19033793600005], [8.919641045000049, 45.191199778000055], [8.920084187000043, 45.19159848900006], [8.920464619000029, 45.19151409500006], [8.920556557000054, 45.19124025900004], [8.920557077000069, 45.19086675900007], [8.920677213000033, 45.19057302300007], [8.921135212000024, 45.19041398000007], [8.922120900000039, 45.190628797000045], [8.922451416000058, 45.19099256100003], [8.92495916200005, 45.19060579600006], [8.925128751000045, 45.190177627000025], [8.924749151000071, 45.188973307000026], [8.924835689000076, 45.18894106700003], [8.924891829000046, 45.188923601000056], [8.92486722800004, 45.18888623400005], [8.925018714000032, 45.18883279900007], [8.924997634000022, 45.18879668000005], [8.925631660000022, 45.188643960000036], [8.925540375000026, 45.188438475000055], [8.925646278000045, 45.18823545400005], [8.925727951000056, 45.187707626000076], [8.926080342000034, 45.187498695000045], [8.926714704000062, 45.187070823000056], [8.927532106000058, 45.186682904000065], [8.927335493000044, 45.18623457900003], [8.927871330000073, 45.18573691800003], [8.929026243000067, 45.18573764200005], [8.929441287000031, 45.186096460000044], [8.929581947000031, 45.18624594700003], [8.929715393000038, 45.18653486900007], [8.92977843600005, 45.186808807000034], [8.930109180000045, 45.187008211000034], [8.930278025000064, 45.18714775400008], [8.930397266000057, 45.18754124700007], [8.930580209000027, 45.18767083800003], [8.930897075000075, 45.187705891000064], [8.93143195600004, 45.18799007400003], [8.931297844000028, 45.188243973000056], [8.93112035300004, 45.18942910700008], [8.93124686300007, 45.18964332300004], [8.931528382000067, 45.18979787300003], [8.93195074700003, 45.189962465000065], [8.932387150000068, 45.19016690400008], [8.932492808000063, 45.19015202600008], [8.932598566000024, 45.19005248900004], [8.932655078000039, 45.18990810200006], [8.932683301000054, 45.18986329900008], [8.932676341000047, 45.18979357400008], [8.93259902400007, 45.189664048000054], [8.932423153000059, 45.18949960500004], [8.932381304000046, 45.18915596000005], [8.932248134000076, 45.18861804100004], [8.93242446100004, 45.18839404500005], [8.932797778000065, 45.18833948500003], [8.933205903000044, 45.188628565000045], [8.933360269000048, 45.18911669600004], [8.93340207700004, 45.18950018000004], [8.933176544000048, 45.18964446800004], [8.932894692000048, 45.18976880300005], [8.932725305000076, 45.19007746300008], [8.933168803000058, 45.190242064000074], [8.933570057000054, 45.19039667800007], [8.93374620000003, 45.190332040000044], [8.933739389000038, 45.19013283600003], [8.933654975000024, 45.19004812700007], [8.933514266000032, 45.189923546000045], [8.933641561000059, 45.18947043900005], [8.933839013000068, 45.18924645300007], [8.93420549800004, 45.18901260600006], [8.934536430000037, 45.18907255600004], [8.934810839000022, 45.18929183200004], [8.93528214500003, 45.18977516100006], [8.93548613400003, 45.18999439700008], [8.935732488000042, 45.190119035000066], [8.936303052000028, 45.190024735000065], [8.937091793000036, 45.190060032000076], [8.937542389000043, 45.19018477900005], [8.93711214800004, 45.190762223000036], [8.93666098600005, 45.19114543400008], [8.936160828000027, 45.19124973600003], [8.935498807000045, 45.19124438400007], [8.934991826000044, 45.19115445700004], [8.93485793900004, 45.19121912000003], [8.934857683000075, 45.19144322000005], [8.934962900000073, 45.19181678000007], [8.93526523600002, 45.19226515100007], [8.935920406000037, 45.192111141000055], [8.938414222000063, 45.19154105800004], [8.941045506000023, 45.19079295600005], [8.941510452000045, 45.19067367500003], [8.941390818000059, 45.19058397400005], [8.941264130000036, 45.190504229000055], [8.941151605000073, 45.190349791000074], [8.941102753000052, 45.18991650600003], [8.941349518000038, 45.18965269200004], [8.941715775000034, 45.18961304000004], [8.942039590000036, 45.18975762500003], [8.941996990000064, 45.19009624300003], [8.942264360000024, 45.190345379000064], [8.94286302200004, 45.190315800000064], [8.943172723000032, 45.19049523500007], [8.943250009000053, 45.190679533000036], [8.943278077000059, 45.19078412700003], [8.943566727000075, 45.19088885000008], [8.94393301100007, 45.19082927000005], [8.944193676000054, 45.190744738000035], [8.94451781400005, 45.19057059600004], [8.94534894800006, 45.19047637700004], [8.945841875000042, 45.190546331000064], [8.946088064000037, 45.190870148000045], [8.945918523000046, 45.19141288800006], [8.945622529000048, 45.19161692700004], [8.945044788000075, 45.19185071100003], [8.944241906000059, 45.19184036100006], [8.94314335200005, 45.19170038000004], [8.942720928000028, 45.19155076900006], [8.942523889000029, 45.19139131000003], [8.94282724900006, 45.19087354200008], [8.942552741000043, 45.19071404500005], [8.942313257000023, 45.19074380400008], [8.942066644000022, 45.19085821900006], [8.94158744400005, 45.19114183500005], [8.940967378000039, 45.19143035600007], [8.94015000500002, 45.19181339100004], [8.939763044000074, 45.19143470700004], [8.93796665900004, 45.19185455600007], [8.936089117000051, 45.19239634000007], [8.93610314700004, 45.192446149000034], [8.936102996000045, 45.19258060900006], [8.936014858000021, 45.19267019900008], [8.935704882000039, 45.19274472500007], [8.935373768000034, 45.19282670800004], [8.93533485100005, 45.192986046000044], [8.935499566000033, 45.19369080800004], [8.935569702000066, 45.193952298000056], [8.935358331000032, 45.19401940800003], [8.934953255000039, 45.19410134900005], [8.934576402000062, 45.194138483000074], [8.934446378000075, 45.193899369000064], [8.934330357000022, 45.19373247200008], [8.934199939000052, 45.193836977000046], [8.934495268000035, 45.19425795600006], [8.934174748000032, 45.194305083000074], [8.933949236000046, 45.19441700200008], [8.933889215000022, 45.194548937000036], [8.933660197000052, 45.19464591500008], [8.933765580000056, 45.19487505600006], [8.933990988000062, 45.19485526600005], [8.934040104000076, 45.195017145000065], [8.934416992000024, 45.19495511100007], [8.936234653000042, 45.194515411000054], [8.936463678000052, 45.19440846900005], [8.936914688000059, 45.19418710900004], [8.937277522000045, 45.19408770900003], [8.937618955000062, 45.194234806000054], [8.937506082000027, 45.19440157400004], [8.937210152000034, 45.19450599100003], [8.936896596000054, 45.19462533900003], [8.936649780000039, 45.194896612000036], [8.936533387000054, 45.195058397000025], [8.936448662000032, 45.19524261000004], [8.936135123000042, 45.19534203500007], [8.935663161000036, 45.19539406000007], [8.934866877000047, 45.19573224900006], [8.934884410000052, 45.19579699800005], [8.934880707000048, 45.19595635600007], [8.934693983000045, 45.19602098900003], [8.934714988000053, 45.196130561000075], [8.934767558000033, 45.19635469200006], [8.934826976000068, 45.19675063500006], [8.934685960000024, 45.196877544000074], [8.934450028000072, 45.19685499900004], [8.933953701000064, 45.19664555300005], [8.933618954000053, 45.19680051700004], [8.933411921000072, 45.19691182400004], [8.932544648000032, 45.19695129400003], [8.932210053000063, 45.19696651900006], [8.932086652000066, 45.196994483000026], [8.931413158000055, 45.19714709700003], [8.93102641400003, 45.19723473000005], [8.930620966000049, 45.197238113000026], [8.930279944000063, 45.19725142900006], [8.930159891000073, 45.19736866400007], [8.930226583000035, 45.19755047500007], [8.930007861000036, 45.197683074000054], [8.929871123000055, 45.19776698600003], [8.929758939000067, 45.197836410000036], [8.929672058000051, 45.197890174000065], [8.92954148800004, 45.19797097500003], [8.929465295000057, 45.19801812600008], [8.929288516000042, 45.19809839700008], [8.929153467000049, 45.198159719000046], [8.929040439000062, 45.19820945300006], [8.928931419000037, 45.19825012500007], [8.928806731000066, 45.19829664300005], [8.928725366000037, 45.19832699700004], [8.92853039800002, 45.19839973400008], [8.928387068000063, 45.19845320400003], [8.928183130000036, 45.19851646800004], [8.928036593000058, 45.19856192300006], [8.927883504000022, 45.19860941200005], [8.927499390000037, 45.19872856300003], [8.926865018000058, 45.19892534000007], [8.926361944000064, 45.19908095300008], [8.92582135400005, 45.199248166000075], [8.925409584000022, 45.19937553200003], [8.925222270000063, 45.19943280800004], [8.92505637000005, 45.19948108800003], [8.924945123000043, 45.19951346100004], [8.924773153000046, 45.19956350600006], [8.924370518000046, 45.199680674000035], [8.924266551000073, 45.19973351700003], [8.924260694000054, 45.19975896400007], [8.924254157000064, 45.19978393200006], [8.92414102400005, 45.19977700900006], [8.924015928000074, 45.199827037000034], [8.924058051000031, 45.19993289000007], [8.923927571000036, 45.20005854800007], [8.92377609600004, 45.20008210200007], [8.923679378000031, 45.19997994800008], [8.923524436000037, 45.19996241400003], [8.923374869000043, 45.19987516400005], [8.923241007000058, 45.199896239000054], [8.923101768000038, 45.19998578500008], [8.922632029000056, 45.19998515700007], [8.922195272000067, 45.20000976000006], [8.922124746000065, 45.20007445200008], [8.922096148000037, 45.20038319200006], [8.92198307700005, 45.20065203400003], [8.92191245400005, 45.20078644600005], [8.921701004000056, 45.20088092100008], [8.921208053000043, 45.200785962000054], [8.921152120000045, 45.200482144000034], [8.920955544000037, 45.200008909000076], [8.920638845000042, 45.199809489000074], [8.920173963000025, 45.19979920600008], [8.919596055000056, 45.20001792000005], [8.918926383000041, 45.20037102500004], [8.918158327000071, 45.20055473800005], [8.917566259000068, 45.20081327100007], [8.917544728000053, 45.20108964600007], [8.917628541000056, 45.20158521500008], [8.917585792000068, 45.20239618000005], [8.917509565000046, 45.202413679000074], [8.91721241600004, 45.20248189200004], [8.917019129000039, 45.20256451600005], [8.916596079000044, 45.20274638700005], [8.916549343000042, 45.20298965500007], [8.916496574000064, 45.20299032300005]], [[8.894405092000056, 45.20367061700006], [8.895948659000055, 45.203203916000064], [8.899219061000053, 45.20216105000003], [8.899347287000069, 45.201349425000046], [8.899848333000023, 45.20082696600008], [8.900235606000024, 45.200911964000056], [8.900284148000026, 45.20135024700005], [8.90038233100006, 45.20159933200006], [8.901037432000066, 45.201599901000066], [8.901192781000077, 45.20138091600006], [8.901432788000022, 45.201087304000055], [8.90191879200006, 45.20110764200007], [8.902165180000054, 45.20119749300005], [8.902686524000046, 45.201148139000054], [8.905907543000069, 45.20000544000004], [8.906824063000045, 45.19950819200005], [8.906642503000057, 45.19854192500003], [8.906629279000072, 45.19801403500003], [8.908235986000022, 45.19754721800007], [8.909052854000038, 45.19766739100004], [8.909235323000075, 45.198085856000034], [8.909882492000065, 45.19862420700008], [8.91000896600002, 45.19882350600005], [8.910685494000063, 45.19861487800006], [8.911080687000037, 45.198137107000036], [8.910771902000022, 45.197409787000026], [8.910617800000068, 45.19686186700005], [8.908871309000062, 45.19667124700004], [8.907913378000046, 45.196680438000044], [8.90670106600004, 45.19718741400004], [8.905432764000068, 45.19746525100004], [8.902164502000062, 45.19748241800005], [8.899544199000047, 45.19752994300006], [8.898389296000062, 45.19738948100007], [8.89758598700007, 45.197578004000036], [8.89750132100005, 45.19765760800004], [8.897247554000046, 45.197766940000065], [8.89696557600007, 45.19789616600008], [8.895055901000035, 45.20218718000007], [8.894405497000037, 45.20345149900004], [8.894405092000056, 45.20367061700006]]]}, "properties": {"OBJECTID": 45, "GisId": "{A08A1D13-1793-4177-9E9A-18494D455CC1}", "GisDescription": "GARLASCO CENTRO", "GisCode": "DGR08", "Shape_Length": 0.2399750943592497, "Shape_Area": 0.0003078895029274743, "codice_distretto": "DGR08"}}, {"type": "Feature", "id": 46, "geometry": {"type": "Polygon", "coordinates": [[[9.29768159200006, 45.065507635000074], [9.298760232000063, 45.065099856000074], [9.299729953000053, 45.06474137400005], [9.299755588000039, 45.064390100000026], [9.30156150700003, 45.06300330300007], [9.301036530000033, 45.06162388900003], [9.300490555000067, 45.05898362700003], [9.300280564000047, 45.056684422000046], [9.298852628000077, 45.05618006800006], [9.296689726000068, 45.05555703600004], [9.295996758000058, 45.05509717600006], [9.296269746000064, 45.05469664900005], [9.297771177000072, 45.05400684500006], [9.299065244000076, 45.05352286500005], [9.300249066000049, 45.053429221000044], [9.300599262000048, 45.05356345600006], [9.300780604000067, 45.05350432200004], [9.301184835000072, 45.05345425500008], [9.301604817000054, 45.053706444000056], [9.304681178000067, 45.05438141600007], [9.307474052000032, 45.05444075500003], [9.308104024000045, 45.05536048400006], [9.307894033000025, 45.05625053000006], [9.306382101000054, 45.05672521500003], [9.303316240000072, 45.05702189200008], [9.303295241000058, 45.05903925100006], [9.304639180000038, 45.061175201000026], [9.30644509800004, 45.063340735000054], [9.307558048000033, 45.06540236700005], [9.308628999000064, 45.06728595000004], [9.309932745000026, 45.06771280700008], [9.309743754000067, 45.068424691000075], [9.309848748000036, 45.06924038100004], [9.308987787000035, 45.071064517000025], [9.307580851000068, 45.07163547500005], [9.307412859000067, 45.072280576000026], [9.307218617000046, 45.07319631000007], [9.306940380000071, 45.07354851300005], [9.30668089300002, 45.07379624400005], [9.306848510000066, 45.07382471100004], [9.307953584000074, 45.07385993100007], [9.307874838000032, 45.074727445000065], [9.307987707000052, 45.07508519900006], [9.308450507000032, 45.07622007700007], [9.30925897000003, 45.07738412600003], [9.310581911000043, 45.07875574600007], [9.310686906000058, 45.07967508400003], [9.309951940000076, 45.07992715800003], [9.307369057000074, 45.07974922300008], [9.30390421200002, 45.07967508400003], [9.303817780000031, 45.07915836700005], [9.30363122500006, 45.07910050000004], [9.303457984000033, 45.07885954400007], [9.303121998000051, 45.078514788000064], [9.302665269000045, 45.07781785800006], [9.302618022000047, 45.07750275400008], [9.302088410000067, 45.07743887600003], [9.30257339800005, 45.07691517300003], [9.302825387000041, 45.07654445600008], [9.302846385000066, 45.076147786000035], [9.302484738000032, 45.07595450900004], [9.302492027000028, 45.07559911700008], [9.302472942000065, 45.07552240900003], [9.302472668000064, 45.07549438800004], [9.302471062000052, 45.07548380500003], [9.302132418000042, 45.075210319000064], [9.302237414000047, 45.07441695800003], [9.302515651000022, 45.07387939500006], [9.302730891000067, 45.07348641400006], [9.303061626000044, 45.07314533400006], [9.30324325500004, 45.07297295200004], [9.30285426000006, 45.07265780900008], [9.302864759000045, 45.07231301600007], [9.303006503000063, 45.07215730300004], [9.303373987000043, 45.072190670000055], [9.303667974000064, 45.072211061000075], [9.30370316400007, 45.072086143000035], [9.30367491000004, 45.07202850200008], [9.303594477000047, 45.07186441300007], [9.303059001000065, 45.07176431000005], [9.30277026400006, 45.07129716500003], [9.30305375100005, 45.07076327900006], [9.303059001000065, 45.06978818400006], [9.303296553000052, 45.068322729000045], [9.303401548000068, 45.067677583000034], [9.303464545000054, 45.066461426000046], [9.303212557000052, 45.066046148000055], [9.302152104000072, 45.065786596000066], [9.301165149000042, 45.06662457200008], [9.300083698000037, 45.06726231300007], [9.29969830300007, 45.067297179000036], [9.29935266700005, 45.067422435000026], [9.298632208000072, 45.067436427000075], [9.298393176000047, 45.067392805000054], [9.296715712000037, 45.06553105200004], [9.29768159200006, 45.065507635000074]]]}, "properties": {"OBJECTID": 46, "GisId": "{E3FB0F1A-8BC3-4A94-9240-6EC1099922DE}", "GisDescription": "GUARDIA", "GisCode": "DSTR03", "Shape_Length": 0.09635842305324428, "Shape_Area": 0.000157465800744494, "codice_distretto": "DSTR03"}}, {"type": "Feature", "id": 47, "geometry": {"type": "Polygon", "coordinates": [[[9.001322294000033, 44.963419970000075], [9.001318282000057, 44.96338793900003], [9.000960028000065, 44.96184820700006], [9.000617431000023, 44.95963495500007], [9.00041716100003, 44.959062466000034], [9.00009568400003, 44.95827295400005], [9.000021739000033, 44.958069495000075], [8.999858535000044, 44.95737867100007], [8.999879617000033, 44.95653303200004], [8.999853273000042, 44.95436841800006], [8.999739979000026, 44.953440459000035], [8.999431715000071, 44.95285300000006], [8.998080074000029, 44.95304007400006], [8.998206522000032, 44.95372856200004], [8.998101125000062, 44.95389694000005], [8.997221099000058, 44.953863246000026], [8.99115146500003, 44.954996408000056], [8.990622204000033, 44.954049627000074], [8.991590956000039, 44.953853593000076], [8.992033873000025, 44.95463448500004], [8.997092743000053, 44.953646218000074], [8.996978754000054, 44.95276315900003], [8.997879843000021, 44.95273324500005], [8.998022113000047, 44.95293530300006], [8.999392193000062, 44.95278939000008], [8.998965378000037, 44.95195123000008], [8.998359423000068, 44.95082869100003], [8.998175007000043, 44.95047322000005], [8.997922169000049, 44.948018613000045], [8.990060310000047, 44.95024081200006], [8.988163274000044, 44.95068964400008], [8.987194097000042, 44.94898329100005], [8.989092033000077, 44.94791957000007], [8.990313306000075, 44.94982175500007], [8.997927445000073, 44.947842749000074], [8.99765347300007, 44.94734508800008], [8.997237304000066, 44.94560889500008], [8.996884340000065, 44.94468840900004], [8.996262720000061, 44.94320290500008], [8.995272207000028, 44.94328518700007], [8.995367025000064, 44.94351718100006], [8.994534564000048, 44.94363688200008], [8.994392345000051, 44.94326269700008], [8.996125747000065, 44.943012070000066], [8.99568049000004, 44.941601871000046], [8.995217073000049, 44.93905370200008], [8.994927654000037, 44.93711872100005], [8.99464565300002, 44.93704808200005], [8.993307513000047, 44.93745586500006], [8.991648172000055, 44.93778456500007], [8.991829632000076, 44.93867558900007], [8.993212952000022, 44.93859266700008], [8.993418087000066, 44.93939364600004], [8.991837573000055, 44.93956566600008], [8.991424110000025, 44.93779250000006], [8.990328327000043, 44.937844797000025], [8.989380053000048, 44.93787464700006], [8.989249920000077, 44.93916367800006], [8.989033491000043, 44.94141807900007], [8.989539835000073, 44.943718853000064], [8.989286922000076, 44.943804889000035], [8.98502379000007, 44.944168766000075], [8.985018517000071, 44.944188643000075], [8.98497241900003, 44.94419576400003], [8.984949361000076, 44.944198924000034], [8.984922697000059, 44.94416781700005], [8.984975398000074, 44.94411520500006], [8.985130836000053, 44.94407406600004], [8.989045593000071, 44.94357685300008], [8.988971911000021, 44.94316525000005], [8.988803490000066, 44.94225972300006], [8.98865151800004, 44.94146107300003], [8.98878816000007, 44.93981634000005], [8.989037821000068, 44.93827101000005], [8.989037912000072, 44.93779455600003], [8.98879910200003, 44.93772718100007], [8.988286323000068, 44.937789492000036], [8.987619000000052, 44.93790417000008], [8.986786605000077, 44.93801633000004], [8.98558893400002, 44.93817832900004], [8.984696814000074, 44.938327884000046], [8.984054055000058, 44.93846998400005], [8.983197006000069, 44.93876421500005], [8.982642028000043, 44.93895621000007], [8.98215027200007, 44.93912077200008], [8.981532079000033, 44.93927782800006], [8.98036419300007, 44.93951897900007], [8.980310631000066, 44.93944283600007], [8.980301894000036, 44.939392371000054], [8.980450311000027, 44.93931569000006], [8.982296698000027, 44.938904629000035], [8.984554369000023, 44.93806492700003], [8.98912196200007, 44.93761831100005], [8.990987165000035, 44.93755837100008], [8.990467711000065, 44.93553277700005], [8.990028701000028, 44.93562004900008], [8.989364962000025, 44.935495262000074], [8.98910161300006, 44.93524079700006], [8.988778626000055, 44.93466952000006], [8.988863017000028, 44.93412322700004], [8.990341556000033, 44.93388887700007], [8.990576771000065, 44.934377823000034], [8.990362512000047, 44.93457487200004], [8.991096040000059, 44.93755588500005], [8.99244118300004, 44.93744123400006], [8.994649619000029, 44.93689186300003], [8.99503315800007, 44.93674977000006], [8.995005942000034, 44.936712974000045], [8.995110429000022, 44.93666246500004], [8.99515696100002, 44.93669552000006], [8.99537822700006, 44.93660572600004], [8.995782124000073, 44.93640493300006], [8.996259776000045, 44.93612306800003], [8.996770790000028, 44.93579380700004], [8.997223855000072, 44.93539469500007], [8.997385411000039, 44.93527870500003], [8.997617202000072, 44.935195143000044], [8.998070248000033, 44.93506793100005], [8.998756835000052, 44.93486463700003], [8.999183536000032, 44.934704992000036], [8.99947151300006, 44.93457902000006], [9.000003568000068, 44.93433954600005], [9.000384606000068, 44.93419735900005], [9.000839393000035, 44.93407138300006], [9.001302958000053, 44.93397159700004], [9.00215458100007, 44.93384935300003], [9.002542637000033, 44.93375580000003], [9.003225680000071, 44.93353501800004], [9.003585635000036, 44.933375358000035], [9.004050931000052, 44.93307225800004], [9.004793643000028, 44.93264566600004], [9.005021903000056, 44.93257580900007], [9.005887542000039, 44.93242235400004], [9.006099995000056, 44.93233129300006], [9.006324737000057, 44.93223399500005], [9.007387416000029, 44.931698855000036], [9.007706520000056, 44.93152078800006], [9.007740042000023, 44.93149794500005], [9.007778944000052, 44.93148991400005], [9.007831847000034, 44.93153481100006], [9.007831303000046, 44.93157480100007], [9.007788616000028, 44.931588213000055], [9.007744863000028, 44.931842345000064], [9.007567852000022, 44.93269696500005], [9.007537419000073, 44.93285821400008], [9.007522236000057, 44.93297767900003], [9.007569646000036, 44.93299092900003], [9.007630886000072, 44.93300339700005], [9.007647789000032, 44.93303192700006], [9.007588543000054, 44.93314340500007], [9.007568803000026, 44.933254101000045], [9.007550546000061, 44.93325930000003], [9.007517005000068, 44.93326283500005], [9.007475725000063, 44.933139983000046], [9.007416015000047, 44.93307263400004], [9.00766253200004, 44.93166508300004], [9.007477127000072, 44.931707387000074], [9.007119130000035, 44.93196134300007], [9.006469499000048, 44.93233057100008], [9.005967334000047, 44.93250771000004], [9.005303620000063, 44.932639952000045], [9.00495244900003, 44.932727277000026], [9.004587237000067, 44.93289691900003], [9.003888417000041, 44.933340970000074], [9.003558317000056, 44.93352557600008], [9.00318255700006, 44.933657796000034], [9.00255745800007, 44.93388231900008], [9.00179890100003, 44.93403200500006], [9.001170279000064, 44.934114332000036], [9.000474928000074, 44.93431140400003], [8.999670704000039, 44.93461573600007], [8.99915093900006, 44.93483275700004], [8.998428355000044, 44.93507160000007], [8.997620599000072, 44.93533101600008], [8.997367732000043, 44.93547569300006], [8.99692520800005, 44.93581244200004], [8.996356242000047, 44.936196582000036], [8.995179669000038, 44.936822663000044], [8.995130496000058, 44.93687504600007], [8.995098877000032, 44.937009749000026], [8.995211227000027, 44.93743631700005], [8.99540780700005, 44.93863120000003], [8.995442897000032, 44.93903531300003], [8.99554471700003, 44.93946936400005], [8.99574834300006, 44.94057195000005], [8.99591685200005, 44.94169698300004], [8.996285573000023, 44.94285944200004], [8.996408494000036, 44.943068985000025], [8.996496296000032, 44.943216164000034], [8.996973927000056, 44.94434868900004], [8.997405913000023, 44.94548620000006], [8.997760629000027, 44.946848214000056], [8.99784492300006, 44.947127601000034], [8.998055668000063, 44.94756165100006], [8.99809781700003, 44.947686377000025], [8.998259394000058, 44.947923358000025], [8.998312072000033, 44.948344933000044], [8.998389305000046, 44.95004369900005], [8.99848765400003, 44.95044282300006], [8.998571955000045, 44.95079704500006], [8.999214800000061, 44.95186345600007], [9.000516348000076, 44.95158282500006], [9.000419736000026, 44.95086191100006], [9.000623484000073, 44.95078208500007], [9.000679686000069, 44.950492721000046], [9.001023947000022, 44.95036799300004], [9.001178535000065, 44.95149052200003], [8.99922533800003, 44.95191459400007], [8.99959068000004, 44.95272780700003], [8.999808485000074, 44.953209249000054], [8.99988225800007, 44.95335393100004], [9.000008729000058, 44.95375055900007], [9.000121148000062, 44.95444902200006], [9.000187900000071, 44.955322102000025], [9.000121153000066, 44.95659929200008], [9.000093047000064, 44.95684126000003], [9.00023709100003, 44.95687368800003], [9.000707868000063, 44.95685871900008], [9.00079044000006, 44.95759085800006], [9.000149261000047, 44.95764698700003], [9.000187908000044, 44.95776672400007], [9.00031966000006, 44.95827310900006], [9.00061127500004, 44.958937895000076], [9.001134825000065, 44.96170929200008], [9.001374282000029, 44.96342722800006], [9.00133224600006, 44.96343484400006], [9.001322294000033, 44.963419970000075]]]}, "properties": {"OBJECTID": 47, "GisId": "{A8263049-68F3-4375-96FE-72509289F7BC}", "GisDescription": "ADDUZIONE DE AMICIS", "GisCode": "DRT00", "Shape_Length": 0.20944550856316374, "Shape_Area": 3.037082477413062e-05, "codice_distretto": "DRT00"}}, {"type": "Feature", "id": 48, "geometry": {"type": "Polygon", "coordinates": [[[8.981707818000075, 44.98937828700008], [8.981751134000035, 44.98953060000008], [8.98216250300004, 44.98959229800005], [8.988634926000032, 44.99248864400005], [8.989499438000053, 44.992850178000026], [8.99007761300004, 44.99313743600004], [8.990584154000032, 44.99372361700006], [8.99079714800007, 44.99446755900004], [8.992181020000032, 44.99489601100004], [8.993959781000058, 44.99519504800003], [8.994665643000076, 44.99534976800004], [8.994876445000045, 44.99499403600004], [8.995114767000075, 44.99509059800005], [8.995007878000024, 44.99520622500006], [8.994876431000023, 44.99514686600003], [8.994739346000074, 44.99535526300008], [8.998194732000059, 44.996123243000056], [9.003195338000069, 44.997107922000055], [9.00547584100002, 44.997050674000036], [9.005860889000076, 44.99723676700006], [9.007138639000061, 44.99765089700003], [9.009683104000032, 44.99803365200006], [9.01014570600006, 44.99792419900007], [9.010608309000077, 44.99783037600008], [9.011930092000057, 44.99788495100006], [9.012040170000034, 44.99755670300004], [9.012194371000021, 44.99753324100004], [9.015118777000055, 44.99754461500004], [9.016715894000072, 44.99749359400005], [9.017046880000066, 44.997667328000034], [9.017153858000029, 44.997929224000075], [9.018365500000073, 44.99798374100004], [9.019285266000054, 44.99807737200007], [9.019780989000026, 44.998241405000044], [9.019775602000038, 44.99859113400004], [9.019745598000043, 44.99942540700005], [9.018974737000065, 45.000011673000074], [9.019206140000051, 45.00026171900004], [9.019757078000055, 45.00077742600007], [9.01982338700003, 45.00141044000003], [9.019878621000032, 45.00185980200007], [9.019840144000057, 45.00208644800006], [9.018755124000052, 45.00212961400007], [9.018468833000043, 45.002481343000056], [9.019834795000065, 45.00254754200006], [9.020165476000045, 45.003149251000025], [9.019653366000057, 45.00350883700003], [9.019179673000053, 45.00347765600003], [9.018761106000056, 45.00358323100005], [9.01905867000005, 45.00399347700005], [9.019152327000029, 45.00405598200007], [9.020628269000042, 45.00351257300008], [9.021493102000022, 45.00375077500007], [9.022418698000024, 45.00441879200008], [9.02209390300004, 45.00488385600005], [9.02226474500003, 45.005118277000065], [9.023228657000061, 45.00511808500005], [9.023944769000025, 45.00526642500006], [9.024572913000043, 45.00578209100007], [9.024826482000037, 45.006235315000026], [9.025102142000037, 45.00680966700003], [9.025730338000074, 45.00738198600004], [9.026369377000037, 45.00754986600003], [9.027421864000075, 45.008387792000065], [9.027846200000056, 45.008780400000035], [9.02715220400006, 45.00892124000006], [9.025389214000029, 45.00826517300004], [9.023956665000071, 45.00737455700005], [9.023537867000073, 45.00696825600005], [9.022590386000047, 45.00681214600007], [9.021179937000056, 45.005890229000045], [9.021091813000055, 45.00590587500005], [9.020717439000066, 45.006406113000025], [9.020894060000046, 45.007390788000066], [9.021753685000022, 45.00826592400006], [9.022326683000074, 45.00859404900007], [9.021930442000041, 45.00954757200003], [9.020674768000049, 45.01028242900003], [9.01877965600005, 45.009782588000064], [9.018470827000044, 45.00868851900003], [9.019330030000049, 45.008360141000026], [9.018911109000044, 45.007500546000074], [9.018293766000056, 45.00620333400008], [9.017963100000031, 45.00564069500007], [9.017434035000065, 45.00470296100008], [9.016618724000068, 45.004281064000054], [9.016354074000049, 45.00334328500003], [9.016706388000046, 45.00268676200005], [9.016441959000076, 45.00249923700005], [9.014943647000052, 45.00179607900003], [9.014591019000022, 45.00128032500004], [9.012541913000064, 45.00018644800008], [9.011991102000025, 44.99994423700008], [9.011947130000067, 45.00037407600007], [9.011418454000022, 45.00064765900004], [9.009314518000053, 45.000561884000035], [9.008752744000049, 45.00059318900003], [9.008587636000073, 45.00140597700005], [9.008466526000063, 45.00181237400005], [9.009391846000028, 45.001913898000055], [9.009160575000067, 45.002265599000054], [9.008025968000027, 45.002265684000065], [9.00780560800007, 45.00190620200004], [9.007640338000044, 45.00163268400007], [9.007023467000067, 45.00160146200005], [9.006266157000027, 45.00164058200005], [9.006310229000064, 45.00172850000007], [9.006536056000073, 45.001816408000025], [9.007158458000049, 45.002013703000046], [9.00759359500006, 45.00218170100004], [9.007869017000075, 45.00241809000005], [9.008072811000034, 45.00245910500007], [9.008218792000037, 45.00261735200007], [9.008392313000058, 45.00278341100005], [9.00849147100007, 45.00289281500005], [9.008742089000066, 45.00296704100003], [9.008973432000062, 45.003049082000075], [9.009045073000038, 45.003289392000056], [9.008643003000032, 45.003336313000034], [9.00853561200006, 45.00342619600008], [9.008846866000056, 45.00378957700008], [9.009025937000047, 45.00419595000005], [9.009138919000065, 45.00462382000006], [9.00980283900003, 45.00580580600007], [9.010430763000045, 45.00579012000003], [9.01095403100004, 45.00575881000003], [9.011592993000022, 45.00584862100004], [9.011807841000063, 45.005997087000026], [9.011846452000043, 45.00625498200003], [9.011714341000072, 45.00667310600005], [9.012199125000052, 45.00695440000004], [9.012546190000023, 45.00716537100004], [9.01276100900003, 45.00714971700006], [9.012909758000035, 45.00725911300003], [9.013019980000024, 45.00750918500006], [9.012832776000039, 45.00786088700005], [9.012920950000023, 45.00804453300003], [9.013003641000068, 45.008333684000036], [9.01313041700007, 45.00870098100006], [9.013769350000075, 45.00851724900008], [9.01484900500003, 45.00854837500003], [9.01449102600003, 45.00881413600007], [9.013434885000038, 45.00893271900003], [9.013747783000042, 45.009927091000066], [9.01220124100007, 45.01014737100007], [9.011880645000076, 45.00914224700006], [9.011852647000069, 45.00906126400008], [9.011738250000064, 45.00912021900007], [9.011539953000067, 45.00916126800007], [9.01112680500006, 45.00908706600006], [9.010851380000076, 45.00907536900007], [9.01059243100002, 45.00879795600008], [9.010928400000068, 45.00855956300006], [9.01101649900005, 45.008371992000036], [9.010437956000033, 45.00748112000008], [9.010030345000075, 45.00750069500003], [9.007296927000027, 45.008113413000046], [9.00693330300004, 45.00752730000005], [9.00822217800004, 45.00704267700007], [9.007890024000062, 45.00644953600005], [9.009110252000028, 45.00619564300007], [9.00955639700004, 45.00609400900004], [9.009644508000065, 45.005980683000075], [9.008955873000048, 45.00523830100008], [9.008779612000069, 45.00521877600005], [9.008388564000029, 45.00540636900007], [9.00772759800003, 45.00544939900004], [9.006780179000032, 45.00524235800003], [9.006405566000069, 45.004679689000056], [9.006284322000056, 45.004062300000044], [9.006455029000051, 45.00371060900005], [9.006964500000038, 45.00359725900006], [9.007206816000064, 45.003331529000036], [9.007597851000071, 45.00312635600005], [9.007969626000033, 45.00308139400005], [9.007421546000046, 45.00272584100003], [9.007300389000022, 45.002852845000064], [9.007217782000055, 45.00293491000008], [9.006667059000051, 45.003482003000045], [9.006441241000061, 45.003548445000035], [9.006446732000029, 45.00339214200005], [9.006734487000074, 45.00321548200003], [9.006733108000049, 45.00308733500003], [9.007226923000076, 45.002619699000036], [9.006162285000073, 45.00204660900005], [9.006159773000036, 45.002049052000075], [9.005934354000033, 45.002011494000044], [9.005838880000056, 45.00195418700008], [9.00542983500003, 45.00187194000006], [9.005284416000052, 45.001795307000066], [9.004763017000073, 45.00181617000004], [9.00436645800005, 45.001821396000025], [9.002971174000038, 45.00212362600007], [9.002442463000023, 45.002967675000036], [9.002031232000036, 45.003634575000035], [9.001502494000022, 45.004572401000075], [9.001884408000024, 45.00530180800007], [9.001766929000041, 45.00615626600006], [9.002266383000062, 45.00734415800008], [9.002501453000036, 45.00846953400003], [9.002795337000066, 45.01059524400006], [9.002178399000059, 45.01128298900005], [9.001443890000075, 45.01047022700004], [9.000650648000033, 45.01001174600003], [8.999269843000036, 45.00974082000005], [8.99859415000003, 45.00896972100003], [8.998574475000055, 45.00642361400003], [8.997448397000028, 45.00890718000005], [8.996890176000022, 45.00949069700005], [8.996096918000035, 45.01001168100004], [8.99521555800004, 45.00990744600006], [8.99553878100005, 45.009198886000036], [8.994833748000076, 45.00863616700008], [8.994481195000049, 45.008782033000045], [8.993247218000022, 45.00955306000003], [8.990191863000064, 45.00938611600003], [8.988634839000042, 45.00917756800004], [8.98734188700007, 45.010532055000056], [8.983581687000026, 45.00936451600006], [8.983552994000036, 45.00696787000004], [8.986373116000038, 45.00740588900004], [8.98566839800003, 45.00603033800007], [8.986079947000064, 45.004905009000026], [8.987254952000058, 45.00511354900004], [8.987959885000066, 45.005592955000054], [8.989017405000027, 45.00580146500005], [8.990280742000039, 45.00498880500004], [8.991690731000062, 45.00550992600006], [8.99265854500004, 45.00737683400007], [8.994972046000044, 45.007158135000054], [8.996139862000064, 45.006235994000065], [8.997924572000045, 45.004641751000065], [8.993099737000023, 45.002969120000046], [8.991844036000032, 45.00231256600006], [8.986939742000061, 45.00252930600004], [8.985059180000064, 45.00253992200004], [8.98361268800005, 45.00367509800003], [8.981027828000038, 45.003070327000046], [8.978883863000021, 45.00188204900007], [8.976827874000037, 45.00127727800003], [8.975682060000054, 45.00177720900007], [8.973684981000076, 45.00090147100008], [8.970513181000058, 44.999691952000035], [8.968545343000073, 44.99933714000008], [8.966401288000043, 44.99898224300006], [8.964113043000054, 44.99868205900003], [8.962055969000062, 44.99606322500006], [8.963221899000075, 44.994584194000026], [8.964699711000037, 44.99560558400003], [8.96657887200007, 44.99666901000006], [8.968091564000076, 44.99661734100005], [8.969266780000055, 44.99599245100006], [8.969839725000043, 44.995617476000064], [8.969722689000037, 44.99476298900004], [8.971044919000065, 44.993710890000045], [8.972850787000027, 44.99460747200004], [8.975199864000047, 44.99601473400003], [8.976198490000058, 44.99604620800005], [8.97674207800003, 44.99552530900007], [8.975831829000072, 44.99488948800007], [8.975185924000073, 44.99428497700006], [8.975186252000071, 44.993524302000026], [8.97471747800006, 44.99089830500003], [8.970018221000032, 44.991272295000044], [8.969636370000046, 44.991365977000044], [8.96901934300007, 44.991865981000046], [8.968373217000021, 44.991855384000075], [8.967565700000023, 44.99159465200006], [8.966552083000067, 44.99222999300008], [8.964804406000042, 44.99251081300008], [8.963394980000032, 44.99198936000005], [8.96184577200006, 44.991880277000064], [8.961779979000028, 44.99148866000007], [8.963747816000023, 44.991353839000055], [8.970635371000071, 44.99050136000005], [8.970870417000071, 44.99031385600006], [8.97157536700007, 44.99011604900005], [8.971399212000051, 44.99000138400004], [8.970650310000053, 44.99000119400006], [8.969431543000042, 44.98993835300007], [8.96878558000003, 44.98966725200006], [8.968418588000077, 44.98945874700007], [8.968022289000032, 44.98914603000003], [8.967890149000027, 44.989114732000075], [8.967185418000042, 44.988926968000044], [8.966554398000028, 44.98824947000003], [8.96538014400005, 44.987488444000064], [8.963970757000027, 44.98709204000005], [8.96452836100002, 44.98769658800006], [8.964336729000024, 44.98889485400008], [8.964439176000042, 44.98944715700003], [8.964644691000046, 44.98955142300008], [8.965173140000047, 44.98985377100007], [8.96542252300003, 44.990270656000064], [8.965201935000039, 44.99080202000005], [8.964555725000025, 44.990947704000064], [8.963762836000058, 44.990822413000046], [8.963851585000043, 44.989801260000036], [8.964263983000023, 44.98781112700004], [8.963721011000075, 44.98728994500004], [8.96294271100004, 44.98739389800005], [8.961738732000072, 44.987268458000074], [8.961841857000024, 44.98675790200008], [8.962502635000021, 44.98672685900004], [8.963295684000059, 44.98650829200005], [8.964103313000066, 44.986446028000046], [8.96571817900002, 44.986967535000076], [8.968257734000076, 44.98823953700003], [8.969255922000059, 44.98883376200007], [8.970386406000046, 44.98919876900004], [8.97112054400003, 44.989334419000045], [8.971164800000054, 44.988928042000055], [8.971664254000075, 44.98853219800003], [8.972559588000024, 44.989345194000066], [8.973616838000055, 44.98936628400003], [8.973924852000039, 44.99014787100003], [8.974086516000057, 44.98984572200004], [8.973294348000024, 44.98815746400004], [8.973132923000037, 44.98794902100008], [8.972692449000021, 44.98786555500004], [8.97298637800003, 44.98732377300007], [8.97260506400005, 44.98635460100007], [8.971900235000021, 44.986406532000046], [8.971356939000032, 44.98642723700004], [8.970916737000039, 44.98583317300006], [8.971915342000045, 44.985541657000056], [8.972253111000043, 44.98542711700003], [8.971842206000076, 44.984968526000046], [8.971108116000039, 44.98484330000008], [8.97082933400003, 44.98445768100004], [8.97129949400005, 44.98384300600003], [8.97047784800003, 44.982696572000066], [8.970155017000025, 44.98234220000006], [8.96899501300004, 44.98251903500005], [8.967115728000067, 44.98240388700003], [8.969076169000061, 44.981511408000074], [8.968939758000033, 44.98035819800003], [8.969610270000032, 44.98024508300006], [8.96983964900005, 44.98149771800007], [8.971366921000026, 44.980845110000075], [8.971817645000044, 44.97987266700005], [8.969383316000062, 44.978762034000056], [8.969718859000068, 44.97812675000006], [8.973874239000054, 44.97734451200006], [8.97409097600007, 44.97994650700008], [8.974326577000056, 44.98032060000003], [8.97458980700003, 44.98073855700005], [8.974979812000072, 44.98120401400007], [8.97425156600002, 44.98197848900003], [8.972621465000032, 44.98274920700004], [8.972562367000023, 44.98352029000006], [8.973531146000028, 44.98412489200007], [8.974396520000028, 44.98617787400008], [8.97674590400004, 44.98606375400004], [8.977890856000045, 44.98697054000007], [8.97808105200005, 44.98878369600004], [8.978947428000026, 44.98873175700004], [8.980048559000068, 44.98922170600008], [8.981707818000075, 44.98937828700008]], [[8.990269481000041, 44.99831108600006], [8.99095197500003, 45.00101518400004], [8.991579872000045, 45.00087456000006], [8.993595688000028, 45.000788724000074], [8.994498993000036, 45.00028860100008], [8.995369241000049, 44.999718134000034], [8.996503791000066, 44.999843216000045], [8.996547871000075, 44.99953061100007], [8.997230817000059, 44.99931962100004], [8.997913741000048, 44.99950720000004], [8.998200139000062, 44.99935090200006], [8.998288279000064, 44.998686615000054], [8.997396079000055, 44.99848340400007], [8.997087677000025, 44.99820205200007], [8.996151415000043, 44.99823328400004], [8.994411036000031, 44.998592709000036], [8.99159114500003, 44.999116152000056], [8.991293867000024, 44.998272093000026], [8.990269481000041, 44.99831108600006]], [[8.976205486000026, 44.993557407000026], [8.977692395000076, 44.99348737100007], [8.978352847000053, 44.99450346900005], [8.978991738000047, 44.99430820900005], [8.978639807000036, 44.992909230000066], [8.979532051000035, 44.992557712000064], [8.980336314000056, 44.991799782000044], [8.981063386000073, 44.99126847400004], [8.98075545000006, 44.98994766000004], [8.977418320000027, 44.99024402500004], [8.97679031000007, 44.99086911300003], [8.975424471000053, 44.99127521500003], [8.97542426800004, 44.99175194000003], [8.977560932000074, 44.991682043000026], [8.977769976000047, 44.99223696100006], [8.976800689000072, 44.99243996200005], [8.97578734800004, 44.99262731600004], [8.976205486000026, 44.993557407000026]], [[8.981927751000057, 45.00166946600007], [8.981947212000023, 45.002058489000035], [8.983024293000028, 45.002044761000036], [8.983161566000035, 45.00139178200004], [8.983964513000046, 45.001239068000075], [8.984414728000047, 45.00194770400003], [8.985256848000063, 45.001781093000034], [8.984337266000068, 44.99875216600003], [8.985649357000057, 44.99839110400006], [8.987450973000023, 44.998057870000025], [8.987235892000058, 44.99661291100006], [8.98678551200004, 44.996654541000055], [8.983926501000042, 44.99711266300005], [8.983006201000023, 44.997001381000075], [8.983534372000065, 44.99884930800005], [8.983240479000074, 44.99940500900004], [8.98204590000006, 44.99958544400005], [8.981927751000057, 45.00166946600007]], [[8.998632100000066, 45.00302551200008], [8.999885446000064, 45.00378966800008], [9.00029670400005, 45.00330339200008], [9.001393368000038, 45.00247671500006], [9.002117930000054, 45.00185149300006], [9.001510849000056, 45.00169172600005], [9.000453360000051, 45.00156669200004], [8.998632100000066, 45.00302551200008]]]}, "properties": {"OBJECTID": 48, "GisId": "{5433284B-7C3D-471D-8654-10E17E5676B7}", "GisDescription": "ZONA INDUSTRIALE", "GisCode": "DVH01", "Shape_Length": 0.45211258111252506, "Shape_Area": 0.0005516816878713589, "codice_distretto": "DVH01"}}, {"type": "Feature", "id": 49, "geometry": {"type": "Polygon", "coordinates": [[[9.113977740000053, 45.13957666500005], [9.11461042700006, 45.14211721000004], [9.115078846000074, 45.14284606100006], [9.115336125000056, 45.14430344400006], [9.113662057000056, 45.14438235400007], [9.110821048000048, 45.14408112500007], [9.109242709000057, 45.14337388300004], [9.108496873000036, 45.142880382000044], [9.107592013000044, 45.14347059600004], [9.104539098000032, 45.14486154700006], [9.102225710000027, 45.14753635500006], [9.10116382700005, 45.14939527300004], [9.10048118800006, 45.15058548400003], [9.099210721000077, 45.15113377500006], [9.096593937000023, 45.15073258700005], [9.08965377100003, 45.14963599200007], [9.083927188000075, 45.151588451000066], [9.081196631000068, 45.15464404900007], [9.080627765000031, 45.15535276400004], [9.076114762000032, 45.15492486200003], [9.07445793900007, 45.15112040200006], [9.076050763000069, 45.14844576100006], [9.080374145000064, 45.145610506000025], [9.086138654000024, 45.142186613000035], [9.090386187000036, 45.14079559700008], [9.095088813000075, 45.140474589000064], [9.097061688000053, 45.13724967300004], [9.10001898400003, 45.13298388100003], [9.103432181000073, 45.13169966100003], [9.106617830000062, 45.13405404200006], [9.10912084000006, 45.136782863000064], [9.110941941000021, 45.13961223600006], [9.111713494000071, 45.13887966900006], [9.112767999000027, 45.13950295800004], [9.113977740000053, 45.13957666500005]]]}, "properties": {"OBJECTID": 49, "GisId": "{20499EC9-84A4-4537-84CA-2A28561ACBFA}", "GisDescription": "D'ANTONA", "GisCode": "DCVM01", "Shape_Length": 0.10572144775475543, "Shape_Area": 0.0003832327398988792, "codice_distretto": "DCVM01"}}, {"type": "Feature", "id": 50, "geometry": {"type": "Polygon", "coordinates": [[[8.72648755800003, 45.101019646000054], [8.72644721000006, 45.10090654500004], [8.72577631400003, 45.10095142600005], [8.725597826000069, 45.10008185500004], [8.726057843000035, 45.09996976900004], [8.725818687000071, 45.09865739600008], [8.726055680000059, 45.09863168900006], [8.725471374000051, 45.09847869200007], [8.725231829000052, 45.09844173300007], [8.725204881000025, 45.09811018100004], [8.725010940000061, 45.09808545900006], [8.724995835000072, 45.09766500100005], [8.725349741000059, 45.097657767000044], [8.725387659000035, 45.09808232300003], [8.725553004000062, 45.098119103000045], [8.725591389000044, 45.09844663900003], [8.726258309000059, 45.098630154000034], [8.727485353000077, 45.09865330100007], [8.72759652700006, 45.09807952800003], [8.727088688000038, 45.09805001800004], [8.726930553000045, 45.097697940000046], [8.727707373000044, 45.09757447700008], [8.727688385000022, 45.096765927000035], [8.727848865000055, 45.096624821000034], [8.727889695000044, 45.095238332000065], [8.72741045600003, 45.095200807000026], [8.727435477000029, 45.09474001900003], [8.726728262000051, 45.09463726600006], [8.725548977000074, 45.09419380300005], [8.725047094000047, 45.09411983000007], [8.724784662000047, 45.09409898500007], [8.72469897700006, 45.09411494900007], [8.724664481000048, 45.09416741900003], [8.724903814000072, 45.09424480300004], [8.724903270000027, 45.094357993000074], [8.724885139000037, 45.09456816000005], [8.724719008000022, 45.09469712100008], [8.724661450000042, 45.09479804500006], [8.724699905000023, 45.095109412000056], [8.724469301000056, 45.09558991600005], [8.724155087000042, 45.09565383800003], [8.723796013000026, 45.09555190800006], [8.723840113000051, 45.09469095600008], [8.724245892000056, 45.09457470400008], [8.724397838000073, 45.093835289000026], [8.725726558000076, 45.09405678300004], [8.727145660000076, 45.09447656300006], [8.727329657000041, 45.094189983000035], [8.727495068000053, 45.094210590000046], [8.727476755000055, 45.09446118300008], [8.72767660300002, 45.094441447000065], [8.727788228000065, 45.093770654000025], [8.727560327000049, 45.093689260000076], [8.727418649000072, 45.093478711000046], [8.727180875000045, 45.09307389000003], [8.726433620000023, 45.091798707000066], [8.727193530000022, 45.09161456900006], [8.727192581000054, 45.09121435600008], [8.726823362000061, 45.09095630000007], [8.72704072700003, 45.090745566000066], [8.726764826000021, 45.090559960000064], [8.726566486000024, 45.090810324000074], [8.726460068000051, 45.09074165000004], [8.725748483000075, 45.090370052000026], [8.72564503600006, 45.089925125000036], [8.72561080500003, 45.08992302200005], [8.72548518800005, 45.08993686900004], [8.725094150000075, 45.08996220500006], [8.724893034000047, 45.089654488000065], [8.725291631000061, 45.08954023500007], [8.72576708400004, 45.089762706000045], [8.726040011000066, 45.089971552000065], [8.72614627400003, 45.08997736500004], [8.726390051000067, 45.089992023000036], [8.726474334000045, 45.09004732300008], [8.72682664000007, 45.090039802000035], [8.727692165000065, 45.089968784000064], [8.727739134000046, 45.09004795000004], [8.728087060000064, 45.090132624000034], [8.728178425000067, 45.09012086400003], [8.728219484000022, 45.09002034700006], [8.728398879000054, 45.08998723600007], [8.728638514000068, 45.09008722200008], [8.728665314000068, 45.090074593000054], [8.728747775000045, 45.09004555900003], [8.728702416000033, 45.08998316600008], [8.728924354000071, 45.08989266200007], [8.72897189300005, 45.08989618000004], [8.72933461100007, 45.089825286000064], [8.729533470000035, 45.09001171300008], [8.730042020000042, 45.08987547000004], [8.730190110000024, 45.08993645800007], [8.730551313000035, 45.090794327000026], [8.730779398000038, 45.090835291000076], [8.730763169000056, 45.09064525300005], [8.731060455000033, 45.090532763000056], [8.731293468000047, 45.090739480000025], [8.731807614000047, 45.09062749800006], [8.731757483000024, 45.090364616000045], [8.732197549000034, 45.09022820300004], [8.732298778000029, 45.09054780000008], [8.731926928000064, 45.09074096900008], [8.732124815000077, 45.09113760100007], [8.732271456000035, 45.09150985800005], [8.732619182000064, 45.091595565000034], [8.733281732000023, 45.091479881000055], [8.733283105000055, 45.09118477900006], [8.73300684000003, 45.09046052200006], [8.732756757000061, 45.090241640000045], [8.732649743000025, 45.08993820000006], [8.732867240000076, 45.08980126300003], [8.732538388000023, 45.088505747000056], [8.732410911000045, 45.08853286200008], [8.73220507600007, 45.08861727300007], [8.732074976000035, 45.08837037400008], [8.732332152000026, 45.08829012600006], [8.732031800000073, 45.08784070100006], [8.731746461000057, 45.086623229000054], [8.73183270100003, 45.08648598500008], [8.732123973000057, 45.08643411600008], [8.732170247000056, 45.086300821000066], [8.732301778000021, 45.08624049200006], [8.732495173000075, 45.08637434900004], [8.73235733200005, 45.08656402500003], [8.732077510000067, 45.08660783600004], [8.732148689000041, 45.08725076500008], [8.73261665900003, 45.087243777000026], [8.733296428000074, 45.08709579200007], [8.733358861000056, 45.08716870400008], [8.733340594000026, 45.08741525500005], [8.732335380000052, 45.08759886000007], [8.732419279000055, 45.08796288500008], [8.732618330000037, 45.08810888200003], [8.73323477200006, 45.08808202600005], [8.733591355000044, 45.08871349300006], [8.734435994000023, 45.08870333200008], [8.734875203000058, 45.08998179200006], [8.735411396000075, 45.09003558900008], [8.73551726900007, 45.090589660000035], [8.735539536000033, 45.09071098800007], [8.735487615000068, 45.09083214300006], [8.735378681000043, 45.09094103900003], [8.735291415000063, 45.09130062200006], [8.734976957000072, 45.09142521100006], [8.734583067000074, 45.09144855100004], [8.734761647000028, 45.092322152000065], [8.735869532000038, 45.092167061000055], [8.735955863000072, 45.092009602000076], [8.736127519000036, 45.09191297900003], [8.736383960000069, 45.09199442100004], [8.73840038700007, 45.09281699600007], [8.738545675000069, 45.092847273000075], [8.73859294600004, 45.092864150000025], [8.738623198000028, 45.092904944000054], [8.738775141000076, 45.09295919200008], [8.739093208000043, 45.09292398500003], [8.739150173000041, 45.09304030100003], [8.739330689000042, 45.093061258000034], [8.739443527000049, 45.09303910800003], [8.739233412000033, 45.09218161300004], [8.739951501000064, 45.09208724000007], [8.74001482500006, 45.092281426000056], [8.73996590300004, 45.092372271000045], [8.740068020000024, 45.09282122400003], [8.740113934000021, 45.09276473300008], [8.740572043000043, 45.09242418100007], [8.741524905000063, 45.09184017500007], [8.741951821000043, 45.09145305800007], [8.74267149700006, 45.09068458100006], [8.743810664000023, 45.089902891000065], [8.744634383000061, 45.08946814300003], [8.744589946000076, 45.089195173000064], [8.744924084000047, 45.08912921800004], [8.74520126300007, 45.08903888000003], [8.745252218000076, 45.08912995000003], [8.745337487000029, 45.089204927000026], [8.745205622000071, 45.08934207900006], [8.744510887000047, 45.08964775900006], [8.743858810000063, 45.08998385000007], [8.742925478000075, 45.09067908800006], [8.743113188000052, 45.09081695700007], [8.743403495000052, 45.09098335300007], [8.743431306000048, 45.09114511700005], [8.742505682000058, 45.09138962700007], [8.742426203000036, 45.09129647000003], [8.742197000000033, 45.091502122000065], [8.741835734000063, 45.091885346000026], [8.742160153000043, 45.093349473000046], [8.741018896000071, 45.09331050900005], [8.74087806500006, 45.09290189400008], [8.740603888000066, 45.09295382500005], [8.740368745000069, 45.09320797000004], [8.740326560000028, 45.09370106100005], [8.74137421100005, 45.09424918000008], [8.742242794000049, 45.09464326900007], [8.74288599700003, 45.09502673700007], [8.743038734000038, 45.09501192100004], [8.743320022000034, 45.094967075000056], [8.743644343000028, 45.09487078300003], [8.744250531000034, 45.09491863100004], [8.744400851000023, 45.09544550600003], [8.74500071500006, 45.09482324100003], [8.745109753000065, 45.09497701200007], [8.745176553000022, 45.09502067000005], [8.745124433000058, 45.095086328000036], [8.744998279000072, 45.09521945000006], [8.74450867400003, 45.09558420400003], [8.744261950000066, 45.09587673500005], [8.74573362500007, 45.096708739000064], [8.745784427000046, 45.09683619100008], [8.745629544000053, 45.09701169600004], [8.745400761000042, 45.09712033400007], [8.744880769000076, 45.09725661900006], [8.744181312000023, 45.09731973500004], [8.744186434000028, 45.09808984700004], [8.743795084000055, 45.098173863000056], [8.743793629000038, 45.09849928300008], [8.744061553000051, 45.09857467000006], [8.744125820000022, 45.09888204600003], [8.744599952000044, 45.098794172000055], [8.744725178000067, 45.09887126000007], [8.744502092000062, 45.098979909000036], [8.74401083600003, 45.09906774500007], [8.743479930000035, 45.09908676600003], [8.743451048000054, 45.09916350900005], [8.743776278000041, 45.09918849400003], [8.743809186000021, 45.099487715000066], [8.744174444000066, 45.099496618000046], [8.74425341400007, 45.099707006000074], [8.74439047200002, 45.09969114300003], [8.74472171900004, 45.09964741600004], [8.74464903200004, 45.099307682000074], [8.744667470000024, 45.099012619000064], [8.745199093000053, 45.09883189300007], [8.74542357300004, 45.099693450000075], [8.745029253000041, 45.09980171900003], [8.745164945000056, 45.10009308300005], [8.745592884000075, 45.10012637700004], [8.745797505000041, 45.10096363500003], [8.745685582000021, 45.101102852000054], [8.745540728000037, 45.101168811000036], [8.745392984000034, 45.10130502800007], [8.745171673000073, 45.10125063500004], [8.745095003000074, 45.10137742900008], [8.744953547000023, 45.10137949300008], [8.744842998000024, 45.101495657000044], [8.744912096000064, 45.10170523100004], [8.744837971000038, 45.10173968000004], [8.744730790000062, 45.10177481300008], [8.744355763000044, 45.101713336000046], [8.743552029000057, 45.101468983000075], [8.74344303600003, 45.10159001400007], [8.742872896000051, 45.10144320100005], [8.742701768000074, 45.10141856000007], [8.742079096000055, 45.10153034700005], [8.74199442400004, 45.10131994400007], [8.742018548000033, 45.10103298000007], [8.741722887000037, 45.100777633000064], [8.74126106400007, 45.10066339700006], [8.741239108000059, 45.100469306000036], [8.74068528500004, 45.100504433000026], [8.740678223000032, 45.100803563000056], [8.74027785000004, 45.10098456700007], [8.739529384000036, 45.10114456300005], [8.739516773000048, 45.10140729900007], [8.739670372000035, 45.101520839000045], [8.739898524000068, 45.10155774100008], [8.739983878000032, 45.10197438100005], [8.739662518000046, 45.10197844000004], [8.739135453000074, 45.10205979400007], [8.739108249000026, 45.10206191800006], [8.739069313000073, 45.10207021400004], [8.73900676300002, 45.10206408200003], [8.73898153600004, 45.10203288200006], [8.738995139000053, 45.101996652000025], [8.738358617000074, 45.10180519700003], [8.73649580600005, 45.102240202000075], [8.736216238000054, 45.10138658400007], [8.735943931000065, 45.10143581300008], [8.735446589000048, 45.10036204600004], [8.734837494000033, 45.10041722900007], [8.734840663000057, 45.10055468200005], [8.73492266900007, 45.100924089000046], [8.734951814000055, 45.10120443900007], [8.735121905000028, 45.10145277400005], [8.735285245000057, 45.101515138000025], [8.735128418000045, 45.101689951000026], [8.734305926000047, 45.10180662100004], [8.733460316000048, 45.10280180600006], [8.733505304000062, 45.102947441000026], [8.733322169000076, 45.10304942400006], [8.733078549000027, 45.103065025000035], [8.732919227000025, 45.102956852000034], [8.733338997000033, 45.10270450100006], [8.734173017000046, 45.10174702100005], [8.733871598000064, 45.10109951600003], [8.733704342000067, 45.101061396000034], [8.73336101700005, 45.10124385600005], [8.732911067000032, 45.101442235000036], [8.732354490000034, 45.10165653400003], [8.732255174000045, 45.101737151000066], [8.732215685000028, 45.10204429100003], [8.73204729300005, 45.10224871600008], [8.73159781000004, 45.102344681000034], [8.731141627000056, 45.10224658800007], [8.730678720000071, 45.10195982600004], [8.730444211000076, 45.101657431000035], [8.730101533000038, 45.10169974200005], [8.72969002800005, 45.10181195900003], [8.729241589000026, 45.10168692600007], [8.728368647000025, 45.10120514100004], [8.728028503000075, 45.100713840000026], [8.726991916000031, 45.101040158000046], [8.72648755800003, 45.101019646000054]], [[8.734677348000048, 45.093041526000036], [8.735633841000038, 45.09292246800004], [8.735615489000054, 45.092570726000076], [8.736060916000042, 45.09251111800006], [8.73601312300002, 45.092355370000064], [8.734599741000068, 45.09254613600007], [8.734677348000048, 45.093041526000036]], [[8.730128849000039, 45.09362916200007], [8.730176826000047, 45.09374246600004], [8.730547943000033, 45.09371100200008], [8.730511550000074, 45.093561342000044], [8.730760047000047, 45.09351139700004], [8.730804915000022, 45.09367926800007], [8.730970442000057, 45.09367561500005], [8.73106630500007, 45.09392243500008], [8.731648814000039, 45.09384295500007], [8.731789837000065, 45.09419700700005], [8.73255232200006, 45.09407549800005], [8.732607011000027, 45.093974563000074], [8.732453126000053, 45.093929735000074], [8.732148614000039, 45.09375317100006], [8.730907970000032, 45.09300238800006], [8.730862209000065, 45.093024514000035], [8.730285414000036, 45.093104003000064], [8.730441190000022, 45.09335298700006], [8.73039260400003, 45.09336904200006], [8.730280953000033, 45.09344558600003], [8.73028060100006, 45.09352037200006], [8.730128849000039, 45.09362916200007]], [[8.74210252000006, 45.09743658800005], [8.742576425000038, 45.09739723200005], [8.742504281000038, 45.09694026500006], [8.742047520000028, 45.096975616000066], [8.74210252000006, 45.09743658800005]]]}, "properties": {"OBJECTID": 50, "GisId": "{356EE73F-8F29-4A8B-839D-354DA4CDE31B}", "GisDescription": "MEDE CENTRO", "GisCode": "DMD08", "Shape_Length": 0.15195785129004521, "Shape_Area": 0.0001777320046101201, "codice_distretto": "DMD08"}}, {"type": "Feature", "id": 51, "geometry": {"type": "Polygon", "coordinates": [[[9.018791297000064, 44.92991718900004], [9.018786330000069, 44.929911090000076], [9.018758570000045, 44.92958704100005], [9.018537329000026, 44.92955589500008], [9.01795185800006, 44.929400490000035], [9.017983427000047, 44.92928589300004], [9.018015157000036, 44.929210571000056], [9.018028823000066, 44.92917269700007], [9.018207928000038, 44.92921990900004], [9.018824315000074, 44.929287687000055], [9.01906647800007, 44.92887605100003], [9.019240228000058, 44.928932289000045], [9.019029750000072, 44.92931259800008], [9.018866646000049, 44.929875140000036], [9.019588300000066, 44.92992366200008], [9.019884904000037, 44.929554421000034], [9.020813412000052, 44.928696140000056], [9.022456173000023, 44.927046947000065], [9.023790047000034, 44.925894207000056], [9.024291153000036, 44.92536298200008], [9.024828108000065, 44.924711795000064], [9.024540029000036, 44.924352645000056], [9.024350324000068, 44.924128179000036], [9.024086910000051, 44.92396359500003], [9.024360605000027, 44.92352949000008], [9.024771239000074, 44.92311032100008], [9.026766032000069, 44.92231889200008], [9.026508825000064, 44.922107131000075], [9.026793012000041, 44.92164308300005], [9.027108966000071, 44.92154572100003], [9.027625365000063, 44.922099383000045], [9.024876637000034, 44.92325248600008], [9.02662527700005, 44.923371830000065], [9.028794853000022, 44.922652879000054], [9.028784643000051, 44.92330395300007], [9.028037049000034, 44.923910309000064], [9.027889795000021, 44.92435936000004], [9.027679448000072, 44.92504790100003], [9.026376193000033, 44.92594513900008], [9.026177706000055, 44.92572904600007], [9.025994830000059, 44.925924304000034], [9.02564045400004, 44.925699233000046], [9.024868195000067, 44.92625568400007], [9.025247630000024, 44.92672207600003], [9.024998608000033, 44.92739066300004], [9.026205635000053, 44.927121198000066], [9.026205924000067, 44.92775730200003], [9.027154065000047, 44.92783940000004], [9.027459810000039, 44.92835569400006], [9.028118318000054, 44.928553849000025], [9.02817088300003, 44.928333070000065], [9.028523807000056, 44.92836665900006], [9.028676528000062, 44.928303010000036], [9.028950396000027, 44.92824307200004], [9.029019061000042, 44.92862097600005], [9.029245595000077, 44.928699495000046], [9.02942980000006, 44.92840384700003], [9.029603433000034, 44.92803710600003], [9.02996160500004, 44.92803327200005], [9.030161831000044, 44.928167923000046], [9.030319897000027, 44.92825768400007], [9.030530652000039, 44.928381107000064], [9.031125864000046, 44.92839591400008], [9.03138391400006, 44.92830978200004], [9.03178414100006, 44.92815251600007], [9.031978802000026, 44.92774086500003], [9.032421394000039, 44.927998923000075], [9.032453304000057, 44.92854147400004], [9.031874024000047, 44.928766144000065], [9.031368514000064, 44.92904691800004], [9.03087608800007, 44.92917988500005], [9.031384709000065, 44.92976907800005], [9.03196665400003, 44.929579957000044], [9.031935026000042, 44.929536935000044], [9.031929708000064, 44.92944713400004], [9.03214037600003, 44.92939843100004], [9.032140467000033, 44.929561199000034], [9.03142159500004, 44.929793389000054], [9.031869651000022, 44.93038259600007], [9.033476121000035, 44.93019504800003], [9.033863182000061, 44.93003029500005], [9.034541198000056, 44.92975226500005], [9.034627255000032, 44.929865807000056], [9.034742798000025, 44.92995332400005], [9.033810711000058, 44.930376426000066], [9.03353155800005, 44.930417668000075], [9.033115480000049, 44.93050759300007], [9.032688819000043, 44.93051519900007], [9.032230608000077, 44.930623841000056], [9.031909436000035, 44.93088585600003], [9.03145655000003, 44.93110674600007], [9.031187952000039, 44.93119288100007], [9.030898281000077, 44.93127527900003], [9.030756121000024, 44.93139505500005], [9.03040326300004, 44.93152611200003], [9.03006085100003, 44.93148878400007], [9.029518151000048, 44.931215776000045], [9.02942841500004, 44.93084910400006], [9.028632984000069, 44.93077447100006], [9.028248483000027, 44.930830693000075], [9.028185290000067, 44.93086438500006], [9.028153735000046, 44.93096916300004], [9.028285495000034, 44.931115060000025], [9.028648992000058, 44.93118980400004], [9.02874392900003, 44.93143299700006], [9.028817768000067, 44.93161632600004], [9.028865232000044, 44.93172856800004], [9.028844228000025, 44.93185953500006], [9.02874418700003, 44.93194936300006], [9.028781094000067, 44.93201670600007], [9.02883917500003, 44.932289841000056], [9.02893400000005, 44.93230478500004], [9.028986618000033, 44.93218877600003], [9.029255252000041, 44.93215877400007], [9.029276380000056, 44.932271022000066], [9.030029727000056, 44.93241301300003], [9.030029674000048, 44.93231198500007], [9.030335218000062, 44.93234932300004], [9.030335269000034, 44.93244660900007], [9.030619720000061, 44.93244279100003], [9.030761914000038, 44.93237914300005], [9.031035862000067, 44.93243519600003], [9.030977968000059, 44.93252875600007], [9.03027736200005, 44.93251771800004], [9.029229003000069, 44.932334644000036], [9.028891900000076, 44.93238711500004], [9.028860816000076, 44.93343108000005], [9.028993180000043, 44.93476312100006], [9.02997292200007, 44.93460197200005], [9.030852560000028, 44.934425874000056], [9.030863047000025, 44.93433606800005], [9.030704795000077, 44.93392825700005], [9.030741470000066, 44.93355406900008], [9.031084032000024, 44.93384583500006], [9.031321227000035, 44.93411143700007], [9.03168464600003, 44.93400282500005], [9.032248257000049, 44.93392408900007], [9.032617085000027, 44.93406991400008], [9.032886054000073, 44.934612395000045], [9.033018070000026, 44.93516988300007], [9.031648423000036, 44.93544023000004], [9.031116482000073, 44.93555872500008], [9.030924713000047, 44.93529738800004], [9.03073672100004, 44.934680756000034], [9.029142448000073, 44.934945593000066], [9.029009393000024, 44.935738885000035], [9.029534202000036, 44.93618962900007], [9.029262607000021, 44.93626912000008], [9.029378647000044, 44.936551595000026], [9.029560529000037, 44.936811602000034], [9.029992727000035, 44.93722869800007], [9.030435211000054, 44.937161229000026], [9.03149922600005, 44.93690649900003], [9.03162571300004, 44.93700375100008], [9.031741814000043, 44.937370412000064], [9.032216357000038, 44.93811115200003], [9.03151586000007, 44.93842191600004], [9.031073323000044, 44.93840707000004], [9.030483128000071, 44.93811537000005], [9.030050849000077, 44.93756170100005], [9.029444675000036, 44.936895821000064], [9.029133835000039, 44.93685100000005], [9.028933618000053, 44.936791183000025], [9.028938582000023, 44.936185013000056], [9.028722531000028, 44.93605784600004], [9.02865399500007, 44.93595309400007], [9.028643268000053, 44.93556769300005], [9.028769457000067, 44.93508497200003], [9.028689928000063, 44.934059743000034], [9.027952471000049, 44.93413476200004], [9.027904920000026, 44.93384291400008], [9.02864760500006, 44.93369680100005], [9.028657431000056, 44.932271179000054], [9.028530879000073, 44.93200928600004], [9.028230639000071, 44.93203929400005], [9.027830321000067, 44.93208429400005], [9.027445562000025, 44.931616664000046], [9.025623162000045, 44.932032425000045], [9.025449416000072, 44.932227037000075], [9.025454870000033, 44.93264985700006], [9.02533376200006, 44.932758396000054], [9.02521799300007, 44.93303531400005], [9.02419609900005, 44.93313656300006], [9.023731711000039, 44.931123581000065], [9.02285203300005, 44.93112750100005], [9.022905382000033, 44.93282252000006], [9.022757885000033, 44.93281880700005], [9.022715538000057, 44.932298708000076], [9.022599223000043, 44.93120987100008], [9.022351641000057, 44.931191210000065], [9.022225179000031, 44.93108646600007], [9.022119848000045, 44.93113887100003], [9.022156809000023, 44.93136337100003], [9.022335962000056, 44.931509265000045], [9.022467775000052, 44.93182729100005], [9.022420424000074, 44.93197323100003], [9.02242592400006, 44.93257191500004], [9.022325898000076, 44.932725348000076], [9.021656943000039, 44.93283398800003], [9.021667552000054, 44.933032301000026], [9.02177290700007, 44.93303228100007], [9.022041548000061, 44.93300229500005], [9.02225224700004, 44.93297606100003], [9.022626263000063, 44.93299843900007], [9.022647410000047, 44.933193008000046], [9.022326140000075, 44.93335022600007], [9.022315666000054, 44.93350738200007], [9.023195350000037, 44.93342862900005], [9.023205980000057, 44.93366436000008], [9.023079581000047, 44.93373548000005], [9.022979536000037, 44.93384026900003], [9.023027012000057, 44.93400864000006], [9.023511684000027, 44.934090860000026], [9.023514532000036, 44.93461283900007], [9.02301938900007, 44.93470274200007], [9.023037910000028, 44.934910408000064], [9.023111657000072, 44.93490290900007], [9.023159041000042, 44.93483928900008], [9.023778011000047, 44.93482232400004], [9.023904684000058, 44.93541162900004], [9.023061829000028, 44.935447348000025], [9.022950991000073, 44.934914167000045], [9.022358369000074, 44.93495731500008], [9.022260952000067, 44.93505649100007], [9.022274177000043, 44.93519680500003], [9.022411380000051, 44.93581043100005], [9.022509042000024, 44.93633426100007], [9.022691088000045, 44.93709380700005], [9.022862419000035, 44.93738937300003], [9.023692565000033, 44.93840696900003], [9.024446186000034, 44.93903917000006], [9.024662266000064, 44.93922621300004], [9.024717570000064, 44.93919813800005], [9.024659538000037, 44.93900732000003], [9.024635751000062, 44.938820236000026], [9.02503080100007, 44.93866486600007], [9.024956963000022, 44.938472180000076], [9.025452123000036, 44.93835420500005], [9.025841994000075, 44.93840837300007], [9.026121485000033, 44.93901822000004], [9.025563159000058, 44.939267175000055], [9.025197001000038, 44.939237322000054], [9.024896732000059, 44.93928977200005], [9.024654437000038, 44.93940020800005], [9.024053651000031, 44.938919517000045], [9.023442297000031, 44.938339668000026], [9.022931029000063, 44.93770554000008], [9.022675380000067, 44.93733702600008], [9.022538312000052, 44.937088224000036], [9.022350935000077, 44.936162171000035], [9.022127946000069, 44.935078032000035], [9.02155771100007, 44.93511930100004], [9.02142595600003, 44.93496497700005], [9.022025099000075, 44.93475345200005], [9.022051402000045, 44.93465990300007], [9.021984204000034, 44.93457385500005], [9.021876213000041, 44.93457387600006], [9.021660230000066, 44.93457204600003], [9.021460019000074, 44.934486023000034], [9.021007006000048, 44.93454410500004], [9.021059653000066, 44.934458034000045], [9.02145470000005, 44.93434757700004], [9.021409912000024, 44.93431765200006], [9.021222893000072, 44.93428962300004], [9.021075360000054, 44.934194235000064], [9.021457247000058, 44.934115586000075], [9.021686375000058, 44.934057546000076], [9.021728504000066, 44.934021991000066], [9.021720593000055, 44.93399767000005], [9.02156519600004, 44.93400705500005], [9.02147565100006, 44.93402578100006], [9.021401891000039, 44.93399586000004], [9.02128069400004, 44.93389485500006], [9.021475578000036, 44.93382933700008], [9.021515092000072, 44.933844297000064], [9.021602027000029, 44.933891052000035], [9.021807461000037, 44.93386107900005], [9.02174683000004, 44.933726386000046], [9.021707320000075, 44.93372452300008], [9.021578267000052, 44.933741385000076], [9.021362295000074, 44.93376200600005], [9.020761803000028, 44.93385753200005], [9.020701196000061, 44.93378270800008], [9.021233204000055, 44.933675969000035], [9.02119102100005, 44.93356559400007], [9.020524672000022, 44.93363306800006], [9.020521931000076, 44.93333185500006], [9.020661520000033, 44.933313121000026], [9.020669447000046, 44.93338421300007], [9.020935456000075, 44.93335048900008], [9.020919610000021, 44.93323449600007], [9.021105281000075, 44.93318956100006], [9.021085497000058, 44.93310631000003], [9.021385738000049, 44.93305574000004], [9.021458206000034, 44.933155819000035], [9.021535897000035, 44.93313335400006], [9.021498978000068, 44.93301081800007], [9.021314436000068, 44.93254687000007], [9.021251904000053, 44.93260768600004], [9.021070190000046, 44.932660105000025], [9.021117693000065, 44.93291828000008], [9.020899104000023, 44.932976317000055], [9.020759482000074, 44.93289963600006], [9.020648868000023, 44.93292023600003], [9.020530267000026, 44.93270323400003], [9.021251894000045, 44.93257962300004], [9.021294013000045, 44.93251787600008], [9.020919653000021, 44.93153572700004], [9.020588812000028, 44.93069669100004], [9.020529555000053, 44.93070418600007], [9.020561196000074, 44.93080333700004], [9.020545397000035, 44.93081456500005], [9.020591526000032, 44.93092213300008], [9.020392685000047, 44.93094462000005], [9.020354455000074, 44.930832373000044], [9.020438077000051, 44.93083048700004], [9.020409053000037, 44.93068082100007], [9.020499251000047, 44.93065975700006], [9.020439969000051, 44.93059522200008], [9.020193591000066, 44.93024447300007], [9.019899882000061, 44.93010514300005], [9.019860386000062, 44.930134149000025], [9.019996045000028, 44.93019586500003], [9.019986836000044, 44.930222995000065], [9.019981589000054, 44.93028286400005], [9.020029016000024, 44.930340854000065], [9.020119868000052, 44.93030435500003], [9.020197567000025, 44.93031650200004], [9.020260822000068, 44.93044558300005], [9.020237128000076, 44.93047552100006], [9.020296425000026, 44.93058028000007], [9.020241137000028, 44.930641094000066], [9.020073898000021, 44.930654220000065], [9.019951398000046, 44.93056256700004], [9.019942119000063, 44.93038857700003], [9.019699808000041, 44.93036523300003], [9.019772144000058, 44.930098617000056], [9.01962596800007, 44.93008461100004], [9.019621991000065, 44.93001071100008], [9.018908235000026, 44.92995447100003], [9.018766257000038, 44.92993873800003], [9.018767161000028, 44.92993204700008], [9.018767406000052, 44.92993037800005], [9.018775797000046, 44.92992021300006], [9.018786437000074, 44.92992163500003], [9.018791297000064, 44.92991718900004]]]}, "properties": {"OBJECTID": 51, "GisId": "{09DB058A-91A2-4F93-AB52-1C50FA9359EA}", "GisDescription": "VIA SAN FRANCESCO - CHIODA", "GisCode": "DRT02", "Shape_Length": 0.15171820915464895, "Shape_Area": 7.328831652622555e-05, "codice_distretto": "DRT02"}}, {"type": "Feature", "id": 52, "geometry": {"type": "Polygon", "coordinates": [[[8.744953547000023, 45.10137949300008], [8.745095003000074, 45.10137742900008], [8.745171673000073, 45.10125063500004], [8.745392984000034, 45.10130502800007], [8.745540728000037, 45.101168811000036], [8.745783935000077, 45.101243615000044], [8.745974624000041, 45.101338664000025], [8.746113321000053, 45.101335379000034], [8.746233499000027, 45.10131288900004], [8.746358835000024, 45.10127124400003], [8.746396440000069, 45.10118149400006], [8.746616549000066, 45.101125687000035], [8.746738434000065, 45.10109960500006], [8.746760540000025, 45.10107210500007], [8.74682068200002, 45.100857836000046], [8.747135152000055, 45.10088009200007], [8.747396975000072, 45.10133583000004], [8.747553998000058, 45.101779357000055], [8.747555892000037, 45.10211713600006], [8.747822118000045, 45.102342908000026], [8.748335798000028, 45.10244944600004], [8.748924086000045, 45.102513025000064], [8.749553110000022, 45.102543153000056], [8.749701544000061, 45.10263451000003], [8.749612865000074, 45.10280200600005], [8.74952403900005, 45.103003038000054], [8.749949363000042, 45.10320519800007], [8.750152568000033, 45.10314814900005], [8.750436329000024, 45.10323501000005], [8.750550856000075, 45.103345456000056], [8.750564115000032, 45.10340777000005], [8.750648263000073, 45.10350377700007], [8.750969203000068, 45.103597903000036], [8.751239987000076, 45.103557770000066], [8.751453122000044, 45.10355104700005], [8.751477236000028, 45.10345048500005], [8.75180929000004, 45.103321847000075], [8.751957875000073, 45.103379663000055], [8.752125118000038, 45.10381601900008], [8.752134840000053, 45.10391425900008], [8.75201284800005, 45.103964301000076], [8.752083520000042, 45.104048299000056], [8.752232076000041, 45.10411330100004], [8.755419947000064, 45.10536826300006], [8.756706548000068, 45.10589084900005], [8.760720656000046, 45.107400151000036], [8.763888866000059, 45.10859015400007], [8.763766627000052, 45.10870009700005], [8.762792729000068, 45.10860704700008], [8.76250886400004, 45.10853459000003], [8.762313372000051, 45.10836170300007], [8.762300198000048, 45.10827543500005], [8.762016474000063, 45.10816943900005], [8.761394686000074, 45.10801003500006], [8.760941743000046, 45.107922847000054], [8.756707591000065, 45.10763602000003], [8.755356217000042, 45.107221097000036], [8.755411775000027, 45.10688583600006], [8.75587571400007, 45.105976514000076], [8.755896562000032, 45.10584719800005], [8.755666270000063, 45.105908990000046], [8.755510440000023, 45.10596135900005], [8.755321089000063, 45.10594178900004], [8.755104635000066, 45.10593174300004], [8.755049158000077, 45.10624783900005], [8.754682960000025, 45.10644828000005], [8.754432737000059, 45.10642378700004], [8.754230799000027, 45.10618379600004], [8.754034517000036, 45.10620253800005], [8.753993369000057, 45.10633180900004], [8.75351293500006, 45.10634993800005], [8.753290271000026, 45.106210514000054], [8.752331766000054, 45.105700580000075], [8.752217872000074, 45.10544161200005], [8.752475766000032, 45.10525531700006], [8.752679245000024, 45.10513598000006], [8.752733678000027, 45.10506423100003], [8.752916881000033, 45.10494005800007], [8.753106579000075, 45.10487818400003], [8.753546305000043, 45.104883924000035], [8.75281045500003, 45.10451820800006], [8.750432826000065, 45.10365063300003], [8.75020850900006, 45.10389449000007], [8.74999323000003, 45.10392948500004], [8.749590006000062, 45.10358171300004], [8.749743144000035, 45.10337123800008], [8.748858505000044, 45.103005170000074], [8.748594709000031, 45.10330180600005], [8.74813051700005, 45.10317125600005], [8.748215586000072, 45.10305645700004], [8.748389118000034, 45.10282446900004], [8.747937313000023, 45.10268453100008], [8.747434076000047, 45.10251093800008], [8.744683860000066, 45.10312287900007], [8.744287241000052, 45.10255663800007], [8.744363175000046, 45.10221663800007], [8.744394377000049, 45.102046622000046], [8.744963469000027, 45.101861040000074], [8.744842998000024, 45.101495657000044], [8.744953547000023, 45.10137949300008]]]}, "properties": {"OBJECTID": 52, "GisId": "{C83053E7-1DAA-4925-A327-D2DC5EEBECDD}", "GisDescription": "VIALE UNIONE SOVIETICA", "GisCode": "DMD01", "Shape_Length": 0.052385929978951126, "Shape_Area": 1.8784669942932986e-05, "codice_distretto": "DMD01"}}, {"type": "Feature", "id": 53, "geometry": {"type": "Polygon", "coordinates": [[[8.72648755800003, 45.101019646000054], [8.726577923000036, 45.10111690100007], [8.725759842000059, 45.10137006800005], [8.721985708000034, 45.10226467100006], [8.717848961000072, 45.103100760000075], [8.717931511000074, 45.10333812500005], [8.700352640000062, 45.10727119300003], [8.69970814800007, 45.10825048500004], [8.69912101400007, 45.10989828500004], [8.698526568000034, 45.11003685800006], [8.697144853000054, 45.11007093300003], [8.696659752000073, 45.10896469100004], [8.696752293000031, 45.10865966600005], [8.69748447400002, 45.10846021700007], [8.697017423000034, 45.108259548000035], [8.69695854300005, 45.107879395000055], [8.697824382000022, 45.10751247300004], [8.69870022400005, 45.10741237600007], [8.699026632000027, 45.10758032800004], [8.699255368000024, 45.107505470000035], [8.699974221000048, 45.10686055800005], [8.717178975000024, 45.10314761300003], [8.717411165000044, 45.102949102000025], [8.718101628000056, 45.10279415300005], [8.726093542000058, 45.10108340100004], [8.726436787000068, 45.100922523000065], [8.72648755800003, 45.101019646000054]]]}, "properties": {"OBJECTID": 53, "GisId": "{15FC7840-00E9-4F0A-9CA7-A713DE25A39B}", "GisDescription": "PARZANO", "GisCode": "DMD06", "Shape_Length": 0.06611673073352493, "Shape_Area": 1.6714094761085402e-05, "codice_distretto": "DMD06"}}, {"type": "Feature", "id": 54, "geometry": {"type": "Polygon", "coordinates": [[[9.009760933000052, 44.917987190000076], [9.009760640000025, 44.91798648200006], [9.009767771000043, 44.91798383100007], [9.009773348000067, 44.91797999600004], [9.009786886000029, 44.91796874400006], [9.009866974000033, 44.91794161000007], [9.009741972000029, 44.917721322000034], [9.009387003000029, 44.917218208000065], [9.009264123000037, 44.91720948700004], [9.009208830000034, 44.91723755400005], [9.009235170000068, 44.917288066000026], [9.009200952000072, 44.91737038900004], [9.009071942000048, 44.917454590000034], [9.008882352000057, 44.91743215300005], [9.00878226900005, 44.91727874800006], [9.009055218000071, 44.917157118000034], [9.008980847000032, 44.916810258000055], [9.008973638000043, 44.91560540100005], [9.008471603000032, 44.915615417000026], [9.008432957000025, 44.915433319000044], [9.008774045000052, 44.91514405400005], [9.00823159600003, 44.91484849300008], [9.00740477200003, 44.91443321100007], [9.00602505200004, 44.91420878400004], [9.005851280000059, 44.914249952000034], [9.005740701000036, 44.91432479400004], [9.004097701000035, 44.91425002900007], [9.003586884000072, 44.91400682900007], [9.003744834000031, 44.913557808000064], [9.004534725000042, 44.91355403800003], [9.005251944000065, 44.91361570000004], [9.005357401000026, 44.91382952200007], [9.006684445000076, 44.91401404700008], [9.00781022800004, 44.91423112600006], [9.008853000000045, 44.91490831600004], [9.00920037700007, 44.91376704000004], [9.00895814100005, 44.91374835000005], [9.008663247000072, 44.91374837300003], [9.008526286000063, 44.913434073000076], [9.009026509000023, 44.91317585000007], [9.009447794000039, 44.913261877000025], [9.009932178000042, 44.91279411100004], [9.010574504000033, 44.91219536700004], [9.010816685000066, 44.91195212700006], [9.010895636000043, 44.91176128700005], [9.011032489000058, 44.91146193000003], [9.011327297000037, 44.91108772200005], [9.011358818000076, 44.91071353900003], [9.011095411000042, 44.910077459000036], [9.011063767000053, 44.90981553600005], [9.011542807000069, 44.90916815700007], [9.012348278000047, 44.908445906000054], [9.012590379000073, 44.90793699400007], [9.013106179000033, 44.90700148700006], [9.013048260000062, 44.90700523500004], [9.01287452300005, 44.90709131600005], [9.012616538000032, 44.907166181000036], [9.01234273700004, 44.907154985000034], [9.011737191000066, 44.907001636000075], [9.011231678000058, 44.906795887000044], [9.011257956000065, 44.90654892500004], [9.011336928000048, 44.90651150000008], [9.012468976000036, 44.90655628300004], [9.012763850000056, 44.90663108700005], [9.013227227000073, 44.906769481000026], [9.013558929000055, 44.90671331500005], [9.013980110000034, 44.90652991600007], [9.014132712000048, 44.90615945900004], [9.014101100000062, 44.90607340100007], [9.014027405000036, 44.90615198800003], [9.013737824000032, 44.90618569900005], [9.01321122500002, 44.90587145000006], [9.012642451000033, 44.90528031000008], [9.013089913000044, 44.90493227200005], [9.01337946700005, 44.90480875900005], [9.014063945000032, 44.90485357800003], [9.014406241000074, 44.905100495000056], [9.014501065000047, 44.90530254000004], [9.014553814000067, 44.905687939000074], [9.014632879000033, 44.906028433000074], [9.014606585000024, 44.906155657000056], [9.01444869200003, 44.90641386200008], [9.01436448100003, 44.90654857700008], [9.014095995000048, 44.90672821700008], [9.013701152000067, 44.90696399900003], [9.01346952700004, 44.90717356700003], [9.013322136000056, 44.90734196500006], [9.013174751000065, 44.90754403900007], [9.012980024000058, 44.90795191800004], [9.01288009600006, 44.90846455600007], [9.012753751000048, 44.90858804900006], [9.012474723000025, 44.90877891200006], [9.012216764000073, 44.90902215700004], [9.011927230000026, 44.90935895000007], [9.01166401300003, 44.90966206200005], [9.011469271000067, 44.910084906000066], [9.011640528000044, 44.910696673000075], [9.011656397000024, 44.911052142000074], [9.011466890000065, 44.911346828000035], [9.011410298000044, 44.91142260500004], [9.011326067000027, 44.91153112500007], [9.011254998000027, 44.911623742000074], [9.01114971800007, 44.911808036000025], [9.010872033000055, 44.91225707800004], [9.011432744000047, 44.911760300000026], [9.012359355000058, 44.91098565100003], [9.012627851000047, 44.910742405000065], [9.012727864000055, 44.91058523800007], [9.012812061000034, 44.91033827000007], [9.013264825000022, 44.90999023100005], [9.013844039000048, 44.90997519500007], [9.014544255000033, 44.90953731700006], [9.014502095000068, 44.90939887600007], [9.014480971000069, 44.909151920000056], [9.014970591000065, 44.908867480000026], [9.015777537000076, 44.908892628000046], [9.016130277000059, 44.908716715000025], [9.016963396000051, 44.908218935000036], [9.018453451000028, 44.907324180000046], [9.019007944000066, 44.90694429600006], [9.019498172000056, 44.90663161700007], [9.019553916000064, 44.906592448000026], [9.01957776100005, 44.90658104400006], [9.019606752000072, 44.90660403800007], [9.01962080100003, 44.90663009000008], [9.01934417700005, 44.90682124500006], [9.018084262000059, 44.90762219700008], [9.018347247000065, 44.90795281900006], [9.017919053000071, 44.908149955000056], [9.017610099000024, 44.90799284700006], [9.015360353000062, 44.90929282500008], [9.014198589000046, 44.909971487000064], [9.013107028000036, 44.91073744000005], [9.013138643000048, 44.91083222800006], [9.013194830000032, 44.91091953000006], [9.01339144000002, 44.91102178300008], [9.013507316000073, 44.91115398000005], [9.013212473000067, 44.91131865300008], [9.013995421000061, 44.911767576000045], [9.015554318000056, 44.91261551500003], [9.016660324000043, 44.913229013000034], [9.016786687000035, 44.91316663200007], [9.017727292000075, 44.91239817400003], [9.016779221000036, 44.91163748500003], [9.016537038000024, 44.91177970900003], [9.016228107000074, 44.91176229200005], [9.016164811000067, 44.911380637000036], [9.016670257000044, 44.91115855100003], [9.017295198000056, 44.91141040500003], [9.017702463000035, 44.91156250900008], [9.017779722000057, 44.91165729000005], [9.018281615000035, 44.911312966000025], [9.01863621900003, 44.911447612000075], [9.01902926300005, 44.91105091700007], [9.019766273000073, 44.91049950000007], [9.020187484000076, 44.91038218400007], [9.020285796000053, 44.91043704600003], [9.020227351000074, 44.91055531200004], [9.020137702000056, 44.910769163000055], [9.019896363000043, 44.911088188000065], [9.019777153000064, 44.91151726800007], [9.019717531000026, 44.911681918000056], [9.019791270000042, 44.91173429000003], [9.01995277800006, 44.91180410900006], [9.02033898700006, 44.91195371300006], [9.020549667000068, 44.91208837900007], [9.020533951000061, 44.912316632000056], [9.020344556000055, 44.91280933500008], [9.020109389000027, 44.912931609000054], [9.019951442000036, 44.91301894600008], [9.019733744000064, 44.91289675200005], [9.019786363000037, 44.91277949900007], [9.019614334000039, 44.91274710000005], [9.019488060000072, 44.91306143300005], [9.019277457000044, 44.91316125000003], [9.019098448000022, 44.91325856600008], [9.019014253000023, 44.913435692000064], [9.01887034200007, 44.91351304700004], [9.018347339000059, 44.91376258500003], [9.017859461000057, 44.91408445700006], [9.017518938000023, 44.91411943300005], [9.01700291700007, 44.914276666000035], [9.01687653700003, 44.91428666300004], [9.016634215000067, 44.913992344000064], [9.016497190000052, 44.91360820600005], [9.016539240000043, 44.91333879100006], [9.016398798000068, 44.91327644800003], [9.015917772000023, 44.913012096000045], [9.015896711000039, 44.91302207700005], [9.015844083000047, 44.91313683200008], [9.015830060000042, 44.913204187000076], [9.015205214000048, 44.91336392200003], [9.01514546900006, 44.91311697000003], [9.015426225000056, 44.912772688000075], [9.014130651000073, 44.91207189200003], [9.012498056000027, 44.911159084000076], [9.01203825600004, 44.91151335700005], [9.012122514000055, 44.911535799000035], [9.012336653000034, 44.91152829200007], [9.012399837000032, 44.91150583500007], [9.012568308000027, 44.91135614400008], [9.012866712000061, 44.911410990000036], [9.013087900000073, 44.91153070300004], [9.013137096000037, 44.91174522700004], [9.013105524000025, 44.91184501200007], [9.012919496000052, 44.91197474900008], [9.012652714000069, 44.91205959200005], [9.01216822300006, 44.91188502800003], [9.011992641000063, 44.91161314300007], [9.011715354000046, 44.91182770100005], [9.010676379000074, 44.91257616300004], [9.010609693000049, 44.912653499000044], [9.01078521100004, 44.91259610900005], [9.011115203000031, 44.912591088000056], [9.011132787000065, 44.91275323100007], [9.010739659000023, 44.91305510700005], [9.010279739000055, 44.91287554300004], [9.009842740000067, 44.91327720100003], [9.009532105000062, 44.913602764000075], [9.009381182000027, 44.913808575000076], [9.009491775000072, 44.91385596200007], [9.00959356900006, 44.91376615000007], [9.009718202000045, 44.91379607400006], [9.009913004000055, 44.91357404400003], [9.010283404000063, 44.91373989700003], [9.010193900000047, 44.91383594500007], [9.010450201000026, 44.913970627000026], [9.010601161000068, 44.91397934400004], [9.010748599000067, 44.91393692200006], [9.01092060600007, 44.91385458700006], [9.011152313000025, 44.913877015000025], [9.011496360000024, 44.91390192700004], [9.01186844800003, 44.91370731500007], [9.012110687000074, 44.913729740000065], [9.012191491000067, 44.91401410900005], [9.011966869000048, 44.91429850900005], [9.011510508000072, 44.91442577600003], [9.01089964700003, 44.91441336400004], [9.010678426000027, 44.91415145900004], [9.009862127000076, 44.913737440000034], [9.009660301000054, 44.91394824500003], [9.009363635000057, 44.91384474700004], [9.009261845000026, 44.91396324600004], [9.009137287000044, 44.91440354000008], [9.009025006000059, 44.91479519000006], [9.008986432000029, 44.915077076000046], [9.009037343000045, 44.91510700600003], [9.009040838000033, 44.91500971900007], [9.009611340000049, 44.91507702500007], [9.009537647000059, 44.915269110000054], [9.009226947000059, 44.915270382000074], [9.009207623000066, 44.91517808700007], [9.009023304000038, 44.915128210000034], [9.009054921000029, 44.91526540700005], [9.009125178000033, 44.91553855300003], [9.009111188000077, 44.91587032600006], [9.009091949000037, 44.916311860000064], [9.01001003400006, 44.91638911300004], [9.010039880000022, 44.916410314000075], [9.010278606000043, 44.916362897000056], [9.010292669000023, 44.916473902000064], [9.010020595000071, 44.91655624600003], [9.009974930000055, 44.91641530900006], [9.009111262000033, 44.916339298000025], [9.009090215000072, 44.91644656500006], [9.009063901000047, 44.916555078000044], [9.009123616000068, 44.916750895000064], [9.009228961000076, 44.91688309600005], [9.009430878000046, 44.917156231000035], [9.009559052000043, 44.91732335300003], [9.009819293000021, 44.917787592000025], [9.009881728000039, 44.91790677000006], [9.00990358100006, 44.91795111500005], [9.009827126000062, 44.91797883800007], [9.009905209000067, 44.918148012000074], [9.009811976000037, 44.91816274100006], [9.009151918000043, 44.918114152000044], [9.00905713000003, 44.91814783600006], [9.008979895000039, 44.918187755000076], [9.008967615000074, 44.91824138800007], [9.009007999000062, 44.91828753300007], [9.009685607000051, 44.91830244600004], [9.009647046000055, 44.918655424000065], [9.00897821600006, 44.91867044600008], [9.008953581000071, 44.91830001000005], [9.008874587000037, 44.91831248900007], [9.008518239000068, 44.918371138000055], [9.008196997000027, 44.91841855700005], [9.007968824000045, 44.91869297100004], [9.007963567000047, 44.91875284100007], [9.008160187000044, 44.91880770600005], [9.008135626000069, 44.918919962000075], [9.007960078000053, 44.918909996000025], [9.007637061000025, 44.918840171000056], [9.007816111000068, 44.918780291000076], [9.008146087000057, 44.91840858300003], [9.007756365000034, 44.918331280000075], [9.007415840000021, 44.91860071200006], [9.007085833000076, 44.91876287700006], [9.006397650000054, 44.91841867200003], [9.007029532000047, 44.917732640000054], [9.007456131000026, 44.91793841100008], [9.007825682000032, 44.91816725900003], [9.008249644000045, 44.91829881600006], [9.008548947000065, 44.918289439000034], [9.008786798000074, 44.91819961900006], [9.009136110000043, 44.91805054300005], [9.009423122000044, 44.91803368200004], [9.009873191000054, 44.91812921600007], [9.009814577000043, 44.91797596300006], [9.009769623000068, 44.91798717200004], [9.009761337000043, 44.917988355000034], [9.009760933000052, 44.917987190000076]]]}, "properties": {"OBJECTID": 54, "GisId": "{579FC9B4-C1D8-4B1D-98E5-EBD800B77E04}", "GisDescription": "VIA J.F. KENNEDY - VIA TEVERE", "GisCode": "DRT04", "Shape_Length": 0.127472411647866, "Shape_Area": 2.479046763186648e-05, "codice_distretto": "DRT04"}}, {"type": "Feature", "id": 55, "geometry": {"type": "MultiPolygon", "coordinates": [[[[9.028191355000047, 44.99673998000003], [9.03087385200007, 44.994833491000065], [9.031964282000047, 44.994880082000066], [9.034244624000053, 44.99555934000006], [9.038176643000043, 44.99541742000008], [9.04068791800006, 44.99543999800005], [9.045281138000064, 44.99576650600005], [9.04686590600005, 44.99417157500005], [9.049455091000027, 44.99405496700007], [9.050617450000061, 44.99560014800005], [9.05666345800006, 44.994729826000025], [9.059059302000037, 44.994986512000025], [9.059888830000034, 44.99692309500006], [9.059755756000072, 44.99744792400003], [9.058731415000068, 44.99747190000005], [9.057376889000068, 44.99775393500005], [9.053609937000033, 44.997849546000054], [9.052883308000048, 44.99822501300008], [9.05090124000003, 44.99890583200005], [9.050009560000035, 44.99951580700008], [9.046308229000033, 44.999189132000026], [9.045349332000058, 44.99843926200003], [9.04429215700003, 44.99876791300005], [9.044061509000073, 44.999635484000066], [9.04687211700002, 45.00179134600006], [9.048296822000054, 45.006198494000046], [9.047636365000074, 45.006831797000075], [9.047041744000069, 45.00716028000005], [9.047638483000071, 45.00938734700003], [9.048465210000074, 45.00992624400004], [9.048960419000025, 45.00926956100005], [9.049421941000048, 45.00788608300007], [9.05057778500003, 45.00685397800004], [9.053221914000062, 45.00704034000006], [9.054282046000026, 45.00973606400004], [9.053390429000046, 45.01055707300003], [9.057389060000048, 45.00994555400007], [9.060892638000041, 45.01008441100004], [9.06446188800004, 45.009824553000044], [9.06694714300005, 45.01004329700004], [9.066798547000076, 45.01116210600003], [9.065885319000074, 45.01176971000007], [9.065720701000032, 45.01233249400008], [9.06618486800005, 45.013574832000074], [9.06582275900007, 45.01486453700005], [9.06532836100007, 45.016107427000065], [9.065428246000067, 45.016740395000056], [9.06618951300004, 45.01760743500006], [9.065132850000055, 45.01859274800006], [9.063017177000063, 45.01852359900005], [9.06268602800003, 45.017984538000064], [9.064304530000072, 45.01688170600005], [9.065260868000053, 45.014888305000056], [9.062847741000041, 45.014725541000075], [9.063243047000071, 45.013506163000045], [9.063605672000051, 45.01263848200006], [9.062844690000077, 45.01193554100007], [9.060531173000072, 45.012077463000026], [9.058613964000074, 45.01191434500004], [9.054581332000055, 45.011658444000034], [9.053358858000024, 45.01215137600008], [9.051506825000047, 45.010933065000074], [9.049788823000029, 45.01173097000003], [9.050318747000063, 45.012973344000045], [9.051611856000022, 45.017474281000034], [9.052408098000058, 45.020662489000074], [9.053367416000071, 45.02136540600003], [9.056672639000055, 45.02080112500005], [9.059152166000047, 45.02101087600005], [9.058326822000026, 45.02208978600004], [9.055814990000044, 45.02270062100007], [9.055221604000053, 45.02443586600003], [9.050857016000066, 45.02361730500007], [9.05042327600006, 45.019092543000056], [9.047315622000042, 45.01198601300007], [9.046422601000074, 45.011236127000075], [9.04627938300007, 45.01124400000003], [9.045343458000048, 45.01193992200007], [9.044165174000057, 45.01269845300004], [9.042093669000053, 45.01243352000006], [9.04175099500003, 45.01087843400006], [9.043623293000053, 45.01004151500007], [9.044217736000064, 45.009416076000036], [9.045870232000027, 45.009352902000046], [9.04421515100006, 45.00605556700003], [9.041747379000071, 45.00590019300006], [9.03933480400002, 45.00589323400004], [9.037946760000068, 45.00590933400008], [9.036348516000032, 45.004518759000064], [9.035422655000048, 45.00368282900007], [9.035092249000058, 45.00380015800005], [9.033626984000023, 45.003542699000036], [9.032987684000034, 45.00287859800005], [9.032580120000034, 45.00290997600007], [9.030894423000063, 45.00237120000003], [9.030453472000033, 45.001753921000045], [9.028668780000032, 45.00139488700006], [9.027180842000064, 44.999589951000075], [9.027631865000046, 44.99834723400005], [9.028512859000045, 44.99795626000008], [9.028191355000047, 44.99673998000003]], [[9.031273500000054, 45.00060096500005], [9.033421883000074, 45.00129199700007], [9.035752256000023, 45.00227600000005], [9.036677762000068, 45.002580497000054], [9.038677900000039, 45.00376383200006], [9.042660101000024, 45.00370380000004], [9.041252969000027, 45.00007027400005], [9.040309938000064, 44.99831220200008], [9.039384675000065, 44.998289079000074], [9.036757283000043, 44.99773898700005], [9.035451993000038, 44.997669063000046], [9.033420418000048, 44.99877161200004], [9.032478820000051, 44.999088398000026], [9.032330228000035, 44.999287725000045], [9.032049679000067, 44.99988566400003], [9.031273500000054, 45.00060096500005]]], [[[9.018719807000025, 44.98987369900004], [9.01851326700006, 44.989740435000044], [9.018149767000068, 44.989535345000036], [9.01788949400003, 44.989258437000046], [9.017814932000022, 44.988537499000074], [9.01793034000002, 44.98780480900007], [9.01755832400005, 44.986714652000046], [9.016728138000076, 44.98633964800007], [9.016632939000033, 44.985592336000025], [9.016781568000056, 44.98546043300007], [9.016884814000036, 44.98547507200004], [9.017306035000047, 44.98546914700006], [9.01734314500004, 44.98527864700003], [9.017037496000057, 44.98509112900007], [9.016570814000033, 44.98496517800004], [9.015348436000068, 44.984915527000055], [9.014307748000022, 44.98480722700003], [9.013968973000033, 44.98419768500003], [9.014183536000075, 44.983494293000035], [9.014282257000048, 44.98193515400004], [9.014736378000066, 44.98149549300007], [9.015364239000064, 44.98223980500006], [9.01522400600004, 44.98287285300006], [9.015513078000026, 44.98290798200003], [9.01598380200005, 44.98277896700006], [9.016289228000062, 44.98223967700005], [9.015843191000044, 44.98201700700008], [9.01566120700005, 44.98095026100003], [9.016288787000065, 44.980680550000045], [9.017255071000022, 44.980774190000034], [9.017089583000029, 44.979713305000075], [9.016957399000034, 44.979543344000035], [9.016577368000071, 44.97905104400007], [9.017262672000072, 44.97858203100003], [9.017196435000074, 44.978013487000055], [9.015569504000041, 44.97778512700006], [9.015354521000063, 44.976771136000025], [9.015974866000022, 44.974680833000036], [9.017373002000056, 44.97475013300004], [9.016959890000066, 44.97398821500008], [9.017223931000046, 44.97330825500006], [9.01695073600007, 44.970946155000036], [9.017523820000065, 44.968342145000065], [9.018844902000069, 44.96830676500008], [9.02000096300003, 44.96861136100006], [9.01975359100004, 44.96958439600007], [9.02066188300006, 44.96964284900008], [9.022148789000028, 44.96938688800003], [9.022021273000064, 44.96842397300003], [9.023022781000066, 44.968118435000065], [9.024193540000056, 44.968115201000046], [9.02434088800004, 44.96944201600007], [9.024343754000029, 44.969893193000075], [9.022785114000044, 44.96997029600004], [9.022794397000041, 44.97033041200007], [9.022804992000033, 44.970741392000036], [9.023416893000046, 44.970797470000036], [9.023452570000075, 44.97176088900005], [9.022602215000063, 44.97180511900007], [9.02244244600007, 44.96958134100004], [9.020514671000058, 44.96981789700004], [9.019751322000047, 44.96972772300006], [9.01899477400002, 44.972093200000074], [9.018912743000044, 44.97374612600004], [9.018219661000046, 44.975504655000066], [9.018170625000039, 44.977122406000035], [9.019607821000022, 44.977966208000055], [9.024067109000043, 44.977613672000075], [9.025982850000048, 44.97727329200006], [9.026230214000066, 44.97644091800004], [9.025850061000028, 44.975807975000066], [9.026312102000077, 44.974928662000025], [9.027352493000024, 44.97474085300007], [9.028376882000032, 44.97560808800006], [9.028377541000054, 44.97694448400006], [9.028922544000068, 44.976885734000064], [9.02943437500005, 44.976557365000076], [9.029566094000074, 44.975760182000045], [9.030242638000061, 44.97461117300003], [9.031349301000034, 44.97484533000005], [9.032472702000064, 44.97545460100008], [9.033035118000043, 44.976990123000064], [9.032441213000027, 44.97819187700003], [9.033110365000027, 44.978596121000066], [9.034679568000058, 44.978806665000036], [9.035332460000063, 44.97959189000005], [9.03458983400003, 44.98064716700003], [9.03324387500004, 44.98098166500006], [9.033462902000053, 44.981277601000045], [9.033545512000046, 44.98131860700005], [9.033884306000061, 44.981635021000045], [9.033744303000049, 44.98230912100007], [9.033595866000041, 44.98269015400007], [9.03422376800006, 44.98307095700005], [9.034817976000056, 44.98234982800005], [9.035387642000046, 44.982033139000066], [9.036626371000068, 44.981892075000076], [9.038154311000028, 44.981991218000076], [9.03870835600003, 44.98304021900003], [9.038783026000033, 44.983544272000074], [9.038576823000028, 44.98394877700008], [9.037437235000027, 44.98420119600007], [9.036809294000022, 44.983814549000044], [9.036198132000038, 44.98382646700003], [9.035735457000044, 44.98355699000007], [9.035289553000041, 44.98369194000003], [9.034728321000046, 44.984325141000056], [9.034505634000027, 44.984841009000036], [9.033572454000023, 44.98502885100004], [9.033101398000042, 44.98454249400004], [9.032515067000077, 44.98466575200007], [9.032507404000057, 44.98572080200006], [9.031359415000054, 44.98582662800004], [9.030987223000068, 44.984856671000045], [9.029029783000055, 44.98483960100003], [9.02855912800004, 44.985080037000046], [9.028493335000064, 44.98564860700003], [9.027783161000059, 44.98591254400003], [9.02746087600002, 44.98555507800006], [9.02555330000007, 44.98628233100004], [9.023922389000063, 44.98705638700005], [9.02360449500003, 44.98729383800003], [9.023323809000033, 44.98763678600005], [9.02354295200007, 44.988281493000045], [9.022981422000043, 44.98860398200003], [9.022271045000025, 44.98850447900003], [9.021957188000044, 44.988536778000025], [9.021333707000053, 44.988885648000064], [9.020305450000023, 44.98912615200004], [9.020061966000071, 44.98964492600004], [9.019823589000055, 44.99001570000007], [9.019030672000042, 44.99012866600003], [9.018952161000072, 44.99000485800008], [9.018870589000073, 44.98998508900007], [9.018719807000025, 44.98987369900004]], [[9.024949674000027, 44.98469549600003], [9.026502482000069, 44.98487098800007], [9.02757603300006, 44.984565942000074], [9.02888078500007, 44.98417876900004], [9.028946528000063, 44.983522278000066], [9.030152171000054, 44.98319372800006], [9.03117612400007, 44.98290038500005], [9.032447965000074, 44.98284141700003], [9.031819918000053, 44.982173396000064], [9.031307699000024, 44.98185702300003], [9.030778981000026, 44.981564098000035], [9.030563917000052, 44.980931127000076], [9.03183546200006, 44.980414977000066], [9.031868496000072, 44.98041496800005], [9.03176916800004, 44.98000469900006], [9.030992621000053, 44.97954772500003], [9.030282019000026, 44.97883282600003], [9.029406606000066, 44.97877444200003], [9.029224482000075, 44.97790700400003], [9.028728983000065, 44.97789540600007], [9.02798580800004, 44.978024541000025], [9.027705321000042, 44.97863419300006], [9.027045010000052, 44.97938460900008], [9.026747931000045, 44.97986531300006], [9.02714469700004, 44.980627199000025], [9.028135820000045, 44.98081452300005], [9.028185585000074, 44.98124825300005], [9.028764103000071, 44.98206870200005], [9.028731355000048, 44.98264312600003], [9.027393576000065, 44.982983414000046], [9.027377455000021, 44.983815734000075], [9.026601250000056, 44.984132431000035], [9.025741942000025, 44.98332375900003], [9.024701446000051, 44.98364050300006], [9.024949674000027, 44.98469549600003]], [[9.018440167000051, 44.98072271800004], [9.019497217000037, 44.98057014600005], [9.020240276000038, 44.97996043300003], [9.021346863000076, 44.97981955900008], [9.022750818000077, 44.979854456000055], [9.024303299000053, 44.97958451300008], [9.026152717000059, 44.978540777000035], [9.026251651000052, 44.97817734900008], [9.018736889000024, 44.97891736300005], [9.018291222000073, 44.97980836600004], [9.018440167000051, 44.98072271800004]]], [[[8.981751134000035, 44.98953060000008], [8.980343795000067, 44.98874858000005], [8.979947534000075, 44.988154558000076], [8.97969812100007, 44.98755014100004], [8.980006819000039, 44.98657069500007], [8.981636814000069, 44.986164580000036], [8.981901204000053, 44.98588327600004], [8.981681107000043, 44.98540391100005], [8.98103509200007, 44.98526834200004], [8.980256893000046, 44.98524737000008], [8.979478744000062, 44.98509092900008], [8.979449448000025, 44.984892939000076], [8.979743252000048, 44.98448660300005], [8.980477480000047, 44.98424706600008], [8.980198591000033, 44.98399693300007], [8.979391019000047, 44.98404889100004], [8.979126655000073, 44.98424682700005], [8.978363115000036, 44.98433004700007], [8.977805450000062, 44.98359010300004], [8.977277182000023, 44.98280848200005], [8.976969054000051, 44.98229783000005], [8.975765165000041, 44.98214127700004], [8.97458980700003, 44.98073855700005], [8.974724120000076, 44.97895245900003], [8.974856404000036, 44.978608620000045], [8.975489569000047, 44.976386207000076], [8.974261239000043, 44.97645540500008], [8.973796554000046, 44.97599680900004], [8.97113439900005, 44.97607953000005], [8.97119347000006, 44.975384861000066], [8.976678333000052, 44.975076545000036], [8.97688392300006, 44.97720622400004], [8.976427624000053, 44.977858698000034], [8.97651468600003, 44.98036999300007], [8.976828718000036, 44.98061710400003], [8.977219301000048, 44.980661903000055], [8.977279508000038, 44.979241724000076], [8.978003811000065, 44.97921407800004], [8.977930627000035, 44.97980487600006], [8.977396638000073, 44.980061472000045], [8.977386586000023, 44.980735312000036], [8.977699732000076, 44.980915991000074], [8.978408419000061, 44.980985161000035], [8.978922554000064, 44.980266261000054], [8.979392418000032, 44.98014130400003], [8.980273367000052, 44.980026837000025], [8.981051241000046, 44.98081890700007], [8.980610395000042, 44.98196505800007], [8.981212249000066, 44.98232986700003], [8.981755712000052, 44.98165263900006], [8.982812754000065, 44.98191330900005], [8.983766755000033, 44.98314303700005], [8.984251258000029, 44.983226466000076], [8.984765243000027, 44.982872248000035], [8.986218830000041, 44.98279949100004], [8.98699709400006, 44.982393193000064], [8.985954715000048, 44.982101304000025], [8.98565473800005, 44.981731782000054], [8.985599924000041, 44.98137523500003], [8.98737763400004, 44.98090531300005], [8.986991056000022, 44.98068991900004], [8.985482097000045, 44.98060879700006], [8.985502256000075, 44.98031076700005], [8.986736649000022, 44.98034254800007], [8.986257162000072, 44.97983537300007], [8.985552505000044, 44.97956783300003], [8.984813779000035, 44.97861255000004], [8.983722442000044, 44.97867144700007], [8.983558896000034, 44.97971597700007], [8.982667999000057, 44.97966795700006], [8.982667746000061, 44.97893353500007], [8.982927163000056, 44.97878769000005], [8.98292389900007, 44.97844859800006], [8.982542212000055, 44.97835475800008], [8.983485211000072, 44.97825981300008], [8.983436187000052, 44.97796499100008], [8.983847450000042, 44.97790557800005], [8.983911205000027, 44.97741930900003], [8.98364695600003, 44.97738106300005], [8.983196745000043, 44.97734626400006], [8.983258423000052, 44.97776158000005], [8.98246255600003, 44.97778380400007], [8.982477440000025, 44.97711691100005], [8.983309385000041, 44.97705451300004], [8.98339756100006, 44.97674191900006], [8.982957308000039, 44.976678107000055], [8.983236221000027, 44.976224357000035], [8.982864423000024, 44.97583180600003], [8.98186761900007, 44.97597362700003], [8.981809055000042, 44.97547344600008], [8.982095427000047, 44.97515046400008], [8.981816560000027, 44.97494722600004], [8.981412871000032, 44.97487421900007], [8.981310263000069, 44.97439487100007], [8.981178175000025, 44.97428543600006], [8.98070843000005, 44.97421241600006], [8.980605722000064, 44.974050885000054], [8.980958099000077, 44.973899851000056], [8.981325101000039, 44.97391033100007], [8.981787475000033, 44.97407713100006], [8.982323206000046, 44.97440024200006], [8.982587471000045, 44.97433776200006], [8.982903090000036, 44.97436906900003], [8.983159926000042, 44.97460877300006], [8.983079071000077, 44.97498910100006], [8.983240299000045, 44.97587484500008], [8.983541208000076, 44.97603640300008], [8.983651317000067, 44.97602599800007], [8.984018432000028, 44.97568218200007], [8.984224033000032, 44.97542170500003], [8.98461306300004, 44.97544259800003], [8.984752451000077, 44.97573959400006], [8.984010941000065, 44.97622403400004], [8.984142957000074, 44.976627836000034], [8.984315330000072, 44.97709677100005], [8.98449134200007, 44.97769074900003], [8.984843554000065, 44.97821180900007], [8.985904100000027, 44.97894917600007], [8.986234400000058, 44.97908728400006], [8.98653160300006, 44.97951455000003], [8.986759150000069, 44.97959272800006], [8.987375780000036, 44.97959800800004], [8.987397827000052, 44.97948338800006], [8.987118931000055, 44.979233271000055], [8.986795925000024, 44.97928533500004], [8.986546359000045, 44.979194129000064], [8.986109645000056, 44.978930966000064], [8.986039998000024, 44.978561039000056], [8.986487819000047, 44.97839957900004], [8.98662734900006, 44.97815472000008], [8.987053150000065, 44.97796720500003], [8.987662403000058, 44.97806105500007], [8.988411136000025, 44.978118444000074], [8.988587227000039, 44.97854569100008], [8.988579799000036, 44.97898855100004], [8.988543007000033, 44.97943140800004], [8.988550276000069, 44.979796116000045], [8.98863829000004, 44.98018167400005], [8.98881435800007, 44.98076522400004], [8.988865624000027, 44.981390443000066], [8.990032703000054, 44.98226064000005], [8.990326417000063, 44.98186990700003], [8.990854942000055, 44.98209398600005], [8.990509839000026, 44.98251597700005], [8.990913569000043, 44.98275046500004], [8.991398192000077, 44.982073187000026], [8.990003511000054, 44.98127071600004], [8.990157729000032, 44.980942492000054], [8.99059088000007, 44.980754965000074], [8.990732497000067, 44.979825187000074], [8.991168062000042, 44.979776593000054], [8.99142547200006, 44.97969866300008], [8.991581609000036, 44.97970324900007], [8.991655070000036, 44.97934636100007], [8.992260697000063, 44.979270857000074], [8.992407538000066, 44.979078092000066], [8.993204018000029, 44.979028647000064], [8.993429325000022, 44.97890242200003], [8.993871555000055, 44.979157635000035], [8.993915536000031, 44.97976201100005], [8.994664300000068, 44.97981414900005], [8.995868206000068, 44.97976209900003], [8.99608841600002, 44.97999135100008], [8.996264576000044, 44.980324805000066], [8.996220507000032, 44.98068951100004], [8.99602961100004, 44.98112715500008], [8.994634813000062, 44.98113751900007], [8.994517339000026, 44.98131465600005], [8.995985534000056, 44.98155438300006], [8.996587499000043, 44.981658605000064], [8.99648469500005, 44.98211709200007], [8.994722808000063, 44.982200386000045], [8.99494302200003, 44.98245048100006], [8.995163214000058, 44.98296108300008], [8.995427461000077, 44.983461265000074], [8.99563297700007, 44.98399270400006], [8.996029382000074, 44.984440789000075], [8.99658732100005, 44.984659632000046], [8.997380184000065, 44.98504520100005], [8.99856950800006, 44.98525362600003], [8.999024686000041, 44.98513900900008], [8.998686987000042, 44.98460757400005], [8.997912477000057, 44.984185542000034], [8.997442625000076, 44.984190743000056], [8.99739125900004, 44.98365931100005], [8.997354586000029, 44.98291947400003], [8.997486760000072, 44.98220308600003], [8.997941917000048, 44.98211973200006], [8.998397067000042, 44.98217184100008], [8.999578995000036, 44.98216664100005], [8.99984327900006, 44.98195823800006], [8.99965975400005, 44.98135907300008], [8.999211950000074, 44.98118192800007], [8.999013748000039, 44.98088494900003], [8.999131208000051, 44.98062965500003], [8.99885959900007, 44.98025973400007], [8.998874285000056, 44.97999401800007], [8.999182612000027, 44.979374017000055], [9.00062553500004, 44.97878397200003], [9.001198111000065, 44.97871102500005], [9.001917512000034, 44.978981942000075], [9.002601280000022, 44.97886946800003], [9.002730494000048, 44.97884385700007], [9.002909879000072, 44.97875397800004], [9.003049340000075, 44.97849086300005], [9.003225488000055, 44.977993292000065], [9.003739314000029, 44.977700208000044], [9.004533927000068, 44.97761942100004], [9.00500004600002, 44.97752041000007], [9.005102799000042, 44.977345866000064], [9.005146826000043, 44.977166115000045], [9.005146816000035, 44.97705670200003], [9.005033019000052, 44.97683267300005], [9.004988971000046, 44.976767548000055], [9.005176137000035, 44.97657997500005], [9.005359630000044, 44.97638719200006], [9.00506600600005, 44.976322079000056], [9.004959553000049, 44.97612149400004], [9.004959517000032, 44.975699475000056], [9.005062271000043, 44.97557963700007], [9.005605417000027, 44.97518364200005], [9.005943044000048, 44.97494395900003], [9.005546605000063, 44.97425624300007], [9.004680466000025, 44.97424586200003], [9.003931720000026, 44.973537313000065], [9.003909644000032, 44.97270890400006], [9.00552440000007, 44.97233891800005], [9.005289465000033, 44.97170850400005], [9.005076596000038, 44.97155221000003], [9.004744319000054, 44.97112488400006], [9.00398967700005, 44.97133494800005], [9.003529723000042, 44.97144611300007], [9.003324187000032, 44.971074463000036], [9.00477559500007, 44.97072381300006], [9.004379216000075, 44.970260128000064], [9.003417725000077, 44.97032789300005], [9.002169990000027, 44.97050506800008], [9.001920445000053, 44.97065095600004], [9.001656223000055, 44.97093751700004], [9.00117180500007, 44.97116155800006], [9.000202956000066, 44.97106257100006], [8.999762571000076, 44.97095836900007], [8.999681837000026, 44.97051029700003], [9.000085519000038, 44.970348784000066], [9.000386444000071, 44.97016642900007], [9.00084884000006, 44.97005180300005], [9.000724062000074, 44.96972617100005], [9.00103966200004, 44.96960112600004], [9.001013967000063, 44.969278099000064], [8.99929697400006, 44.96948520300003], [8.999663953000038, 44.96926637900003], [8.999641939000071, 44.96865158500003], [8.999457587000052, 44.96832228000005], [8.999421762000054, 44.96790132500007], [9.002863448000028, 44.96766032200003], [9.002197268000032, 44.96640252100008], [9.000957863000053, 44.963398107000046], [9.002199225000027, 44.96336542900008], [9.003758555000047, 44.96321084400006], [9.00540301600006, 44.96288753300007], [9.005715429000077, 44.961932543000046], [9.005979444000047, 44.96026528600004], [9.007437946000039, 44.960261510000066], [9.007545802000038, 44.96199126800008], [9.007536792000053, 44.96294939300003], [9.00943376400005, 44.962640875000034], [9.00955090900004, 44.96099446300008], [9.009574561000022, 44.960122987000034], [9.011367133000022, 44.95991801500003], [9.01129306300004, 44.96037234400006], [9.01283892500004, 44.95996231600003], [9.012809472000072, 44.95951077500007], [9.014032460000067, 44.95926749100005], [9.014287050000064, 44.960066347000065], [9.01372946600003, 44.960615216000065], [9.01188023700007, 44.96087245700005], [9.01039299200005, 44.96096291100008], [9.00969903300006, 44.96540200600003], [9.01058951500005, 44.965471395000066], [9.011053712000034, 44.96548198800008], [9.010921763000056, 44.966294782000034], [9.010070451000047, 44.96646158400006], [9.011245427000063, 44.966957957000034], [9.011079343000063, 44.96837512800005], [9.013708074000021, 44.96837050000005], [9.013703431000067, 44.967548118000025], [9.014562285000068, 44.967503126000054], [9.015765356000031, 44.96755495100007], [9.015747241000042, 44.96849267600004], [9.015634375000047, 44.96953493400008], [9.014636524000025, 44.970827178000036], [9.013535796000042, 44.97180681800006], [9.013154156000041, 44.971952746000056], [9.013873637000074, 44.97267165800008], [9.014013471000055, 44.974213837000036], [9.01317683600007, 44.974839151000026], [9.013088813000024, 44.97509966800004], [9.012986217000048, 44.975839517000054], [9.012957027000027, 44.97660019800003], [9.011746608000067, 44.977315635000025], [9.012624319000054, 44.97809937000005], [9.012605216000054, 44.97902815400005], [9.011786079000046, 44.978885614000035], [9.011551363000024, 44.979823459000045], [9.012546654000062, 44.979778417000034], [9.013647860000049, 44.98010131800004], [9.013721352000061, 44.980445176000046], [9.013618741000073, 44.981132925000054], [9.013237207000032, 44.98200479600007], [9.013208070000076, 44.98299472100007], [9.013076109000053, 44.983795357000076], [9.013076220000073, 44.98427989800007], [9.013164438000047, 44.98481132000006], [9.013810640000031, 44.985431246000076], [9.01455224600005, 44.985847963000026], [9.015719708000063, 44.98636882000005], [9.016435090000073, 44.986985032000064], [9.016586332000031, 44.987415930000054], [9.017056462000028, 44.988265109000054], [9.017185268000048, 44.98934097700004], [9.017266129000063, 44.98966920200007], [9.017758124000068, 44.98990358100008], [9.018103112000063, 44.989603946000045], [9.018425634000039, 44.98969099200008], [9.018556570000044, 44.989859168000066], [9.018700731000024, 44.98987621900005], [9.018870589000073, 44.98998508900007], [9.018952161000072, 44.99000485800008], [9.019030672000042, 44.99012866600003], [9.019823589000055, 44.99001570000007], [9.02079462000006, 44.99005383600007], [9.021029714000065, 44.990449762000026], [9.02127213700004, 44.99079879300007], [9.021705351000037, 44.990850813000066], [9.021888833000048, 44.99065279400003], [9.022747887000037, 44.99067867700006], [9.022843502000057, 44.99109546700004], [9.02457630200007, 44.99113157700003], [9.024752326000055, 44.99068347000008], [9.025662630000056, 44.990381083000045], [9.026125247000039, 44.990506021000044], [9.026294361000055, 44.99103741300007], [9.025670366000043, 44.99126158900003], [9.023406708000039, 44.99144714300007], [9.023272057000042, 44.991737476000026], [9.022608966000064, 44.991770330000065], [9.022236819000057, 44.99142653600006], [9.02002428700007, 44.99132621700005], [9.020039047000068, 44.99154156600008], [9.020193240000026, 44.991986894000036], [9.020450373000074, 44.99240365700007], [9.021155433000047, 44.99289848900003], [9.021280355000044, 44.993164181000054], [9.021654772000034, 44.99301822700005], [9.02220543900006, 44.99295560000007], [9.022411103000024, 44.99314312400003], [9.02195596100006, 44.99339850800004], [9.02143462500004, 44.99336734600007], [9.021588894000047, 44.99356530100005], [9.021750532000056, 44.993830986000034], [9.022719967000057, 44.99434659700006], [9.02458510100007, 44.99453898500008], [9.02643927400004, 44.994817312000066], [9.028885605000028, 44.99443128000007], [9.028776642000025, 44.99417577400004], [9.029829922000033, 44.99356789600006], [9.030022053000039, 44.993857767000065], [9.030040604000021, 44.99423028500007], [9.028961398000035, 44.99457443000006], [9.026861483000062, 44.99481460800007], [9.027794034000067, 44.99485085500004], [9.028168598000036, 44.99501748700004], [9.028308276000075, 44.99535089900007], [9.02760114800003, 44.99551877300007], [9.027767893000032, 44.99615436400006], [9.028609673000062, 44.996033348000026], [9.028876002000061, 44.996253410000065], [9.028191355000047, 44.99673998000003], [9.027440236000075, 44.996842178000065], [9.027176176000069, 44.997453559000064], [9.025981801000057, 44.99769002800008], [9.02605541500003, 44.99809292600003], [9.026735883000072, 44.998089296000046], [9.027010734000044, 44.99958626600005], [9.026717278000035, 45.00019070700006], [9.023204951000025, 45.00093651900005], [9.022017755000036, 45.00097322500005], [9.021356853000043, 45.00102545100003], [9.021430398000064, 45.00131720300004], [9.022034809000047, 45.00133116200004], [9.02205970700004, 45.00185372300007], [9.022710854000024, 45.001870963000044], [9.02275981300005, 45.00225899700007], [9.02336940500004, 45.002411703000064], [9.023545821000027, 45.002818055000034], [9.023372342000073, 45.00323934800008], [9.022838766000064, 45.00343744000003], [9.023788985000067, 45.004423691000056], [9.024418322000031, 45.00429457800004], [9.025015272000076, 45.00440161200004], [9.026968734000036, 45.00430738500006], [9.027211437000062, 45.00504716100005], [9.027461046000042, 45.00485953800006], [9.028070552000031, 45.00475518800005], [9.02873896400007, 45.004958215000045], [9.028974111000025, 45.00522908100004], [9.028687890000072, 45.00563033000003], [9.027968162000036, 45.00563050900007], [9.027365873000065, 45.00548998200003], [9.026134745000036, 45.00568054800004], [9.02648768000006, 45.00658355000007], [9.026853869000036, 45.006510810000066], [9.027186765000067, 45.00723019700007], [9.026893054000027, 45.00736572900007], [9.027782217000038, 45.00838408900006], [9.028024535000043, 45.00827982800007], [9.028509321000058, 45.00837869900005], [9.028509529000075, 45.00879811200008], [9.027973407000047, 45.008860766000055], [9.027341473000035, 45.008233103000066], [9.02623939800003, 45.00735546000004], [9.025192367000045, 45.00631628200006], [9.02457882400006, 45.00562086900004], [9.022285411000041, 45.00313883700005], [9.021295941000062, 45.00179134700005], [9.020972580000034, 45.00113840800003], [9.02037781100006, 45.00069062800003], [9.02002718500006, 45.00008342500007], [9.019745598000043, 44.99942540700005], [9.019780989000026, 44.998241405000044], [9.019285266000054, 44.99807737200007], [9.018365500000073, 44.99798374100004], [9.017153858000029, 44.997929224000075], [9.017046880000066, 44.997667328000034], [9.016715894000072, 44.99749359400005], [9.012194371000021, 44.99753324100004], [9.012040170000034, 44.99755670300004], [9.011930092000057, 44.99788495100006], [9.010608309000077, 44.99783037600008], [9.009683104000032, 44.99803365200006], [9.007138639000061, 44.99765089700003], [9.006399381000051, 44.99741130000007], [9.005860889000076, 44.99723676700006], [9.00547584100002, 44.997050674000036], [9.005361094000023, 44.997018910000065], [9.004784662000077, 44.99700135100005], [9.003998957000022, 44.99705608700003], [9.003334406000022, 44.99700400800003], [9.002827726000021, 44.996852929000056], [9.001792350000073, 44.99662891500003], [9.000808383000049, 44.99639968200006], [8.998664242000075, 44.99590471700003], [8.997364563000076, 44.99549830600006], [8.99577226200006, 44.99507396000007], [8.994948820000047, 44.99479486100006], [8.994093416000055, 44.994484819000036], [8.993339450000065, 44.994136026000035], [8.993623447000061, 44.99479479400003], [8.99378831200005, 44.99516622200008], [8.992181020000032, 44.99489601100004], [8.99079714800007, 44.99446755900004], [8.99059182800005, 44.99375041900004], [8.99007761300004, 44.99313743600004], [8.990334004000033, 44.99314936400003], [8.991940250000027, 44.993815321000056], [8.992804843000044, 44.99385692700008], [8.992114665000031, 44.99362763700003], [8.991387793000058, 44.99330586100007], [8.991217611000025, 44.992812515000026], [8.99150153000005, 44.992760436000026], [8.991251981000062, 44.992126521000046], [8.990696386000025, 44.992232416000036], [8.990544637000028, 44.992258453000034], [8.990563741000074, 44.99236537100006], [8.990334128000029, 44.99241126600003], [8.99028031000006, 44.992251484000064], [8.991229959000066, 44.99208657500003], [8.991158551000069, 44.99190692900004], [8.990185650000058, 44.992091809000044], [8.989311884000074, 44.992175092000025], [8.987854541000047, 44.991547129000026], [8.98697355400003, 44.99111719700005], [8.986602807000054, 44.99094522100006], [8.985692460000053, 44.990559562000044], [8.984980328000063, 44.99030678100007], [8.984471959000075, 44.99000973600005], [8.98347169300007, 44.98964488800004], [8.982910022000056, 44.98963829300004], [8.982605355000032, 44.98953534700007], [8.98216250300004, 44.98959229800005], [8.981751134000035, 44.98953060000008]], [[9.002295428000025, 44.96414805500007], [9.003807521000056, 44.96846200300007], [9.005466385000034, 44.970087496000076], [9.006508602000054, 44.96999365900007], [9.006474211000068, 44.968760598000074], [9.00866137600002, 44.96878824000004], [9.009311511000021, 44.96489448400007], [9.002295428000025, 44.96414805500007]], [[9.008806353000068, 44.98292893400003], [9.009520905000045, 44.98294277000008], [9.009501306000061, 44.98280383500003], [9.010108168000045, 44.98272042100007], [9.010254839000027, 44.98185900200008], [9.009197700000072, 44.98176183600003], [9.00922698900007, 44.98128945000008], [9.008698436000032, 44.98130338500005], [9.008806353000068, 44.98292893400003]], [[9.002111123000077, 44.983144605000064], [9.00286482200005, 44.98298481200004], [9.002786497000045, 44.98261663200003], [9.001905549000071, 44.982588863000046], [9.002111123000077, 44.983144605000064]], [[9.004000450000035, 44.98552383900005], [9.004793340000049, 44.98549254900007], [9.004807945000039, 44.984554728000035], [9.003961229000026, 44.98456865400004], [9.004000450000035, 44.98552383900005]], [[9.003254128000037, 44.98682986500006], [9.004852181000047, 44.986779444000035], [9.005072404000032, 44.98644425100008], [9.003085250000026, 44.986520736000045], [9.003254128000037, 44.98682986500006]], [[8.998119737000025, 44.98830783100004], [8.999715388000027, 44.98839120800005], [8.999627290000035, 44.98763400400003], [9.000116748000039, 44.98764095200005], [9.000165694000032, 44.98780072900007], [9.000939039000059, 44.987772938000035], [9.001076091000073, 44.987967447000074], [9.001810285000033, 44.98803690600005], [9.002524909000044, 44.988280031000045], [9.002652160000025, 44.98808551700006], [9.002485682000042, 44.98665447700006], [9.00165361300003, 44.986487769000064], [8.997924012000055, 44.98666143200006], [8.998119737000025, 44.98830783100004]], [[9.017464016000076, 44.990529491000075], [9.017567070000041, 44.99138740600006], [9.017782748000059, 44.99236687300004], [9.017919877000054, 44.992592623000064], [9.01810109400003, 44.992915620000076], [9.018512436000037, 44.99340877800006], [9.019129398000075, 44.99395747500006], [9.019638594000071, 44.99426652100004], [9.019844268000043, 44.994488783000065], [9.020235976000038, 44.99475964000004], [9.020852865000052, 44.99502350700004], [9.021420784000043, 44.995224860000064], [9.022057217000054, 44.99536367500008], [9.022625111000025, 44.99548165900006], [9.023418195000033, 44.99561348800006], [9.02422110200007, 44.99581477900006], [9.025033832000076, 44.99607858200005], [9.025660604000052, 44.996467464000034], [9.026003424000066, 44.996793886000034], [9.026072205000048, 44.99733572100007], [9.02659108000006, 44.99725224000008], [9.02659095100006, 44.99697436800005], [9.026277381000057, 44.99639090900007], [9.025513365000052, 44.99561304000008], [9.02481814600003, 44.995397842000045], [9.023868503000074, 44.99548140600007], [9.022742487000073, 44.99520376400005], [9.021851395000056, 44.994780183000046], [9.020147670000028, 44.99421085800003], [9.019315266000035, 44.99352326800005], [9.018198769000037, 44.99220355800003], [9.018070952000073, 44.990459928000064], [9.017464016000076, 44.990529491000075]], [[8.993450775000042, 44.98372623300003], [8.99428769900004, 44.98365681000007], [8.99424370500003, 44.98310453500005], [8.994390547000023, 44.98295518600003], [8.994346506000056, 44.98287529500004], [8.994160588000057, 44.98228480600005], [8.993201329000044, 44.98236464100006], [8.993450775000042, 44.98372623300003]], [[8.982888199000058, 44.98638576900004], [8.984229294000045, 44.986351229000036], [8.984200069000053, 44.985837160000074], [8.984640571000057, 44.98582332700005], [8.984660040000051, 44.98623319200004], [8.984826446000056, 44.98625405400003], [8.984816736000028, 44.98595534000003], [8.985374707000062, 44.985934572000076], [8.985414208000066, 44.98457300100006], [8.98506184100006, 44.984475700000075], [8.984503895000046, 44.98446173200006], [8.984415866000063, 44.984204688000034], [8.983789487000024, 44.98388504700006], [8.983671958000059, 44.984121222000056], [8.983534803000055, 44.98452411800008], [8.98305515900006, 44.984524048000026], [8.983251180000025, 44.98367656500005], [8.982986908000044, 44.98361400400006], [8.982741907000047, 44.984579576000044], [8.983613040000023, 44.984774214000026], [8.98352484700007, 44.98510764900004], [8.983240962000025, 44.98514928900005], [8.983143002000077, 44.98539935900004], [8.98291783600007, 44.98547574200006], [8.982888199000058, 44.98638576900004]], [[8.98154657200007, 44.98807363700007], [8.98236521900003, 44.98800343000005], [8.982492414000035, 44.988215327000034], [8.982619674000034, 44.98821534700005], [8.982595245000027, 44.98806946000008], [8.982893836000073, 44.988003510000055], [8.983216852000055, 44.988104287000056], [8.985243258000025, 44.98797257700005], [8.985277322000059, 44.98874367800005], [8.98601151400004, 44.98878197800008], [8.985977298000023, 44.988590937000026], [8.986344415000076, 44.98851803900004], [8.986227179000025, 44.987535051000066], [8.986011804000043, 44.98759060000003], [8.985928667000053, 44.98730403300004], [8.986229691000062, 44.98726586200007], [8.986491392000062, 44.98793105100003], [8.986797319000061, 44.98787203900008], [8.986684857000057, 44.98737880200008], [8.98681212100007, 44.98735276600007], [8.987115574000029, 44.987401428000055], [8.98727216900005, 44.98753690900003], [8.98762458400006, 44.98750916100005], [8.987737113000037, 44.98772452400004], [8.988011202000052, 44.987759287000074], [8.987668880000058, 44.98636988700008], [8.987218595000058, 44.986338577000026], [8.987272362000056, 44.98666508400004], [8.986675209000055, 44.98676921800006], [8.986577408000073, 44.986390605000054], [8.986357155000064, 44.98639405200004], [8.986435351000068, 44.98688381100004], [8.985838195000042, 44.98698794200004], [8.985725739000031, 44.98651207100005], [8.985368435000055, 44.986539813000036], [8.985387886000069, 44.98703998600007], [8.98491309600007, 44.987112866000075], [8.984836097000027, 44.98677506700005], [8.984513051000022, 44.98680975700006], [8.984522724000044, 44.987240461000056], [8.981458603000021, 44.98765681400005], [8.98154657200007, 44.98807363700007]], [[8.98906069000003, 44.98987296000007], [8.989075365000076, 44.989925062000054], [8.989741068000058, 44.98984870900006], [8.989990513000066, 44.99092548700003], [8.990112887000066, 44.990911604000075], [8.989980872000046, 44.99007450200003], [8.99046547100005, 44.989984235000065], [8.990587770000047, 44.99041494800008], [8.99070524700005, 44.990404537000074], [8.990700374000028, 44.990269074000025], [8.990940223000052, 44.990251726000054], [8.991326886000024, 44.99042542600006], [8.991904483000042, 44.99036642100003], [8.991777310000032, 44.989716885000064], [8.990832616000034, 44.98975849400006], [8.990813112000069, 44.989286109000034], [8.98900691800003, 44.98950824700006], [8.98906069000003, 44.98987296000007]], [[8.99562443000002, 44.991801140000064], [8.995790838000062, 44.99206512600006], [8.99625585900003, 44.992061668000076], [8.996270563000053, 44.99178379700004], [8.996564263000039, 44.99169697000008], [8.99634893600006, 44.990925867000044], [8.995639175000065, 44.990998784000055], [8.99562443000002, 44.991801140000064]], [[9.00851483100007, 44.97251653100005], [9.008783963000042, 44.97251651000005], [9.008749683000076, 44.97233589500007], [9.009537471000044, 44.97216563400008], [9.009596226000042, 44.97238098200006], [9.011206076000065, 44.97217590300005], [9.011989001000074, 44.972186244000056], [9.012057371000026, 44.97154018100008], [9.012120699000036, 44.970189015000074], [9.01288891200005, 44.97017851000004], [9.01309426000006, 44.96946296300007], [9.012903253000047, 44.968671045000065], [9.011073284000076, 44.96867123700008], [9.01111245100003, 44.96879280300004], [9.011376680000069, 44.96883098500007], [9.011322884000037, 44.968969927000046], [9.011552868000024, 44.96903589900006], [9.011401290000038, 44.969567347000066], [9.01058415700004, 44.969591740000055], [9.010593834000076, 44.96900125700006], [9.00894981500005, 44.96917507000006], [9.00887175300005, 44.970644331000074], [9.00977696800004, 44.97055742200007], [9.009688997000069, 44.971179171000074], [9.009351388000027, 44.97130424300008], [9.009282941000038, 44.971662010000045], [9.00985055700005, 44.971672382000065], [9.009806566000066, 44.97195720700006], [9.00863464500003, 44.972035453000046], [9.00851483100007, 44.97251653100005]], [[9.009084339000026, 44.96896491700005], [9.010703886000044, 44.96878415900005], [9.010654898000041, 44.96846808300006], [9.009157669000047, 44.96855504700005], [9.009084339000026, 44.96896491700005]], [[9.008104782000032, 44.99689468300005], [9.008168443000045, 44.99704056100006], [9.008246789000054, 44.997182965000036], [9.008339818000024, 44.99729410700007], [9.008408359000043, 44.997325362000026], [9.008819587000062, 44.997422587000074], [9.008951765000063, 44.99743299600004], [9.00934827900005, 44.99734265600006], [9.009573443000022, 44.997200228000054], [9.009779010000045, 44.996964020000064], [9.008104782000032, 44.99689468300005]]]]}, "properties": {"OBJECTID": 55, "GisId": "{427B1FA3-63E5-402C-A008-08491836A313}", "GisDescription": "FRAZ. CASCINA MATURA + NEGROTTO + VOGHERA CENTRO", "GisCode": "DVH05", "Shape_Length": 0.23236917126334358, "Shape_Area": 0.00029207136605387523, "codice_distretto": "DVH05"}}, {"type": "Feature", "id": 56, "geometry": {"type": "Polygon", "coordinates": [[[8.915277556000035, 45.10759789300005], [8.915292738000062, 45.107468492000066], [8.915514808000069, 45.107389495000064], [8.915476958000056, 45.10723860100006], [8.916755160000037, 45.10615652000007], [8.916851189000056, 45.10626801900003], [8.917090479000024, 45.106598605000045], [8.917115849000027, 45.10697951700007], [8.917160714000033, 45.10732372900003], [8.917406253000024, 45.10781952600007], [8.917730582000047, 45.10760407500004], [8.918028910000032, 45.107443672000045], [8.918696485000055, 45.107375313000034], [8.919067046000066, 45.10654036600005], [8.920525430000055, 45.10630734700004], [8.920654240000033, 45.10688107000004], [8.92021511200005, 45.108106045000056], [8.921206424000047, 45.108248994000064], [8.921841953000069, 45.10792360700003], [8.922256631000039, 45.10797437000008], [8.922431169000049, 45.10829572400007], [8.923785353000028, 45.10847102000008], [8.923976996000022, 45.10811778900006], [8.924961866000046, 45.10823775600005], [8.925415002000022, 45.10830797500006], [8.925525404000041, 45.108440044000076], [8.925856318000058, 45.10812361400008], [8.926212915000065, 45.10799076200004], [8.926692260000038, 45.10815168800008], [8.927152646000025, 45.10793629600005], [8.927548172000058, 45.107762164000064], [8.928519442000038, 45.10839606700006], [8.92850590300003, 45.10885955400005], [8.930540582000049, 45.109030605000044], [8.931862418000037, 45.10919660800005], [8.931939758000055, 45.10955460100007], [8.931523880000043, 45.11049052200008], [8.92934645300005, 45.11041577100008], [8.928789728000027, 45.10991980600005], [8.928555989000074, 45.11026842900003], [8.927855926000063, 45.110387305000074], [8.92726023800003, 45.10996473300003], [8.926496645000043, 45.109087732000035], [8.924760014000071, 45.10896728500006], [8.922971682000025, 45.108745818000045], [8.922388579000028, 45.10863987500005], [8.921902610000075, 45.10858906400006], [8.921721025000068, 45.108685310000055], [8.921247575000052, 45.108955739000066], [8.920327608000036, 45.10876236100006], [8.91860749400007, 45.10843532400003], [8.917441332000067, 45.10820962200006], [8.915221022000026, 45.10776099200007], [8.915281399000037, 45.107605008000064], [8.915277556000035, 45.10759789300005]]]}, "properties": {"OBJECTID": 56, "GisId": "{7F5D29CD-1A85-443B-A0CD-712925AA8799}", "GisDescription": "VIA PAVIA", "GisCode": "DSB03", "Shape_Length": 0.04191565116839202, "Shape_Area": 1.961427224263262e-05, "codice_distretto": "DSB03"}}, {"type": "Feature", "id": 57, "geometry": {"type": "Polygon", "coordinates": [[[9.133178558000054, 45.155346257000076], [9.132799414000033, 45.155376312000044], [9.132117016000052, 45.15500966700006], [9.13060598800007, 45.15475759800006], [9.126739059000045, 45.154791971000066], [9.121214873000042, 45.15508987100003], [9.111466310000026, 45.15935195800006], [9.098338244000047, 45.163659550000034], [9.094438819000061, 45.15939778500007], [9.098468226000023, 45.157060553000065], [9.103667458000075, 45.153852431000075], [9.107583132000059, 45.15167538800006], [9.114325888000053, 45.150288913000054], [9.119635373000051, 45.14854825000003], [9.120888759000024, 45.14901642900003], [9.121724804000053, 45.148963636000076], [9.121749930000021, 45.14895744900008], [9.122092244000044, 45.14829533400007], [9.124821840000038, 45.148719061000065], [9.129631131000053, 45.15007119900008], [9.132425719000025, 45.15114830300007], [9.134797870000057, 45.15206497100007], [9.135561508000023, 45.152614965000055], [9.133542743000021, 45.15371780100003], [9.133221852000077, 45.15427350700003], [9.13386769400006, 45.15476619100008], [9.134923789000027, 45.15559400500007], [9.13414390500003, 45.15586325700008], [9.133223883000028, 45.155311862000076], [9.133178558000054, 45.155346257000076]]]}, "properties": {"OBJECTID": 57, "GisId": "{482EDDB8-A46A-474A-9D51-2FEF06D5845C}", "GisDescription": "MADONNA", "GisCode": "DSMS02", "Shape_Length": 0.09427297256702731, "Shape_Area": 0.0002609078654171926, "codice_distretto": "DSMS02"}}, {"type": "Feature", "id": 58, "geometry": {"type": "Polygon", "coordinates": [[[8.906973994000055, 45.09761634800003], [8.90663476800006, 45.09764700900007], [8.906644206000067, 45.09781910700008], [8.90648624000005, 45.09783962900008], [8.906338345000052, 45.097645045000036], [8.90601773700007, 45.09757422500007], [8.905894026000055, 45.09745021800006], [8.905971900000054, 45.09737456200003], [8.906110546000036, 45.09728174700007], [8.90611556400006, 45.09718538100003], [8.906052400000021, 45.097180166000044], [8.905726752000021, 45.097221199000046], [8.90558754600005, 45.096916485000065], [8.905575738000039, 45.09670996600005], [8.905104343000062, 45.09673194800007], [8.904830243000049, 45.09645809500006], [8.904704490000029, 45.096103484000025], [8.90459301200002, 45.095931301000064], [8.904593156000033, 45.095845256000075], [8.904846010000028, 45.09574221300005], [8.904831781000041, 45.095532250000076], [8.904715525000029, 45.095311878000075], [8.904390748000026, 45.09483663700007], [8.904454693000048, 45.094372046000046], [8.904960480000057, 45.09411089100007], [8.905252107000024, 45.094062948000044], [8.905543945000034, 45.09388765700004], [8.905971548000025, 45.09388801000006], [8.906136673000049, 45.093939773000045], [8.906534964000059, 45.09403647100004], [8.906724477000068, 45.09403318300008], [8.906831478000072, 45.09397131900005], [8.906701566000038, 45.093183037000074], [8.906429531000072, 45.093138072000045], [8.90612877600006, 45.09282806200008], [8.906139148000022, 45.092428821000055], [8.906188043000043, 45.09224300300008], [8.906193087000077, 45.09212942800008], [8.906047725000064, 45.09188149700003], [8.905975388000059, 45.09154758300008], [8.905820220000066, 45.091354713000044], [8.905927624000071, 45.09104503900005], [8.906092904000047, 45.090996990000065], [8.90618047700002, 45.09092822500003], [8.905232605000037, 45.09116492800007], [8.905359805000046, 45.09063843600006], [8.905680881000023, 45.09040121700008], [8.905962857000077, 45.09030163600005], [8.906196270000066, 45.09018480700007], [8.905963591000045, 45.08985420100004], [8.90567651400005, 45.09010177600004], [8.905238973000053, 45.09025285300004], [8.904952558000048, 45.09009773300005], [8.904705023000076, 45.089939204000075], [8.904462124000077, 45.089914908000026], [8.903222792000065, 45.09011693200006], [8.903459637000026, 45.09085023800003], [8.903187116000026, 45.09110126000007], [8.902837563000048, 45.09093231400004], [8.903168378000032, 45.090688226000054], [8.903362622000031, 45.09075378500006], [8.903116014000034, 45.09004800500003], [8.901111523000054, 45.09018396000005], [8.90037774800004, 45.09023839000008], [8.900322712000047, 45.089754768000034], [8.900042473000042, 45.088854490000074], [8.903744996000057, 45.088740648000055], [8.90442433800007, 45.08926437400004], [8.904725340000027, 45.089409182000054], [8.905065577000073, 45.08933374500003], [8.905658785000071, 45.08906577500005], [8.905931019000036, 45.088976513000034], [8.905767408000031, 45.08801267000007], [8.904562458000044, 45.08801855300004], [8.90063827800003, 45.087099684000066], [8.899278804000062, 45.086575338000046], [8.898084862000076, 45.08587214900007], [8.897220935000064, 45.085382637000066], [8.89633655700004, 45.085464441000056], [8.895878716000027, 45.08609731900003], [8.895945735000055, 45.08664807000008], [8.894895679000058, 45.086984406000056], [8.894303903000036, 45.086460705000036], [8.89381909900004, 45.08589579800008], [8.894519894000041, 45.08525626900007], [8.895356931000038, 45.084492957000066], [8.895727291000071, 45.083873768000046], [8.89618469100003, 45.08347493500003], [8.897146252000027, 45.08368231400004], [8.897864329000072, 45.084212998000055], [8.898825215000045, 45.08481272900008], [8.89917440000005, 45.08516410300007], [8.89951383500005, 45.08553611800005], [8.89987252700007, 45.08601140300004], [8.901115448000041, 45.086501224000074], [8.901600967000036, 45.086694384000054], [8.901814435000063, 45.086873542000035], [8.902678914000035, 45.087073908000036], [8.904913524000051, 45.08726853100006], [8.905282922000026, 45.08717935100003], [8.905390242000067, 45.08691786300005], [8.906157980000046, 45.086863427000026], [8.906459254000026, 45.08683613900007], [8.906876852000039, 45.086981036000054], [8.907518357000072, 45.08687142000008], [8.908334336000053, 45.08703040100005], [8.909092246000057, 45.08704477400005], [8.910947985000064, 45.08719079300005], [8.911919580000074, 45.08726726500004], [8.912824214000068, 45.08664843400004], [8.914098000000024, 45.086078057000066], [8.915273972000023, 45.08592749600007], [8.915516366000077, 45.08628562400003], [8.915331276000074, 45.08660213400003], [8.914291350000042, 45.086739031000036], [8.914174911000032, 45.08662880600008], [8.913533484000027, 45.08669715800005], [8.913057047000052, 45.08689642200005], [8.91266812300006, 45.08705444800006], [8.912298579000037, 45.087246907000065], [8.912541318000024, 45.08737099800004], [8.912686844000064, 45.08752254900003], [8.912647724000067, 45.08768772700006], [8.911889402000043, 45.08793495400005], [8.911432873000024, 45.087817580000035], [8.911423326000033, 45.08770743400004], [8.911063918000025, 45.08762455100003], [8.910442072000023, 45.08758964700007], [8.910199067000065, 45.08763764200006], [8.909887629000025, 45.087947160000056], [8.908886623000058, 45.08802896900005], [8.908274392000067, 45.08805601300003], [8.908303103000037, 45.088331381000046], [8.909799330000055, 45.08848401300003], [8.90958444100005, 45.08918597200005], [8.908709739000074, 45.08926788000008], [8.908652311000026, 45.08871714500003], [8.907486217000042, 45.08872309000003], [8.907107418000066, 45.08861264400008], [8.907030461000033, 45.08813072800007], [8.90648617100004, 45.08820600300004], [8.906698292000044, 45.08922495300004], [8.907611466000048, 45.08939090200005], [8.907814492000057, 45.09003812700007], [8.907920545000025, 45.09056136800007], [8.90838644300004, 45.090905924000026], [8.908477669000035, 45.091590917000076], [8.908375119000027, 45.09191092300006], [8.908456666000063, 45.09257181600003], [8.90841696800004, 45.093088056000056], [8.907765356000027, 45.093397294000056], [8.907278980000058, 45.093686012000035], [8.907369189000065, 45.094993973000044], [8.90743377900003, 45.09561871300008], [8.907586753000032, 45.09643024400003], [8.907687792000047, 45.097055013000045], [8.90736453300002, 45.097121867000055], [8.90740811300003, 45.09721827300007], [8.907502858000043, 45.097226954000064], [8.907658325000057, 45.09724773100004], [8.907587663000072, 45.097371579000026], [8.90753649000004, 45.097464466000076], [8.907315292000021, 45.09752279700007], [8.907293223000067, 45.09764668400004], [8.907154690000027, 45.09767066400008], [8.907111056000076, 45.09760867700004], [8.906973994000055, 45.09761634800003]]]}, "properties": {"OBJECTID": 58, "GisId": "{08CCDBAA-159E-4998-A367-281461A796A9}", "GisDescription": "BUSCARELLA", "GisCode": "DSB01", "Shape_Length": 0.09865299926356616, "Shape_Area": 4.9525437691726746e-05, "codice_distretto": "DSB01"}}, {"type": "Feature", "id": 59, "geometry": {"type": "Polygon", "coordinates": [[[9.322185709000053, 45.057958228000075], [9.327741852000031, 45.06015165300005], [9.327283847000047, 45.06114377000006], [9.327070110000022, 45.062675048000074], [9.325558688000058, 45.06453517300008], [9.325070148000066, 45.064184719000025], [9.323994374000051, 45.06436472900003], [9.320421382000063, 45.063920530000075], [9.317948147000038, 45.06508511100003], [9.314833701000055, 45.06456752200006], [9.31327648000007, 45.061548161000076], [9.314772635000054, 45.058787464000034], [9.31617718800004, 45.05710509900007], [9.318131350000044, 45.05490500800005], [9.320726720000039, 45.05488343700006], [9.32182593500005, 45.05619918900004], [9.321620607000057, 45.05714204800006], [9.322185709000053, 45.057958228000075]]]}, "properties": {"OBJECTID": 59, "GisId": "{C5744E77-7A0F-4C66-85EF-254CC2D679B7}", "GisDescription": "ZENEVREDO", "GisCode": "DSTR08", "Shape_Length": 0.04013157743644137, "Shape_Area": 9.315779256198982e-05, "codice_distretto": "DSTR08"}}, {"type": "Feature", "id": 60, "geometry": {"type": "Polygon", "coordinates": [[[8.954274189000046, 45.20410943400003], [8.954195189000075, 45.20410758000003], [8.954156400000045, 45.20302672200006], [8.954053974000033, 45.200624480000045], [8.953813146000073, 45.19904554100003], [8.953745831000049, 45.19841102600003], [8.953647896000064, 45.19693543200003], [8.95386131500004, 45.196256764000054], [8.954079198000045, 45.19521215900005], [8.953987408000046, 45.19517080700007], [8.953866396000024, 45.19513534500004], [8.953816326000037, 45.19511466600005], [8.953666172000055, 45.19498770800004], [8.953566092000074, 45.19487552500004], [8.95342848200005, 45.19472201100007], [8.953257432000044, 45.19463045700007], [8.953128098000036, 45.19456548000005], [8.953069650000032, 45.19458316200007], [8.952752473000032, 45.19454761800006], [8.952510394000058, 45.194547518000036], [8.952126543000077, 45.194385047000026], [8.952114510000058, 45.19380367300005], [8.952206712000077, 45.19334924000003], [8.952724300000057, 45.19328748200007], [8.953041366000036, 45.19344992400005], [8.953166318000058, 45.193765745000064], [8.953308079000067, 45.19394286900007], [8.953550183000061, 45.193910506000066], [8.95374636300005, 45.19388992700004], [8.954030039000031, 45.19406120700006], [8.954034084000057, 45.19422056800005], [8.954013066000073, 45.194406480000055], [8.953875279000044, 45.194471348000036], [8.953758422000021, 45.19446244800008], [8.953724928000042, 45.19458933200008], [8.953866608000055, 45.19487269500007], [8.954037651000021, 45.19497605300006], [8.954229804000022, 45.19477840600007], [8.955077759000062, 45.19391997000008], [8.956510448000074, 45.192474480000044], [8.957713349000073, 45.19126202500007], [8.95798525500004, 45.19111973400004], [8.958164182000075, 45.19113824500005], [8.95842287000005, 45.19123572600006], [8.958656542000028, 45.19129778400003], [8.958890298000028, 45.19124474900008], [8.95905304400003, 45.19127431800007], [8.959228245000077, 45.19139832800005], [8.959395057000052, 45.19158135600003], [8.959511949000046, 45.191534180000076], [8.959829151000065, 45.191516585000045], [8.960079524000037, 45.19157569500004], [8.960237979000055, 45.19177642500006], [8.960379854000053, 45.19181484000006], [8.960484178000058, 45.19183553400006], [8.960588441000027, 45.19194771200006], [8.960463122000021, 45.192107029000056], [8.96010414400007, 45.19217773100007], [8.959866182000042, 45.192272082000045], [8.959824368000056, 45.19238421000006], [8.960020534000023, 45.19237542600007], [8.960145686000033, 45.19245514900007], [8.960133050000024, 45.19262040700005], [8.959957627000051, 45.19280626500006], [8.959586156000057, 45.19282974400005], [8.959131226000068, 45.19283253300006], [8.959102053000038, 45.192773500000044], [8.959110686000031, 45.192375103000074], [8.95906065500003, 45.19230130700004], [8.958831107000037, 45.19230122500005], [8.958735078000075, 45.19235136000003], [8.95861399200004, 45.192422143000044], [8.958384533000071, 45.19229811200006], [8.958434836000038, 45.19199711700003], [8.958606049000025, 45.19186437900004], [8.958610279000027, 45.19178765200007], [8.958539479000024, 45.19157809700005], [8.958272524000051, 45.19136847100003], [8.957997165000052, 45.19124147200006], [8.957842655000036, 45.191362412000046], [8.956978067000023, 45.19224447100004], [8.95544095300005, 45.193816824000066], [8.954342405000034, 45.19489280700003], [8.954281833000039, 45.19495623200004], [8.954231700000037, 45.19501523300005], [8.954229545000032, 45.195100815000046], [8.954237587000023, 45.19548298700005], [8.954179019000037, 45.195649701000036], [8.954065934000027, 45.19613658800006], [8.954230836000022, 45.196093864000034], [8.954328935000035, 45.19607767200006], [8.954487546000053, 45.19607330800005], [8.954904911000028, 45.19610298500004], [8.95505098700005, 45.19611632300007], [8.955240875000072, 45.19614738300004], [8.955459992000044, 45.19616222500008], [8.955827249000038, 45.19622139000006], [8.956044247000023, 45.19627902000008], [8.956257060000041, 45.19635288000006], [8.956413534000035, 45.19641343700005], [8.956540779000022, 45.19649169000007], [8.956812008000043, 45.19659360600008], [8.957091564000052, 45.196722084000044], [8.957233418000044, 45.196800342000074], [8.957427438000025, 45.19689337500006], [8.957600615000047, 45.19694803500005], [8.957725788000062, 45.19701005400003], [8.957786295000062, 45.197030734000066], [8.957878107000056, 45.19705142600003], [8.958015833000047, 45.197070659000076], [8.958126437000033, 45.19707807700007], [8.958285034000028, 45.19709731800003], [8.958395647000032, 45.19709293100004], [8.95846451400007, 45.19709738300003], [8.958779615000026, 45.19714323900007], [8.959048798000026, 45.19719498100005], [8.95917191600006, 45.19721568300008], [8.959322156000042, 45.19724819800007], [8.959449438000036, 45.19728218100005], [8.959568373000025, 45.19731468600003], [8.959779127000047, 45.19736050200004], [8.959889714000042, 45.19739300300006], [8.960075437000057, 45.19742110400006], [8.960269508000067, 45.19744773200006], [8.96037173700006, 45.19749793600005], [8.960496927000065, 45.19753929500007], [8.960617937000052, 45.197590981000076], [8.960751450000032, 45.19767070600005], [8.960801522000054, 45.19769433300007], [8.960907942000063, 45.19771945300005], [8.960997691000046, 45.197707680000065], [8.961187622000068, 45.19768856300004], [8.961442258000034, 45.19765471100004], [8.96175742500003, 45.197610551000025], [8.961947361000057, 45.19758110300006], [8.962070511000036, 45.19755605900008], [8.962199893000047, 45.19757380900006], [8.962304241000027, 45.197575319000066], [8.962281307000069, 45.197541374000025], [8.96218325600006, 45.19748379500004], [8.962110245000076, 45.19743360200005], [8.962175005000063, 45.197337712000035], [8.962283529000047, 45.19733774800005], [8.962554785000066, 45.19741899200005], [8.96266741900007, 45.197514940000076], [8.96269030600007, 45.19762118800003], [8.962485700000059, 45.19774506700003], [8.962398010000072, 45.19779815900006], [8.962306174000048, 45.197811408000064], [8.962110007000035, 45.19779216100005], [8.961918060000073, 45.19770503900003], [8.961803278000048, 45.19770205000003], [8.961594561000027, 45.19772706400005], [8.961333651000075, 45.197778621000054], [8.960932925000066, 45.19780799600005], [8.960759711000037, 45.19779760800003], [8.960530219000077, 45.197685387000035], [8.960325763000071, 45.19758350200004], [8.960215184000049, 45.19753772100006], [8.959858347000022, 45.19748152500006], [8.95943268800005, 45.19735742900008], [8.959021600000028, 45.19728940600004], [8.958833819000063, 45.19722293900003], [8.958687723000025, 45.19723321500004], [8.957976130000077, 45.19713999600003], [8.958211919000064, 45.19719467800007], [8.957665195000061, 45.197105943000054], [8.957093520000058, 45.19689620100007], [8.95655111000002, 45.19662892000008], [8.956060844000035, 45.196407400000055], [8.955574690000049, 45.19627146100004], [8.955063417000076, 45.19623289700007], [8.954671102000077, 45.19619437700004], [8.954143074000058, 45.19623253100008], [8.953994858000044, 45.19628559100005], [8.953944659000058, 45.19642427300005], [8.95387555900004, 45.196709027000054], [8.953819014000032, 45.19695247000004], [8.95379802900004, 45.19709559100005], [8.953874714000051, 45.19775519400008], [8.953918258000044, 45.19810491800007], [8.954015648000052, 45.19897405900008], [8.95419931400005, 45.19896675500007], [8.95482962400007, 45.19894044600005], [8.955119693000029, 45.19897892400007], [8.955962718000023, 45.199163697000074], [8.956534474000023, 45.19929228900003], [8.957135448000031, 45.199423841000055], [8.957275279000044, 45.19942831900005], [8.957296178000036, 45.199389963000044], [8.957373515000029, 45.19923358300008], [8.957390327000041, 45.19908013200006], [8.957519868000077, 45.19888688200007], [8.957659682000042, 45.19891054300007], [8.957822474000068, 45.19890765200006], [8.957926770000029, 45.198984420000045], [8.957732410000062, 45.19934143200004], [8.957565439000064, 45.19935022300007], [8.957383780000043, 45.19946229800007], [8.957982679000054, 45.19958351500003], [8.958583657000077, 45.19971800900004], [8.959190787000068, 45.20001186300004], [8.959658113000046, 45.20026877600003], [8.959918856000058, 45.20047396900003], [8.959998030000065, 45.20066729500007], [8.96008137900003, 45.20086209600004], [8.96005627300002, 45.20094767000006], [8.96001030800005, 45.201015529000074], [8.959918393000066, 45.20113354100005], [8.95968870200005, 45.20128396700005], [8.959463227000072, 45.20137537200003], [8.959283706000065, 45.20141367200006], [8.95904581700006, 45.20135161400003], [8.95889558600004, 45.201292538000075], [8.95872035800005, 45.20116557700004], [8.95864118000003, 45.20098258000007], [8.958683025000028, 45.20084094200007], [8.95868312600004, 45.200702240000055], [8.958641475000036, 45.20057532800007], [8.95848716200004, 45.20039230300006], [8.958386999000027, 45.20036865700007], [8.958203258000026, 45.20047187900008], [8.957815053000047, 45.20047763900004], [8.95760229800004, 45.20030344400004], [8.957585836000021, 45.19998767000004], [8.957644467000023, 45.19972799400006], [8.957348188000026, 45.19961279000006], [8.956830699000022, 45.19947389500004], [8.955987659000073, 45.19929945700005], [8.955057006000061, 45.19907481100006], [8.954439249000075, 45.19906276100005], [8.954113631000041, 45.19910984900008], [8.954071781000039, 45.19924558300005], [8.954100722000021, 45.19959087500007], [8.954204616000027, 45.20016343000003], [8.95426261700004, 45.20070940800008], [8.95432837800007, 45.20199316600008], [8.95436520000004, 45.20292573000006], [8.954381653000041, 45.203232652000054], [8.954511040000057, 45.203256312000065], [8.954632107000066, 45.203244555000026], [8.954703087000041, 45.20322687700008], [8.954744885000025, 45.203159018000065], [8.954745025000022, 45.20298195200007], [8.954795291000039, 45.202763590000075], [8.955024928000057, 45.20270465800007], [8.955279567000048, 45.20270180800003], [8.955651021000051, 45.20278458400003], [8.955705167000076, 45.20294101300004], [8.955563056000074, 45.203174095000065], [8.955272660000048, 45.20352442600006], [8.955023263000044, 45.20349260300003], [8.954864612000051, 45.20352131300007], [8.954837371000053, 45.20365852900005], [8.954342692000068, 45.20366792400006], [8.95433607700005, 45.204109112000026], [8.954274189000046, 45.20410943400003]]]}, "properties": {"OBJECTID": 60, "GisId": "{24CEFED8-E22C-4068-9D41-1A7154A83085}", "GisDescription": "CASCINA BARBESINA", "GisCode": "DGR03", "Shape_Length": 0.0821153648382398, "Shape_Area": 1.1836009399797142e-05, "codice_distretto": "DGR03"}}, {"type": "Feature", "id": 61, "geometry": {"type": "Polygon", "coordinates": [[[9.283916506000025, 45.079067949000034], [9.28439916900004, 45.07988309600006], [9.286735001000068, 45.081812729000035], [9.289208237000025, 45.08281525000007], [9.294490579000069, 45.08320331800007], [9.29616993600007, 45.08484179800007], [9.296994348000055, 45.08807550300003], [9.295919579000042, 45.090939985000034], [9.295030646000043, 45.09122949400006], [9.293086026000026, 45.09460702700005], [9.288170089000062, 45.09574942800003], [9.284750307000024, 45.09574942800003], [9.279797900000062, 45.094714760000045], [9.279242393000061, 45.09376746200007], [9.275300105000042, 45.09362626800004], [9.273116942000058, 45.089455161000046], [9.275132170000063, 45.085639462000074], [9.274674163000043, 45.08221158400005], [9.275529109000047, 45.08098267100007], [9.277452737000033, 45.08020650200007], [9.28220073700004, 45.07911769300006], [9.283916506000025, 45.079067949000034]]]}, "properties": {"OBJECTID": 61, "GisId": "{9D293691-85AB-4819-8CF3-FC41D831E04E}", "GisDescription": "ZI STR", "GisCode": "DSTR05", "Shape_Length": 0.06672701347647007, "Shape_Area": 0.00028802052938902117, "codice_distretto": "DSTR05"}}, {"type": "Feature", "id": 62, "geometry": {"type": "Polygon", "coordinates": [[[8.924835689000076, 45.18894106700003], [8.924749151000071, 45.188973307000026], [8.924619301000064, 45.188642051000045], [8.923675169000035, 45.188967614000035], [8.92219913100007, 45.189424779000035], [8.92167427000004, 45.189561370000035], [8.921498549000034, 45.189309759000025], [8.921854323000048, 45.18922036300006], [8.922210041000028, 45.18917080600005], [8.92241437000007, 45.18910122500006], [8.922646893000035, 45.189014232000034], [8.923097851000023, 45.18884023700008], [8.923383151000053, 45.188783158000035], [8.923492306000071, 45.188785722000034], [8.923594270000024, 45.18890033000008], [8.923657629000047, 45.18891780300004], [8.92458767200003, 45.18859472100007], [8.923792222000031, 45.18701055100007], [8.923330350000072, 45.18614621100005], [8.923151059000077, 45.18593444100003], [8.922499395000045, 45.18612822100005], [8.922257008000031, 45.185709736000035], [8.922651527000028, 45.18559297300004], [8.92288413500006, 45.185431280000046], [8.922775272000024, 45.18521706700005], [8.922550503000025, 45.18479112400007], [8.922413713000026, 45.18440010100005], [8.922308365000049, 45.18419335900006], [8.922245472000043, 45.18383724600005], [8.922256337000022, 45.18361564300005], [8.922161600000038, 45.183374048000076], [8.921880628000054, 45.18286091500005], [8.921764721000045, 45.18265416500003], [8.921698305000064, 45.18230303000007], [8.921522954000068, 45.18179992800003], [8.921365115000071, 45.18136406800005], [8.921277295000039, 45.18121958800003], [8.92106300100005, 45.18087582000004], [8.920507886000053, 45.180036303000065], [8.920023119000064, 45.17925534800003], [8.919747323000024, 45.17884430300006], [8.918691310000042, 45.177479033000054], [8.918441931000075, 45.17707174000003], [8.918344090000062, 45.17655748300007], [8.918210857000076, 45.17617641600003], [8.917574203000072, 45.17579249800008], [8.916948085000058, 45.17543099300008], [8.916797029000065, 45.175209272000075], [8.91672344400007, 45.174972669000056], [8.916762410000047, 45.174807111000064], [8.917623255000024, 45.17351293100006], [8.917475625000066, 45.173358445000076], [8.916757975000053, 45.17301928300003], [8.916652569000064, 45.17287976600005], [8.91649069400006, 45.17283980700006], [8.91500413600005, 45.17351101200006], [8.914433866000024, 45.17349564600005], [8.914434224000047, 45.17325660600005], [8.91461759300006, 45.17304758300003], [8.91510373400007, 45.17281886500007], [8.915455806000068, 45.172789246000036], [8.915878400000054, 45.172679997000046], [8.916174256000033, 45.172575634000054], [8.91651226700003, 45.17253106100003], [8.916969720000054, 45.17265589600004], [8.917201827000042, 45.17281542400008], [8.91780690500002, 45.173099722000075], [8.918060061000062, 45.17331404500004], [8.918052555000031, 45.17363774100005], [8.917925523000065, 45.17384681100003], [8.917798318000052, 45.17417540000008], [8.917551597000056, 45.174379403000046], [8.917445778000058, 45.174523746000034], [8.917332823000038, 45.174732825000035], [8.917205656000021, 45.17503153400003], [8.917212458000051, 45.17519588000005], [8.917437478000068, 45.175395243000025], [8.91759231900005, 45.175435195000034], [8.917909396000027, 45.17527108300004], [8.918437546000064, 45.17521170200007], [8.918873894000058, 45.17534149200003], [8.918922954000038, 45.175500888000045], [8.918852403000074, 45.17560043800006], [8.91857734000007, 45.17592892300007], [8.918499755000028, 45.176023488000055], [8.91852067900004, 45.176162944000055], [8.918639687000052, 45.17664608900003], [8.918656586000054, 45.17714036700005], [8.91990054200005, 45.17879461100006], [8.92043811000002, 45.17957809300003], [8.920807031000038, 45.18012117100005], [8.921377584000027, 45.17997963400006], [8.921747351000022, 45.17991265900008], [8.922240496000029, 45.179733715000054], [8.92247270300004, 45.179850903000045], [8.922468855000034, 45.18009243100005], [8.922384246000036, 45.18017454300008], [8.922415783000076, 45.18028412500007], [8.922545812000067, 45.18046100400005], [8.92255962400003, 45.180660214000056], [8.922105267000063, 45.18079187500007], [8.921837606000054, 45.18085145200007], [8.921661382000025, 45.18098579200006], [8.921788028000037, 45.181060579000075], [8.922087357000066, 45.18101596300005], [8.922326424000062, 45.181270106000056], [8.922347190000039, 45.181534061000036], [8.922241430000042, 45.18163358900006], [8.922033596000063, 45.18171063800003], [8.921938514000033, 45.18172551300006], [8.921765877000041, 45.18181005400004], [8.921755233000056, 45.181869807000055], [8.921947916000022, 45.182574611000064], [8.92198813400006, 45.18277383800006], [8.922383331000049, 45.18343893900004], [8.922440928000071, 45.18380625300006], [8.922454541000036, 45.184152373000074], [8.922716169000068, 45.18465926600004], [8.923047954000026, 45.185365406000074], [8.923288722000052, 45.185680553000054], [8.923619880000047, 45.18554880500005], [8.923868078000055, 45.185576361000074], [8.924063095000065, 45.185879026000066], [8.924128040000028, 45.18602597900008], [8.924178938000068, 45.18614553300006], [8.924275633000036, 45.18624644200003], [8.92446004900006, 45.18658146900003], [8.924387711000065, 45.18669845200003], [8.924236249000046, 45.186738192000064], [8.924123546000033, 45.18675803600007], [8.924028412000041, 45.18680528300007], [8.924084512000036, 45.18698460000007], [8.924197047000064, 45.18709174600008], [8.924556295000059, 45.18702475300006], [8.92478872700002, 45.186997517000066], [8.924929448000057, 45.187092230000076], [8.925017128000036, 45.18735871800004], [8.925087355000073, 45.187508164000064], [8.925062550000064, 45.18762766800006], [8.924865255000043, 45.18770970800006], [8.924692664000077, 45.18774943400007], [8.924484857000039, 45.18779162700008], [8.924470714000051, 45.18783643800003], [8.924516208000057, 45.18804936300006], [8.924787202000061, 45.188155366000046], [8.924864693000075, 45.18813674300003], [8.924935017000053, 45.18821397900007], [8.924843870000075, 45.188238296000065], [8.924769742000024, 45.18818356300005], [8.92462880200003, 45.18811293200008], [8.92453377000004, 45.188082989000065], [8.924568839000074, 45.18819008300005], [8.924716334000038, 45.18849147000003], [8.924791969000069, 45.18854630000004], [8.925540375000026, 45.188438475000055], [8.925631660000022, 45.188643960000036], [8.924997634000022, 45.18879668000005], [8.925018714000032, 45.18883279900007], [8.92486722800004, 45.18888623400005], [8.924891829000046, 45.188923601000056], [8.924835689000076, 45.18894106700003]]]}, "properties": {"OBJECTID": 62, "GisId": "{A9C353D8-48A2-4AEB-9557-ADDBA2DB9573}", "GisDescription": "VIA MULINO", "GisCode": "DGR07", "Shape_Length": 0.06143532649104236, "Shape_Area": 1.0718609035435234e-05, "codice_distretto": "DGR07"}}, {"type": "Feature", "id": 63, "geometry": {"type": "Polygon", "coordinates": [[[8.577055501000075, 45.290994702000035], [8.576946770000063, 45.289815557000054], [8.57813421000003, 45.28921493800004], [8.578733467000063, 45.28866095500007], [8.580041696000023, 45.28744687500006], [8.581128458000023, 45.28670532700005], [8.582260879000046, 45.28659113400005], [8.582799399000066, 45.28630908800005], [8.583450774000028, 45.285494922000055], [8.584434500000043, 45.28507840000003], [8.58517769100007, 45.28431189500003], [8.585307681000074, 45.28372658600006], [8.585729897000022, 45.28329617800006], [8.587033999000028, 45.28376834300008], [8.587979518000054, 45.28399068500005], [8.588564853000037, 45.28418213900005], [8.589109223000037, 45.28424326900006], [8.58914856900003, 45.28459842800004], [8.587653166000052, 45.284495409000044], [8.587540502000024, 45.28529527400008], [8.587001304000069, 45.28538651800005], [8.587016758000061, 45.285567042000025], [8.587565931000029, 45.285545359000025], [8.58796869200006, 45.28548616300003], [8.58795324600004, 45.28530416000007], [8.588624336000066, 45.28522965900004], [8.588662010000064, 45.28552564300003], [8.587997375000043, 45.28557650000005], [8.588025961000028, 45.285680151000065], [8.588220901000057, 45.28567197900003], [8.588242857000068, 45.286112873000036], [8.588013907000061, 45.28618748800005], [8.588073516000065, 45.28663739400008], [8.58813542100006, 45.28691497500006], [8.588129218000063, 45.28697781600005], [8.588135740000041, 45.28701556500005], [8.588051932000042, 45.28701378400007], [8.58803368200006, 45.28707436700006], [8.58789529400002, 45.28708570100008], [8.587799601000029, 45.287133432000076], [8.587683981000055, 45.287473240000054], [8.587046713000063, 45.287503481000044], [8.586960978000036, 45.287189572000045], [8.586541665000027, 45.28721764000005], [8.58642975600003, 45.287045642000066], [8.586373274000039, 45.28732057600007], [8.586213823000037, 45.287346625000055], [8.58619950800005, 45.287586212000065], [8.585993890000054, 45.287620968000056], [8.585933925000063, 45.287798260000045], [8.586063481000053, 45.287849023000035], [8.586084156000027, 45.28788755900007], [8.586179753000067, 45.28799737000003], [8.586207628000068, 45.28819864800005], [8.58612327000003, 45.28827230400003], [8.586134065000067, 45.288804871000025], [8.585794329000066, 45.28883914100004], [8.585312438000074, 45.28882555900003], [8.585184542000036, 45.288546996000036], [8.584864922000065, 45.288983692000045], [8.584476890000076, 45.28960504200006], [8.584472700000049, 45.289663405000056], [8.584465601000034, 45.28971594400008], [8.585352010000065, 45.289722124000036], [8.58542656700007, 45.28984369300008], [8.585478488000035, 45.290195941000036], [8.585463932000039, 45.29046806900004], [8.58541021000002, 45.29093827400004], [8.585212186000035, 45.29107956200005], [8.585231519000047, 45.29128009000004], [8.58519762000003, 45.29149665600005], [8.584300381000048, 45.291534813000055], [8.582958820000044, 45.291577258000075], [8.583220131000076, 45.29295390800007], [8.582815762000052, 45.293224612000074], [8.578602628000056, 45.293170685000064], [8.57821219300007, 45.29382011100006], [8.576888353000072, 45.29372645900003], [8.577041123000072, 45.29248742000004], [8.576999637000029, 45.291865984000026], [8.577353992000042, 45.29155961300006], [8.577640640000027, 45.29148079400005], [8.57782009300007, 45.29144447700003], [8.577887883000074, 45.291346358000055], [8.57770492700007, 45.29129021000006], [8.577218917000039, 45.29112347600005], [8.57721753800007, 45.29106226700003], [8.577145350000023, 45.29104702300003], [8.577060920000065, 45.291022302000044], [8.577055501000075, 45.290994702000035]], [[8.582648238000047, 45.28934838200007], [8.58275998800002, 45.289541093000025], [8.583749055000055, 45.28955061800008], [8.583902619000071, 45.289184325000065], [8.584313283000029, 45.28919469600004], [8.584507717000065, 45.28897055900006], [8.583896508000066, 45.28887366200007], [8.583942053000044, 45.28837680200007], [8.584939029000054, 45.28844847400006], [8.58588351700007, 45.28709395700008], [8.58541464600006, 45.287021252000045], [8.58525319100005, 45.28732243200005], [8.584364313000037, 45.287372454000035], [8.584374511000021, 45.28712397700008], [8.583796806000066, 45.28703311900006], [8.583543270000064, 45.28731621000003], [8.58278793900007, 45.28744362700007], [8.582648238000047, 45.28934838200007]]]}, "properties": {"OBJECTID": 63, "GisId": "{298E4E04-1F2B-4EA5-AC3D-4C910D2CA743}", "GisDescription": "ZONA INDUSTRIALE", "GisCode": "DRB01", "Shape_Length": 0.059984862973258606, "Shape_Area": 5.4383397276328145e-05, "codice_distretto": "DRB01"}}, {"type": "Feature", "id": 64, "geometry": {"type": "Polygon", "coordinates": [[[9.277105534000043, 45.073883737000074], [9.278540621000047, 45.07477858500005], [9.278398455000058, 45.075034078000044], [9.277974355000026, 45.075796239000056], [9.27794222600005, 45.075853978000055], [9.277349804000039, 45.07691861700005], [9.277456673000074, 45.077888882000025], [9.275938094000026, 45.07759652000004], [9.274800235000043, 45.07628361900004], [9.271846092000033, 45.07450069400005], [9.267621519000045, 45.07128814400005], [9.265839587000073, 45.069996325000034], [9.265873938000027, 45.069747661000065], [9.266423546000055, 45.069159357000046], [9.266904452000063, 45.06929885200003], [9.267454060000034, 45.06934130700006], [9.267636010000047, 45.06956249000007], [9.268305845000043, 45.06944119000008], [9.269128817000023, 45.06922804100003], [9.269898134000073, 45.07013438800004], [9.271770450000076, 45.071987490000026], [9.27406282800007, 45.07332014600007], [9.274696711000047, 45.07337144500008], [9.277105534000043, 45.073883737000074]]]}, "properties": {"OBJECTID": 64, "GisId": "{4130D32A-A9FD-4D26-95FC-2C1133A2F4FE}", "GisDescription": "ADDUZIONE EURONICS", "GisCode": "DBRN03", "Shape_Length": 0.03285766012234637, "Shape_Area": 3.226021218069252e-05, "codice_distretto": "DBRN03"}}, {"type": "Feature", "id": 65, "geometry": {"type": "Polygon", "coordinates": [[[8.742460609000034, 45.25627745500003], [8.742793783000025, 45.256309773000055], [8.743079203000036, 45.25659359900004], [8.744072735000032, 45.25682397400004], [8.743868826000039, 45.25733104600005], [8.74451519400003, 45.25750106300006], [8.744373697000071, 45.25785687200005], [8.744095182000024, 45.25841565500008], [8.743714078000039, 45.25835467500008], [8.743487293000044, 45.258702120000066], [8.744147699000052, 45.258965395000075], [8.744827310000062, 45.259132607000026], [8.74525658300007, 45.25914599200007], [8.746001918000047, 45.25930671700007], [8.74676108400007, 45.25952380200005], [8.747585462000075, 45.25985038400006], [8.74789928000007, 45.25997700200003], [8.748625953000044, 45.26011778600008], [8.748719548000054, 45.26017432700007], [8.748939993000022, 45.26019469500005], [8.749230472000022, 45.260294748000035], [8.749106709000046, 45.26069545100006], [8.748656620000077, 45.26061161600006], [8.748328866000065, 45.26045182900003], [8.748283116000039, 45.26018662100006], [8.747940923000044, 45.260109648000025], [8.747434843000065, 45.259956094000074], [8.746580068000071, 45.25960624700008], [8.745307647000061, 45.259268718000044], [8.745239627000046, 45.25926525300008], [8.744877149000047, 45.259266929000034], [8.74472712100004, 45.259240083000066], [8.744646672000044, 45.25939234000003], [8.744243417000064, 45.25933178900004], [8.744215100000076, 45.259368178000045], [8.743118473000038, 45.25907078400007], [8.743288449000033, 45.258835884000064], [8.742763908000029, 45.258619304000035], [8.743258387000026, 45.260300534000066], [8.743638589000057, 45.26027156400005], [8.743448499000067, 45.26080466600007], [8.743637973000034, 45.261451290000025], [8.744252992000042, 45.261379764000026], [8.744107858000064, 45.26130653400003], [8.744269374000055, 45.26086615500003], [8.744588150000027, 45.26093314600007], [8.744440490000045, 45.26142326400003], [8.743811365000056, 45.26150138600008], [8.743905702000063, 45.26243610100005], [8.74421539900004, 45.26243679500004], [8.744454308000059, 45.26252680400006], [8.744471844000032, 45.26280189100004], [8.74483727200004, 45.26293194800007], [8.745009972000048, 45.263137792000066], [8.744956886000068, 45.26346574300004], [8.744679095000038, 45.26367389500007], [8.744290007000075, 45.26358686400005], [8.744354601000055, 45.26383223300007], [8.744673154000054, 45.26499941700007], [8.74421809200004, 45.26497188800005], [8.743646506000061, 45.26476846200006], [8.743487333000076, 45.26468525900003], [8.743267917000026, 45.264432914000054], [8.743264822000071, 45.26407832600006], [8.743183845000033, 45.26330436300003], [8.743130847000032, 45.26309050100008], [8.743330042000025, 45.26262204100004], [8.74358468400004, 45.26234425000007], [8.743544452000037, 45.26190010500005], [8.743464563000032, 45.26192643600007], [8.743333028000052, 45.26195927900005], [8.742836149000027, 45.26184549100003], [8.742618265000033, 45.26229568300005], [8.741994497000064, 45.262224684000046], [8.74199971400003, 45.26210871200004], [8.73995571000006, 45.261696474000075], [8.739842278000026, 45.26187516300007], [8.739982609000037, 45.26197158400004], [8.740230773000064, 45.26208813300008], [8.740324289000057, 45.26216125000008], [8.740229202000023, 45.26243276900004], [8.740074278000066, 45.26244898500005], [8.739827338000055, 45.26309130800007], [8.739161499000033, 45.26298374600003], [8.739541787000064, 45.26191424400008], [8.73969683100006, 45.26187151800008], [8.740170637000062, 45.26087016000008], [8.739762925000036, 45.26075656100005], [8.73979913100004, 45.26053461600003], [8.739639687000022, 45.26051436900008], [8.739339494000035, 45.261002477000034], [8.738795649000053, 45.260901819000026], [8.73781510300006, 45.26061541100006], [8.738015602000075, 45.26012625000004], [8.737473161000025, 45.25997753900003], [8.737226853000038, 45.259970345000056], [8.737004141000057, 45.260442055000055], [8.736537767000073, 45.26033245100007], [8.736139687000048, 45.26067451500006], [8.736007568000048, 45.26083327400005], [8.735473713000033, 45.26161410600008], [8.73577348300006, 45.261730784000065], [8.735745006000059, 45.26180030900008], [8.736007392000033, 45.261883761000036], [8.73588926900004, 45.26205912200004], [8.735537651000072, 45.261992031000034], [8.735135297000056, 45.26173593300007], [8.735928706000038, 45.26063757500003], [8.73684251900005, 45.25987750100006], [8.73698803700006, 45.259864580000055], [8.737157994000029, 45.25963963000004], [8.737579937000021, 45.25971681900006], [8.737546619000057, 45.25981947100007], [8.738526474000025, 45.259997353000074], [8.738942467000072, 45.259325595000064], [8.73697904100004, 45.25876436400006], [8.73718345900005, 45.25818822600007], [8.736996268000041, 45.258081752000066], [8.736656129000039, 45.25858135900006], [8.73625295100004, 45.25850752400004], [8.736102421000055, 45.25859002300007], [8.734527357000047, 45.25827155700006], [8.73477348700004, 45.25781150500006], [8.735518914000068, 45.25794247400006], [8.735616525000069, 45.25781638600006], [8.73569690200003, 45.25775648200005], [8.736039314000038, 45.25777964200006], [8.736091846000022, 45.25758093300004], [8.736373380000032, 45.25757826900008], [8.736430527000039, 45.257396140000026], [8.737157498000045, 45.25745912100007], [8.737150246000056, 45.25750549800006], [8.73763331300006, 45.25755134600007], [8.737448722000067, 45.25789887500008], [8.738171009000041, 45.257961840000064], [8.738230146000035, 45.25785593200004], [8.738493165000023, 45.257798542000046], [8.738908588000072, 45.257759727000064], [8.739002890000052, 45.25765887000006], [8.73928573400002, 45.25711356000005], [8.739322275000063, 45.257074706000026], [8.739467877000038, 45.25704189900006], [8.739688239000031, 45.25707719700006], [8.739941250000072, 45.25664117600007], [8.74044740100004, 45.256768253000075], [8.739914941000052, 45.25777942000008], [8.740281616000061, 45.257883812000046], [8.740955609000025, 45.25670147300008], [8.74196058900003, 45.25702022000007], [8.74203850200007, 45.256911039000045], [8.741832447000036, 45.25682441400005], [8.741842409000071, 45.25669685300005], [8.741062366000051, 45.25643992100004], [8.741378242000053, 45.256105939000065], [8.742299225000068, 45.256321763000074], [8.742379264000022, 45.256260637000025], [8.742460609000034, 45.25627745500003]], [[8.742137341000046, 45.26047115700004], [8.742606188000025, 45.26055506000006], [8.742939583000066, 45.259851206000064], [8.74261916000006, 45.25872253600005], [8.74255886700007, 45.258566649000045], [8.742244769000024, 45.25850629100006], [8.74216515300003, 45.25847297300004], [8.742084909000027, 45.25857883500004], [8.741934762000028, 45.25857849600004], [8.74166447500005, 45.259204201000045], [8.742339614000059, 45.25932171100004], [8.742272891000027, 45.25955021500005], [8.742544810000027, 45.25960053500006], [8.742137341000046, 45.26047115700004]], [[8.740468222000061, 45.26056637700003], [8.740486824000072, 45.26060287200005], [8.74086167400003, 45.26071970800007], [8.74101259400004, 45.26055104400007], [8.74128922500006, 45.26059806500007], [8.741199109000036, 45.26080994600005], [8.741592867000065, 45.26089699700003], [8.74165903900007, 45.26079110400008], [8.741766854000048, 45.26081454500007], [8.74200376400006, 45.260308062000036], [8.74146009900005, 45.260167652000064], [8.740724241000066, 45.25998703600004], [8.740468222000061, 45.26056637700003]]]}, "properties": {"OBJECTID": 65, "GisId": "{49D1DCF7-B25E-42FD-98ED-663652B745EC}", "GisDescription": "VECCHIA GALLIATE - PARONA CASSOLO", "GisCode": "DMR04", "Shape_Length": 0.08787041651586329, "Shape_Area": 3.328199919002123e-05, "codice_distretto": "DMR04"}}, {"type": "Feature", "id": 66, "geometry": {"type": "Polygon", "coordinates": [[[9.316219354000054, 45.06937183700006], [9.315466430000072, 45.07026307500007], [9.315248979000046, 45.07041182100005], [9.315307419000021, 45.07042674600007], [9.315357062000032, 45.07073547300007], [9.315777044000072, 45.07137502300003], [9.31541481000005, 45.07194227000008], [9.31437010600007, 45.07269859100006], [9.313627266000026, 45.07331865500004], [9.31199269900003, 45.07428144000005], [9.311384304000057, 45.07450500700003], [9.30976737800006, 45.074935054000036], [9.308184574000052, 45.075218661000065], [9.307987707000052, 45.07508519900006], [9.307874838000032, 45.074727445000065], [9.307953584000074, 45.07385993100007], [9.306848510000066, 45.07382471100004], [9.30668089300002, 45.07379624400005], [9.306940380000071, 45.07354851300005], [9.307218617000046, 45.07319631000007], [9.307412859000067, 45.072280576000026], [9.307580851000068, 45.07163547500005], [9.308987787000035, 45.071064517000025], [9.309848748000036, 45.06924038100004], [9.309743754000067, 45.068424691000075], [9.309932745000026, 45.06771280700008], [9.31094070000006, 45.06763865200003], [9.31271018700005, 45.06849306200007], [9.313596880000034, 45.06802772800006], [9.314868778000061, 45.06776012200004], [9.31476495100003, 45.06695048500006], [9.315317010000058, 45.066812507000066], [9.315511401000037, 45.06714650400005], [9.316516039000021, 45.066853208000055], [9.316839358000038, 45.06803638500003], [9.31610211100002, 45.068386168000075], [9.316219354000054, 45.06937183700006]]]}, "properties": {"OBJECTID": 66, "GisId": "{E8652B8E-EB0C-4EC7-867D-98CA1779B5D8}", "GisDescription": "SAN ZENO", "GisCode": "DSTR02", "Shape_Length": 0.03271982835859586, "Shape_Area": 4.549898109556587e-05, "codice_distretto": "DSTR02"}}, {"type": "Feature", "id": 67, "geometry": {"type": "Polygon", "coordinates": [[[8.791317007000032, 45.25388827100005], [8.791216958000064, 45.253877042000056], [8.79113789400003, 45.25382976700007], [8.790988364000043, 45.253664538000066], [8.790872665000052, 45.25337270800003], [8.790676788000042, 45.25333700200008], [8.790426837000041, 45.253262902000074], [8.790297948000045, 45.25315662300005], [8.790273283000033, 45.25305937100006], [8.790390854000066, 45.25284160900003], [8.79051602800007, 45.25282416500005], [8.790616181000075, 45.252806675000045], [8.790508696000074, 45.25255020800006], [8.790121270000043, 45.25243756100008], [8.790058217000023, 45.252572945000054], [8.790049106000026, 45.252782069000034], [8.79014400400007, 45.25305913300008], [8.790159665000033, 45.253336053000055], [8.790050497000038, 45.25353615500006], [8.789112144000057, 45.253540318000034], [8.78903811300006, 45.25326034500006], [8.788721616000032, 45.253138989000036], [8.788655654000024, 45.25293267200004], [8.788787631000048, 45.25220534300007], [8.788200390000043, 45.25199806100005], [8.787704899000062, 45.25179094600003], [8.787509809000028, 45.25154609500004], [8.787548472000026, 45.251242766000075], [8.78783699500002, 45.25103416200005], [8.788433309000027, 45.25104115900007], [8.788494221000064, 45.25148311800007], [8.788782020000042, 45.25146892200007], [8.78884997800003, 45.25113619000007], [8.788863481000021, 45.250868162000074], [8.78913129800003, 45.25061827800005], [8.789540147000025, 45.25057190200005], [8.789764900000023, 45.250690141000064], [8.789901538000038, 45.25095550000003], [8.789942806000056, 45.25220452800005], [8.790151243000025, 45.25222553100008], [8.790197463000027, 45.252131355000074], [8.790452033000065, 45.252081747000034], [8.790428875000032, 45.25157505300007], [8.790513417000057, 45.25126591700007], [8.790901224000038, 45.251272518000064], [8.790939403000039, 45.25109585000007], [8.790418900000077, 45.25088575500007], [8.790781910000021, 45.25083045400004], [8.790086678000023, 45.249941067000066], [8.78947757100002, 45.247191661000045], [8.788906251000071, 45.24720239000004], [8.788829020000037, 45.246663194000064], [8.789358832000062, 45.246599368000034], [8.789247466000063, 45.24626925100006], [8.788729212000021, 45.244902987000046], [8.788674423000032, 45.244497859000035], [8.787963467000054, 45.24450243300004], [8.787952350000069, 45.24412831500007], [8.788482412000064, 45.24399085300007], [8.788495599000044, 45.24380824800005], [8.78822877400006, 45.24379891600006], [8.788163001000044, 45.243545469000026], [8.78839670800005, 45.24348993500007], [8.788409611000077, 45.24338391500004], [8.788105436000023, 45.243327384000054], [8.788108360000024, 45.24254090200003], [8.787795698000025, 45.24252559300004], [8.787711812000055, 45.24153864600004], [8.787891220000063, 45.24150657700005], [8.787804966000067, 45.24115588500007], [8.787550673000055, 45.24114363000007], [8.787639472000023, 45.241930283000045], [8.787563268000042, 45.242239433000066], [8.787440868000033, 45.24263686900008], [8.786740183000063, 45.242688583000074], [8.78659243900006, 45.24205793900006], [8.787393162000058, 45.242012302000035], [8.787324941000065, 45.24129932900007], [8.786895651000066, 45.241254344000026], [8.786859094000022, 45.240995059000056], [8.786092049000047, 45.24095827700006], [8.78612600200006, 45.240799276000075], [8.78628053600005, 45.240728870000055], [8.786310295000021, 45.24057575200004], [8.785505432000036, 45.24061842800006], [8.785417131000031, 45.240815620000035], [8.785171091000052, 45.24082694100008], [8.785179996000068, 45.24067672900003], [8.783624075000034, 45.24086525900003], [8.783585767000034, 45.24107138100004], [8.783222856000066, 45.241114878000076], [8.783240857000067, 45.240767326000025], [8.783487065000031, 45.24071182600005], [8.783412653000028, 45.24054378300008], [8.783216501000027, 45.24059348700007], [8.783154441000022, 45.24046670600006], [8.78339242100003, 45.24038173400004], [8.783566284000074, 45.24071197600006], [8.785816580000073, 45.24047909400008], [8.785883893000062, 45.240318682000066], [8.786250778000067, 45.240325261000066], [8.786248045000036, 45.23994232200005], [8.786875810000026, 45.23986985300007], [8.786895177000076, 45.23970787800005], [8.78634482800004, 45.23970537800005], [8.786324428000057, 45.23958604100005], [8.786520652000036, 45.23951571200007], [8.786527607000039, 45.23932867700006], [8.787066000000038, 45.23918239900007], [8.787091533000023, 45.239044001000025], [8.78692846000007, 45.23805396000006], [8.786498853000069, 45.238100288000055], [8.785050525000031, 45.237417126000025], [8.784854640000049, 45.23739908400006], [8.783281928000065, 45.23764060000008], [8.783154522000075, 45.23715727100006], [8.783934658000021, 45.237026195000055], [8.784046020000062, 45.23734453600008], [8.784921902000065, 45.237251928000035], [8.785151118000044, 45.23727592400007], [8.786528478000037, 45.237982517000034], [8.786574659000053, 45.23789718000006], [8.786516809000034, 45.23775862600007], [8.78619571300004, 45.23777569900005], [8.786025418000065, 45.23760453300008], [8.78632589800003, 45.23752556300008], [8.78644631900005, 45.237655397000026], [8.786642393000022, 45.23762336100003], [8.786584508000033, 45.23749364400004], [8.787005706000059, 45.237464974000034], [8.787083239000026, 45.23791580300008], [8.787233383000057, 45.239019228000075], [8.78746002500003, 45.23973544200004], [8.787697624000032, 45.23975061300007], [8.787738385000068, 45.240001068000026], [8.787971914000025, 45.23998971900005], [8.787943823000035, 45.23969510200004], [8.78829412600004, 45.23967513300005], [8.788356994000026, 45.23958687900006], [8.787844384000039, 45.23952701600007], [8.787761996000029, 45.239258808000045], [8.788533134000033, 45.23931031500007], [8.788825248000023, 45.239240160000065], [8.788913992000062, 45.23891924900005], [8.789226658000075, 45.23892866300008], [8.789352247000068, 45.23879044900008], [8.789773616000048, 45.23871758400003], [8.789762369000073, 45.23837586800005], [8.790100144000064, 45.23835881600007], [8.790263210000035, 45.23823245300008], [8.790784280000025, 45.238256973000034], [8.790802453000026, 45.23784903500007], [8.791589154000064, 45.23763102200007], [8.79216714000006, 45.23748037400003], [8.792281615000036, 45.237529186000074], [8.792216457000052, 45.23767635000007], [8.791194033000068, 45.23850810300007], [8.79144201300005, 45.238533594000046], [8.791313443000035, 45.23891776700003], [8.794357637000076, 45.239332733000026], [8.794445857000028, 45.23914878900007], [8.79469186700004, 45.239143340000055], [8.79465351500005, 45.23937303100007], [8.794496894000076, 45.239447864000056], [8.791027350000036, 45.23905274300006], [8.790896044000021, 45.23904513900004], [8.79070417500003, 45.23906688000005], [8.79069738000004, 45.239214150000066], [8.790804901000058, 45.23945441700005], [8.790747442000054, 45.23977391500006], [8.790745352000044, 45.23977538300005], [8.790761408000037, 45.23994478800006], [8.790846086000045, 45.24016144800004], [8.790684677000058, 45.24040269500006], [8.790063171000043, 45.240473723000036], [8.789719124000044, 45.24049223600008], [8.789689769000063, 45.24053784000006], [8.789666430000068, 45.24064825900007], [8.78940958100003, 45.24076413800003], [8.78922607100003, 45.24077852800008], [8.789104733000045, 45.24089318400007], [8.788527370000054, 45.24086413400005], [8.788536952000072, 45.24109096600006], [8.788935020000054, 45.24112263200004], [8.788926458000049, 45.24118300100008], [8.788987446000021, 45.24160286800003], [8.788628815000038, 45.241616934000035], [8.78861293500006, 45.24140187300003], [8.788441964000071, 45.24140744700003], [8.788429909000058, 45.24128518100008], [8.78804419000005, 45.241296248000026], [8.788227789000075, 45.24181944000003], [8.788722506000056, 45.24333736400007], [8.78895865100003, 45.24487542800006], [8.789371521000021, 45.24598669800008], [8.790009545000032, 45.245976090000056], [8.790143109000041, 45.24594098700004], [8.790198022000027, 45.24574962200006], [8.790046159000042, 45.24509246300005], [8.79060075600006, 45.24508759100007], [8.790946846000054, 45.245088225000075], [8.791113118000055, 45.24522992000004], [8.790495658000054, 45.24532010400003], [8.790540432000057, 45.24561769600007], [8.790355444000056, 45.24602974700008], [8.789379610000026, 45.246054462000075], [8.789557226000056, 45.24651136500006], [8.78976506400005, 45.24781961300005], [8.790224877000071, 45.24978225600006], [8.79025792400006, 45.24986774100006], [8.791117246000056, 45.250929746000054], [8.791167051000059, 45.25099464200008], [8.791270928000074, 45.251097929000025], [8.791400064000072, 45.251136458000076], [8.791412121000064, 45.25126019700008], [8.791595449000056, 45.25130471600005], [8.791682668000021, 45.25140208200003], [8.79193678100006, 45.25147618600005], [8.792195495000044, 45.25143247300008], [8.792304436000052, 45.25129127900004], [8.792475479000075, 45.25127391700005], [8.792433047000031, 45.25147414300005], [8.791923884000028, 45.25158220600008], [8.791873690000045, 45.25162335300007], [8.791860598000028, 45.25178239400003], [8.79194756000004, 45.25195045400005], [8.79202639700003, 45.25205958600003], [8.792034404000049, 45.25215091600006], [8.792142327000022, 45.25228955700004], [8.792189430000064, 45.25252382100007], [8.792117792000056, 45.25272767600006], [8.791991255000028, 45.252832753000064], [8.791873323000061, 45.252865676000056], [8.79181671400005, 45.25295026100008], [8.791751335000072, 45.253152654000075], [8.791729990000022, 45.25328737800004], [8.791578621000042, 45.25334012400003], [8.791198178000059, 45.253311445000065], [8.791224068000076, 45.25335935900006], [8.791406176000066, 45.253453953000076], [8.791495283000074, 45.25360581500007], [8.791606458000047, 45.253853452000044], [8.79153126500006, 45.25388755800003], [8.791448579000075, 45.25388516400005], [8.791317007000032, 45.25388827100005]]]}, "properties": {"OBJECTID": 67, "GisId": "{1A825515-58C0-4759-895D-90A160D57D85}", "GisDescription": "CASONI SANT'ALBINO", "GisCode": "DMR09", "Shape_Length": 0.10570436407124663, "Shape_Area": 2.4746901391534222e-05, "codice_distretto": "DMR09"}}, {"type": "Feature", "id": 68, "geometry": {"type": "Polygon", "coordinates": [[[9.128831556000023, 44.992316757000026], [9.128836981000063, 44.99232241500005], [9.128734309000038, 44.992367873000035], [9.12927711900005, 44.992852706000065], [9.129860271000041, 44.992506278000064], [9.13024052000003, 44.992850694000026], [9.129730849000055, 44.99317407700005], [9.130480968000029, 44.99417312700007], [9.130800317000023, 44.99407828200003], [9.130791197000065, 44.993971216000034], [9.13102630000003, 44.993914260000054], [9.131226363000053, 44.99406204700006], [9.132207037000057, 44.993972736000046], [9.13362488000007, 44.99388133000008], [9.133645314000034, 44.994079713000076], [9.133710629000063, 44.99449219500008], [9.133778377000056, 44.99499600400003], [9.133841865000022, 44.99557540200004], [9.133934860000068, 44.99643662700004], [9.134040403000029, 44.99696716100004], [9.134208500000057, 44.998440807000065], [9.133766656000034, 44.99949637100008], [9.133485353000026, 45.00020814000004], [9.133954975000051, 45.00029970800006], [9.134061150000036, 45.00015422900003], [9.134540852000043, 45.00028593600007], [9.134741139000027, 45.00051559900004], [9.134595542000056, 45.00089368700003], [9.134067969000057, 45.001174595000066], [9.133402895000074, 45.00103754500003], [9.133471672000042, 45.000767945000064], [9.133244352000077, 45.00072303700006], [9.133164419000025, 45.00098840100003], [9.132972084000073, 45.00140262600007], [9.132936845000074, 45.001520766000056], [9.13284144100004, 45.00153504800005], [9.132606213000031, 45.00192792200005], [9.132813600000077, 45.00197283400007], [9.132906949000073, 45.00202941200007], [9.133053398000072, 45.00201349500003], [9.133097977000034, 45.00209532500003], [9.133018192000065, 45.00214580700003], [9.132898428000033, 45.00218373700005], [9.132849933000045, 45.002328662000025], [9.132761473000073, 45.00246733400007], [9.132404637000036, 45.002558383000064], [9.132323808000024, 45.002844494000044], [9.132215038000027, 45.00284380200003], [9.132224613000062, 45.00254511700007], [9.131913782000026, 45.00253760000004], [9.13190849800003, 45.002169139000046], [9.13193532400004, 45.00191882000007], [9.132277645000045, 45.001897324000026], [9.132308089000048, 45.00156425100005], [9.13189970700006, 45.00150405000005], [9.131954033000056, 45.00124003600007], [9.13158938500004, 45.00119617000007], [9.131520722000062, 45.001476740000044], [9.13157293300003, 45.00198529200003], [9.13110999600002, 45.00202907100004], [9.131048519000046, 45.001616633000026], [9.130756414000075, 45.00163114000003], [9.130781110000044, 45.00206017200003], [9.130696424000064, 45.00206818000004], [9.13048112100006, 45.00206291500007], [9.130498575000047, 45.00193062400007], [9.13018672100003, 45.00192310700004], [9.130124101000035, 45.00220425300006], [9.130023899000037, 45.002551184000026], [9.129975005000063, 45.002767360000064], [9.129928776000042, 45.00293590100006], [9.129878740000038, 45.00313869400003], [9.129797559000053, 45.00355606800008], [9.129775872000039, 45.00355340500005], [9.129758840000022, 45.00355164000007], [9.129754159000072, 45.00355125600004], [9.129755641000031, 45.00354548700005], [9.129765383000063, 45.00349804000007], [9.129783062000058, 45.003402261000076], [9.129804494000041, 45.003309923000074], [9.129825261000065, 45.00323018300003], [9.12985332200003, 45.003124452000066], [9.129878346000055, 45.00302630300007], [9.129900897000027, 45.00293770300004], [9.12992263600006, 45.00285865200004], [9.129945614000064, 45.00277546400008], [9.129964160000043, 45.00269552900005], [9.129992756000036, 45.002581236000026], [9.130011869000043, 45.00250651700003], [9.130034291000072, 45.002423134000026], [9.130059881000022, 45.00232951100003], [9.13007996500005, 45.002254693000054], [9.130099591000032, 45.002183537000064], [9.129685531000064, 45.00212695100004], [9.129308826000056, 45.00212072800008], [9.128935881000075, 45.00227049400007], [9.128378123000061, 45.00257268300004], [9.128034204000073, 45.00274720300007], [9.128177704000052, 45.002752884000074], [9.128243940000061, 45.00278445600003], [9.128450138000062, 45.00276366600008], [9.12865380900007, 45.002770749000035], [9.128667779000068, 45.00287846200007], [9.12812328700005, 45.002949052000076], [9.128142267000044, 45.00302495700004], [9.127842358000066, 45.003057762000026], [9.127833328000065, 45.00286230900008], [9.12830137700007, 45.00255342100007], [9.128888033000067, 45.00221613100007], [9.129273840000053, 45.002065353000035], [9.129710119000038, 45.002081083000064], [9.130100643000048, 45.00215743700005], [9.130123513000058, 45.00206637300005], [9.130152083000041, 45.00194125500008], [9.130181175000075, 45.00180206300007], [9.130203608000045, 45.001539070000035], [9.130196200000057, 45.00145306300004], [9.130181741000058, 45.00131697100005], [9.130173906000039, 45.001226142000064], [9.130161626000074, 45.00113217000006], [9.130151433000037, 45.00104163900005], [9.130137751000063, 45.000941959000045], [9.130126401000041, 45.00083007400008], [9.130117856000027, 45.00073156900004], [9.13010636000007, 45.00061702600004], [9.13009876500007, 45.000509270000066], [9.130087864000075, 45.00035083300003], [9.130110385000023, 45.00025022700004], [9.130152406000036, 45.00006181200007], [9.130186951000042, 45.000003707000076], [9.130270435000057, 44.999871735000056], [9.130323513000064, 44.99978861100004], [9.130420039000057, 44.99965859300005], [9.130522922000068, 44.999517741000034], [9.130653180000024, 44.999337884000056], [9.130741951000061, 44.99921417300004], [9.131007852000039, 44.998844580000025], [9.131209174000048, 44.99856432300004], [9.13144627500003, 44.99824072200005], [9.131529424000064, 44.99812620200004], [9.13160464200007, 44.998021926000035], [9.131684478000068, 44.997914233000074], [9.13177094200006, 44.997794329000044], [9.131878778000043, 44.99763910100006], [9.131936555000038, 44.99751043800006], [9.131945162000022, 44.99747342400008], [9.131964336000067, 44.997366456000066], [9.13196917700003, 44.99726029300007], [9.131970183000021, 44.99721495500006], [9.131972861000065, 44.997152852000056], [9.131961383000032, 44.99704016800007], [9.131943744000068, 44.996876074000056], [9.131923653000058, 44.99682483400005], [9.131835343000034, 44.99659591200003], [9.131769484000074, 44.99647893800005], [9.131679611000038, 44.99632105300003], [9.131560441000033, 44.99612908200004], [9.131458225000074, 44.99596456100005], [9.131428649000043, 44.99591696200008], [9.131342578000044, 44.995775998000056], [9.131309714000054, 44.99571869300007], [9.131273880000037, 44.995657323000046], [9.131245658000068, 44.995608410000045], [9.131190882000055, 44.99551228800004], [9.131127354000057, 44.995389275000036], [9.131075903000067, 44.995291706000046], [9.131040048000045, 44.99521997000005], [9.131010131000039, 44.995157936000055], [9.130959602000075, 44.99505826600006], [9.130944459000034, 44.99502744700004], [9.130908326000053, 44.994955513000036], [9.130848718000038, 44.99484837400007], [9.130825875000028, 44.99480641000008], [9.130773698000041, 44.994713499000056], [9.130712420000066, 44.994603803000075], [9.13067254400005, 44.99455293500006], [9.130658076000032, 44.994534187000056], [9.13064546000004, 44.99451635500003], [9.130469012000049, 44.99428915100003], [9.130435506000026, 44.99424772300006], [9.130021612000064, 44.99375008000004], [9.129942243000073, 44.99365394200004], [9.12991553300003, 44.993618455000046], [9.129729725000061, 44.99339322900005], [9.129582001000074, 44.99321738500004], [9.129460531000063, 44.99307463800005], [9.129348254000035, 44.99296313900004], [9.129190512000037, 44.99280818600005], [9.129089295000028, 44.99271720400003], [9.12885860700004, 44.99250564500005], [9.128826566000043, 44.99247459600008], [9.128724021000039, 44.992377316000045], [9.12871450700004, 44.99236747100008], [9.128715409000051, 44.99236691600004], [9.128777197000034, 44.992340194000064], [9.12881229900006, 44.99232499100003], [9.128825488000075, 44.99231934800008], [9.128831538000043, 44.99231672700006], [9.128831556000023, 44.992316757000026]], [[9.131444295000051, 44.99425212600005], [9.131615255000042, 44.99477274600008], [9.130999036000048, 44.99496831700003], [9.131162231000076, 44.99536937100004], [9.13134648700003, 44.99569865500007], [9.13147176700005, 44.99589426000006], [9.13190400600007, 44.996576668000046], [9.132019533000062, 44.99687237200004], [9.132050067000023, 44.99712211600007], [9.132711584000049, 44.997073519000025], [9.13279677600002, 44.99720450900003], [9.132859697000072, 44.997422329000074], [9.132832286000053, 44.99744539000005], [9.13200603000007, 44.99751543600007], [9.131968892000032, 44.99765188300006], [9.131411317000072, 44.99839300600007], [9.130617380000047, 44.99950817900003], [9.130348484000024, 44.99984329600005], [9.13020169300006, 45.00007375600006], [9.130164854000043, 45.00034483400003], [9.130160437000029, 45.000599933000046], [9.130200966000075, 45.00085498000004], [9.13066453500005, 45.00090300100004], [9.130655216000036, 45.00105021000007], [9.130240779000076, 45.00107017000005], [9.130278890000056, 45.00136064900005], [9.130635910000024, 45.00134429800005], [9.130815641000027, 45.001324606000026], [9.130924330000028, 45.00099533300005], [9.131202016000032, 45.00104249700007], [9.13111292900004, 45.001393353000026], [9.131307736000053, 45.00141438700007], [9.131396378000034, 45.00106692700007], [9.131834548000029, 45.00112768500003], [9.132398994000027, 45.00119257700004], [9.132838556000024, 45.00123989700006], [9.133091705000027, 45.00057706800004], [9.133419490000051, 44.99980077600003], [9.133821658000045, 44.99880473300004], [9.133963116000075, 44.99843609900006], [9.133801887000061, 44.99674629400005], [9.133618124000066, 44.99502462800007], [9.133505820000039, 44.99396895500007], [9.131439299000021, 44.99425124600003], [9.131444295000051, 44.99425212600005]], [[9.132419859000038, 45.001578736000056], [9.13234863100007, 45.002092548000064], [9.132480989000044, 45.002101252000045], [9.132697105000034, 45.00161738700007], [9.132419859000038, 45.001578736000056]]]}, "properties": {"OBJECTID": 68, "GisId": "{E54D90B7-73B7-483A-9C35-6893780CBA55}", "GisDescription": "STRADA MADONNA", "GisCode": "DCT09", "Shape_Length": 0.0734490025522742, "Shape_Area": 7.287363443430719e-06, "codice_distretto": "DCT09"}}, {"type": "Feature", "id": 69, "geometry": {"type": "Polygon", "coordinates": [[[9.26060596800005, 45.077066853000076], [9.260563030000071, 45.07855256100004], [9.260992412000064, 45.078710225000066], [9.260734782000043, 45.08038993400004], [9.259936134000043, 45.08050514700005], [9.259180423000032, 45.08023833800007], [9.259435905000032, 45.079330268000035], [9.259732178000036, 45.07861623400004], [9.260535120000043, 45.07595406300004], [9.256962669000075, 45.07497770100008], [9.253793837000046, 45.073270542000046], [9.252557219000039, 45.07274898500003], [9.252540044000057, 45.07046863000005], [9.250513365000074, 45.068831086000046], [9.246026365000034, 45.068423532000054], [9.245996114000036, 45.06831364100003], [9.246487140000056, 45.06746249500003], [9.24653276600003, 45.066568489000076], [9.247322944000075, 45.06626881300008], [9.247655364000025, 45.06592630400007], [9.247923714000024, 45.06506687000007], [9.247756668000022, 45.06361244200008], [9.250254343000051, 45.06071494300005], [9.249100257000066, 45.05977097500005], [9.249518307000073, 45.05922670700005], [9.24848200200006, 45.05827319200006], [9.247800749000021, 45.05779496900004], [9.249006834000056, 45.05751457300005], [9.249075534000042, 45.05758602000003], [9.249034505000054, 45.05768712400004], [9.249752048000062, 45.058247239000025], [9.250774930000034, 45.05892125500003], [9.250902790000055, 45.05882824200006], [9.252526805000059, 45.05842652800004], [9.253866473000073, 45.058750056000065], [9.255778651000071, 45.05925152100008], [9.257083970000053, 45.05910593500005], [9.257604952000065, 45.059134243000074], [9.257948457000055, 45.05922321300005], [9.258532415000047, 45.05949214200007], [9.258612566000068, 45.05965996900005], [9.258277650000025, 45.06012705300003], [9.258655504000046, 45.06078520800003], [9.259206723000034, 45.06076359900004], [9.259301186000073, 45.060708248000026], [9.259094009000023, 45.06042769800007], [9.259373108000034, 45.05964215000006], [9.260635488000048, 45.05859574900006], [9.260706120000066, 45.05854357800007], [9.26137772900006, 45.059410925000066], [9.261884640000062, 45.06025685100008], [9.262342751000062, 45.061350693000065], [9.262943590000077, 45.06199399900004], [9.263332896000065, 45.062514306000025], [9.26341195200007, 45.06253918600004], [9.263777574000073, 45.062333599000056], [9.263976765000052, 45.062261060000026], [9.26437880100002, 45.06215036100008], [9.264403156000071, 45.06212857100007], [9.26456055500006, 45.06191637200004], [9.264678096000068, 45.061731225000074], [9.264884213000073, 45.06147764600007], [9.265827563000073, 45.06130634300007], [9.266288947000021, 45.06102076800005], [9.267589315000066, 45.06201733600005], [9.269551587000024, 45.06707446300004], [9.271097360000056, 45.068639278000035], [9.270951370000034, 45.068903109000075], [9.270312665000063, 45.06884890200007], [9.270151110000029, 45.06869879200008], [9.269993850000048, 45.068680217000065], [9.269465710000077, 45.06880455100003], [9.268890340000041, 45.068947080000044], [9.268222652000077, 45.069216975000074], [9.267454060000034, 45.06934130700006], [9.266904452000063, 45.06929885200003], [9.266423546000055, 45.069159357000046], [9.265873938000027, 45.069747661000065], [9.265839587000073, 45.069996325000034], [9.267621519000045, 45.07128814400005], [9.266900158000055, 45.07230095700004], [9.266548066000041, 45.07296807000006], [9.266359138000041, 45.074981491000074], [9.267617225000038, 45.07735035300004], [9.267604881000068, 45.07744851700005], [9.266462727000032, 45.07732647500006], [9.265562100000068, 45.077101722000066], [9.26433353300007, 45.076812156000074], [9.263623980000034, 45.076659792000044], [9.263165616000038, 45.076590054000064], [9.262044395000032, 45.07643617300005], [9.26060596800005, 45.077066853000076]]]}, "properties": {"OBJECTID": 69, "GisId": "{A0E430A7-66DF-4E42-A2C1-466381280A5D}", "GisDescription": "SERBATOI BRONI", "GisCode": "DBRN01", "Shape_Length": 0.09823184881522884, "Shape_Area": 0.0002878573086298276, "codice_distretto": "DBRN01"}}, {"type": "Feature", "id": 70, "geometry": {"type": "Polygon", "coordinates": [[[8.924260694000054, 45.19975896400007], [8.924266551000073, 45.19973351700003], [8.924370518000046, 45.199680674000035], [8.925258385000063, 45.19942229900005], [8.926865018000058, 45.19892534000007], [8.928387068000063, 45.19845320400003], [8.929060055000036, 45.19820213500003], [8.929465295000057, 45.19801812600008], [8.929951677000076, 45.19771713600005], [8.930226583000035, 45.19755047500007], [8.930159891000073, 45.19736866400007], [8.930279944000063, 45.19725142900006], [8.930469967000022, 45.19723937400005], [8.93102641400003, 45.19723473000005], [8.932210053000063, 45.19696651900006], [8.933411921000072, 45.19691182400004], [8.933618954000053, 45.19680051700004], [8.933794872000021, 45.196947529000056], [8.933927566000023, 45.19716610300003], [8.933995123000045, 45.197370944000056], [8.934160435000024, 45.19755530000003], [8.934255206000046, 45.19783174400004], [8.934438134000061, 45.198011129000065], [8.935558350000065, 45.19777023700004], [8.935698471000023, 45.19843763500006], [8.93658256200007, 45.19834351000003], [8.93636857100006, 45.19758892200008], [8.936629276000076, 45.19750689600005], [8.936874929000055, 45.198296362000065], [8.936776003000034, 45.198580167000046], [8.936860459000059, 45.198642463000056], [8.937033143000065, 45.19854046900008], [8.937188086000049, 45.19855798400005], [8.937335909000069, 45.198645215000056], [8.937649325000052, 45.19867277700007], [8.937892270000077, 45.19873266900004], [8.937948830000039, 45.198538480000025], [8.938350580000076, 45.19830214800004], [8.93989036000005, 45.19760825900005], [8.94158522500004, 45.196752579000076], [8.941743794000047, 45.19666551100005], [8.94172271900004, 45.19661072000008], [8.941645391000066, 45.196463771000026], [8.941680863000045, 45.19621478900007], [8.941835991000062, 45.19604554800003], [8.94218827800006, 45.19593118700004], [8.94271285700006, 45.19608583200005], [8.94271603900006, 45.19642447200005], [8.942648919000021, 45.196631108000076], [8.942595992000065, 45.196730682000066], [8.942560657000058, 45.19684769400004], [8.942599199000028, 45.19704442300008], [8.942384204000064, 45.197208655000054], [8.942095462000054, 45.19716617900008], [8.942007489000048, 45.19709392400006], [8.94172917800006, 45.19718342200008], [8.941394800000069, 45.19699650200005], [8.940091040000027, 45.197668125000064], [8.938794381000037, 45.19825756700004], [8.938635822000037, 45.19832720200003], [8.938399727000046, 45.19844908400006], [8.938216490000059, 45.19854111500007], [8.938071888000025, 45.19873027700004], [8.938036271000044, 45.199097531000064], [8.938041457000054, 45.19918717400003], [8.93803250700006, 45.19932038400003], [8.938041132000023, 45.19948597400003], [8.93819118500005, 45.19955048400004], [8.938288897000064, 45.199569834000044], [8.938372962000074, 45.199589177000064], [8.93851380600006, 45.19962068900003], [8.93856642000003, 45.199683382000046], [8.938546183000028, 45.19969393100007], [8.93850425900007, 45.19990112000005], [8.93846891000004, 45.20002062000003], [8.938363209000045, 45.200060403000066], [8.938151972000071, 45.19998558900005], [8.93820855000007, 45.199776460000066], [8.938067688000046, 45.199761444000046], [8.937940866000076, 45.19979125500004], [8.937912398000037, 45.20006015900003], [8.937841844000047, 45.20016470100006], [8.937588138000024, 45.20027910200008], [8.937292226000068, 45.20033870000003], [8.936439758000063, 45.20047268900004], [8.935833994000063, 45.20045741000007], [8.934947157000067, 45.19983938900003], [8.934778291000043, 45.199674953000056], [8.934609210000076, 45.199699757000076], [8.934475297000063, 45.19976939900005], [8.93405260700007, 45.19981895600006], [8.933404348000067, 45.20000782000005], [8.933066065000048, 45.20015702200004], [8.932960348000051, 45.20020676000007], [8.932952988000068, 45.200475675000064], [8.932558302000075, 45.20066468200008], [8.931980362000047, 45.20094321900007], [8.932008396000072, 45.201062756000056], [8.932078653000076, 45.201217177000046], [8.932247456000027, 45.20143141700004], [8.932613696000033, 45.201476453000055], [8.932824785000037, 45.20167577800004], [8.932831541000041, 45.20191980100003], [8.932535428000051, 45.20213874600006], [8.932014325000068, 45.20199899800008], [8.931493834000037, 45.20135128800007], [8.93133881700004, 45.20139103500003], [8.931120323000073, 45.20149548300003], [8.93011270200003, 45.20175383000003], [8.929683255000043, 45.20155436700003], [8.929445546000068, 45.20153056500004], [8.92937155900006, 45.20154919400005], [8.929271092000022, 45.20162134200007], [8.929214554000055, 45.20177070700004], [8.929166821000024, 45.20192007700007], [8.92902401400005, 45.20205071300006], [8.928986996000049, 45.20207932500006], [8.928981582000063, 45.20218514600003], [8.929018437000025, 45.20228725900006], [8.928997112000047, 45.20244162500006], [8.928643083000054, 45.20248747000005], [8.928723803000025, 45.20271846800006], [8.928688463000071, 45.20281368800005], [8.928654012000038, 45.20290206100003], [8.928472556000031, 45.20295423700003], [8.928280574000041, 45.20297403700005], [8.92819600200005, 45.20300635400008], [8.928181849000055, 45.203057390000026], [8.928157049000049, 45.20317315900007], [8.92804602800004, 45.20323160400005], [8.927626746000044, 45.20334587800005], [8.927781393000032, 45.20360493600003], [8.928364560000034, 45.20340859400005], [8.928833092000048, 45.20334165700007], [8.928984490000062, 45.20338657100007], [8.929287143000067, 45.20359093800005], [8.929367771000045, 45.203899748000026], [8.929142152000054, 45.20405896700004], [8.928525467000043, 45.20429762200007], [8.92871885300002, 45.20456666200005], [8.929376602000048, 45.20530162000006], [8.929415422000034, 45.20524188400003], [8.929471920000026, 45.20512737900003], [8.929489750000073, 45.204950600000075], [8.929571013000043, 45.20474647200007], [8.929779022000048, 45.20458724000008], [8.93003963700005, 45.204612299000075], [8.930211941000039, 45.20484646400007], [8.930060112000035, 45.205150151000055], [8.929520945000036, 45.20535897900004], [8.929492651000032, 45.20545358100003], [8.93070973700003, 45.20679394200005], [8.93138151100004, 45.207626006000055], [8.931882883000071, 45.208106875000055], [8.932352394000077, 45.208728406000034], [8.932711942000026, 45.208513235000055], [8.932900547000031, 45.20838386600008], [8.933050239000067, 45.20839515900008], [8.933168339000076, 45.208313058000044], [8.933522531000051, 45.20815515100003], [8.93373562100004, 45.20817145900003], [8.933709097000076, 45.208262329000036], [8.933747676000053, 45.20840677100006], [8.933545218000063, 45.20833444300007], [8.932438563000062, 45.20884050800004], [8.932507157000032, 45.20892022800007], [8.932497470000044, 45.208984705000034], [8.932450116000041, 45.20899556200004], [8.932320401000027, 45.209072149000065], [8.931756602000064, 45.20840186300006], [8.928999010000041, 45.205163191000054], [8.92854092400006, 45.20531479500005], [8.927769320000039, 45.20549109900003], [8.927618815000073, 45.20473902600003], [8.92753784100006, 45.204709094000066], [8.92674168600007, 45.20480818600004], [8.92600898400002, 45.20486498400004], [8.925613729000077, 45.20493420400004], [8.925446823000073, 45.20345559300006], [8.925087569000027, 45.20345037700008], [8.92512933200004, 45.203833864000046], [8.924762918000056, 45.203913303000036], [8.924888434000025, 45.20488946300003], [8.925369543000045, 45.204851861000066], [8.92553244000004, 45.20566147200003], [8.925581589000046, 45.20578600400006], [8.925648357000057, 45.20590556700006], [8.925637619000042, 45.20603753000006], [8.92554595100006, 45.206104700000026], [8.925246454000046, 45.20617920400008], [8.925063254000065, 45.20620896400004], [8.925126581000029, 45.206266275000075], [8.925348547000056, 45.20622160100004], [8.92564099200007, 45.206152071000076], [8.925957934000053, 45.20620456800003], [8.925897631000055, 45.20653071800007], [8.925689678000026, 45.20663267200007], [8.925090743000055, 45.20673437000005], [8.924788063000051, 45.20654991200007], [8.924708477000024, 45.20546671200003], [8.924537814000075, 45.20400746300004], [8.92424690200005, 45.20292910200004], [8.923878930000058, 45.20153944100008], [8.92335481300006, 45.201041091000036], [8.92303775800002, 45.20109565800004], [8.922022929000036, 45.20145103900006], [8.922354580000047, 45.20296767200006], [8.922361421000062, 45.20311707600007], [8.922425654000051, 45.20321217900005], [8.922310648000064, 45.20319636200003], [8.922236225000063, 45.203153318000034], [8.922220925000033, 45.20311901600007], [8.922199523000074, 45.20305463300008], [8.922218026000053, 45.20301986900006], [8.92165532200005, 45.20304998700004], [8.921627665000074, 45.20267148900007], [8.922078598000041, 45.20259709700008], [8.92190337900007, 45.20194957900003], [8.921756318000064, 45.20131702000003], [8.923052964000021, 45.200919501000044], [8.923602774000074, 45.20063850100007], [8.92335315300005, 45.20030965400008], [8.923259900000062, 45.20025107600003], [8.923101768000038, 45.19998578500008], [8.923241007000058, 45.199896239000054], [8.923374869000043, 45.19987516400005], [8.923524436000037, 45.19996241400003], [8.923679378000031, 45.19997994800008], [8.92377609600004, 45.20008210200007], [8.923927571000036, 45.20005854800007], [8.924058051000031, 45.19993289000007], [8.924015928000074, 45.199827037000034], [8.92414102400005, 45.19977700900006], [8.924254157000064, 45.19978393200006], [8.924260694000054, 45.19975896400007]]]}, "properties": {"OBJECTID": 70, "GisId": "{15E769CE-8577-4DD5-BE45-1BC68E622C46}", "GisDescription": "STAZIONE FERROVIARIA NORD", "GisCode": "DGR06", "Shape_Length": 0.09679642992613201, "Shape_Area": 6.196779862673566e-05, "codice_distretto": "DGR06"}}, {"type": "Feature", "id": 71, "geometry": {"type": "Polygon", "coordinates": [[[8.585231519000047, 45.29128009000004], [8.585212186000035, 45.29107956200005], [8.58541021000002, 45.29093827400004], [8.58547674500005, 45.29022852600008], [8.58542656700007, 45.28984369300008], [8.585352010000065, 45.289722124000036], [8.584465601000034, 45.28971594400008], [8.584472700000049, 45.289663405000056], [8.584476890000076, 45.28960504200006], [8.585184542000036, 45.288546996000036], [8.585312438000074, 45.28882555900003], [8.585870284000066, 45.288831479000066], [8.586134065000067, 45.288804871000025], [8.58612327000003, 45.28827230400003], [8.586207628000068, 45.28819864800005], [8.586179753000067, 45.28799737000003], [8.586063481000053, 45.287849023000035], [8.585933925000063, 45.287798260000045], [8.585993890000054, 45.287620968000056], [8.58619950800005, 45.287586212000065], [8.586213823000037, 45.287346625000055], [8.586373274000039, 45.28732057600007], [8.58642975600003, 45.287045642000066], [8.586541665000027, 45.28721764000005], [8.586960978000036, 45.287189572000045], [8.587046713000063, 45.287503481000044], [8.587799601000029, 45.287133432000076], [8.58789529400002, 45.28708570100008], [8.58803368200006, 45.28707436700006], [8.588047742000072, 45.28702769200004], [8.588135740000041, 45.28701556500005], [8.588129218000063, 45.28697781600005], [8.58813542100006, 45.28691497500006], [8.588117932000046, 45.286836556000026], [8.588085618000036, 45.28669166000003], [8.588180882000074, 45.286677628000064], [8.588221167000029, 45.28661268600007], [8.588174084000059, 45.28645867600005], [8.588045414000021, 45.28642528600005], [8.588048082000057, 45.28620674900003], [8.588094246000026, 45.286198040000045], [8.588310837000051, 45.286093795000056], [8.588405774000023, 45.28600538300003], [8.588662701000032, 45.28582879800007], [8.588962947000027, 45.285747041000036], [8.589323958000023, 45.285665503000075], [8.589252295000051, 45.285433004000026], [8.58929960000006, 45.28526601900006], [8.59078955800004, 45.28496368400005], [8.590700423000044, 45.28453734200008], [8.58914856900003, 45.28459842800004], [8.589176966000025, 45.28425673300006], [8.58886988200004, 45.284216392000076], [8.588722674000053, 45.28390895500007], [8.58870931000007, 45.28343850700003], [8.590308565000043, 45.28308331800008], [8.591163993000066, 45.28301242100008], [8.591190625000024, 45.28280542200008], [8.59131102200007, 45.28237983100007], [8.591425230000027, 45.282232314000055], [8.591803414000026, 45.281505878000075], [8.591911485000026, 45.28104473900004], [8.592470181000067, 45.28085739100004], [8.592677970000068, 45.28110072800007], [8.592394875000025, 45.281425152000054], [8.592417370000021, 45.281795044000035], [8.59253614100004, 45.28276585300006], [8.593034956000054, 45.28274988000004], [8.593192531000057, 45.28298416300004], [8.59361621100004, 45.28292650100008], [8.593662773000062, 45.28286158000003], [8.594527460000052, 45.28266643400008], [8.59555532500002, 45.28250736100006], [8.595766105000052, 45.28292229600004], [8.595695615000068, 45.283111390000045], [8.595681513000045, 45.28362168000007], [8.595737562000068, 45.28369584100005], [8.596663723000063, 45.283697636000056], [8.59695640700005, 45.283496752000076], [8.597018619000039, 45.28373660900007], [8.597079396000026, 45.28392178900003], [8.59703085600006, 45.284079837000036], [8.59699682300004, 45.28415146100008], [8.596583090000024, 45.284135208000066], [8.596517883000047, 45.28417048000006], [8.596504849000041, 45.28423552000004], [8.596506446000035, 45.284305790000076], [8.596573885000055, 45.28439922000007], [8.596561511000061, 45.28466692000006], [8.59621746700003, 45.284721915000034], [8.59542869300003, 45.28484633900007], [8.594747034000022, 45.28523000600006], [8.594584991000033, 45.28532706100003], [8.594649643000025, 45.28537018900005], [8.594840759000022, 45.285310217000074], [8.594983890000037, 45.285220492000064], [8.595137086000022, 45.28518849100004], [8.595186555000055, 45.28530404700007], [8.595020291000026, 45.285405526000034], [8.594776453000065, 45.28551264600003], [8.594896250000033, 45.28575714600004], [8.595182046000048, 45.28564351800003], [8.595158254000069, 45.28560053500007], [8.595126290000053, 45.285527940000065], [8.595204446000025, 45.28544020100003], [8.595294466000041, 45.28545235400003], [8.595369575000063, 45.28549847700003], [8.595408962000022, 45.285558526000045], [8.595429281000065, 45.28564809200003], [8.595377127000063, 45.285762549000026], [8.59537695900002, 45.285786216000076], [8.595388258000071, 45.285818060000054], [8.595464200000038, 45.28589451000005], [8.595569299000033, 45.285996210000064], [8.595631784000034, 45.286049684000034], [8.59566695500007, 45.28611341700008], [8.595535160000054, 45.286229810000066], [8.595412829000054, 45.28634106000004], [8.595260773000064, 45.28650693600008], [8.595266280000033, 45.28655201000004], [8.595294669000054, 45.28660246700008], [8.595330661000048, 45.28669800700004], [8.595398076000038, 45.28679513600008], [8.595516856000074, 45.28688874900007], [8.595689108000045, 45.28697718900003], [8.595740922000061, 45.287017140000046], [8.595785080000041, 45.28703688300004], [8.595626354000046, 45.28718276600006], [8.595634021000023, 45.287283382000055], [8.595745374000046, 45.28775898400005], [8.595803796000041, 45.288015839000025], [8.596034412000051, 45.28800130800005], [8.59602923600005, 45.28802326400006], [8.596029173000034, 45.28803827100006], [8.595860278000032, 45.28806670400007], [8.596095493000064, 45.28895434200007], [8.596308058000034, 45.28893715800007], [8.596307789000036, 45.28893808200007], [8.596311327000024, 45.28896454900007], [8.596303282000065, 45.28898253600005], [8.596107207000045, 45.28900181200004], [8.59609867100005, 45.289023231000044], [8.596230767000065, 45.28973786700004], [8.596322731000043, 45.28978583300005], [8.596480647000021, 45.29071535700007], [8.596676750000029, 45.290841046000025], [8.596710737000024, 45.29104813400005], [8.596755005000034, 45.291183767000064], [8.596961294000039, 45.29177114700008], [8.597135999000045, 45.29183523800003], [8.597433144000036, 45.29189841400006], [8.597722848000046, 45.29331063300003], [8.599363092000033, 45.29311817900003], [8.599445033000052, 45.29321328900005], [8.599350020000031, 45.29348646500006], [8.599346916000059, 45.29392726900005], [8.599412230000041, 45.29417601000006], [8.59945986200006, 45.29455486300003], [8.599689260000048, 45.29531304000005], [8.599752996000063, 45.29578662000006], [8.599816731000033, 45.29626020200004], [8.600331426000025, 45.296983873000045], [8.600427788000047, 45.29758774100003], [8.599550906000047, 45.298294706000036], [8.597951249000062, 45.29924763500003], [8.598166301000049, 45.29966257900003], [8.598378515000036, 45.300479867000035], [8.597536440000056, 45.30099759500007], [8.595978614000046, 45.300767251000025], [8.595483991000037, 45.29958210800004], [8.594618500000024, 45.29632470700005], [8.593847743000026, 45.29625096500007], [8.59297435700006, 45.296460867000064], [8.593102650000048, 45.29727786600006], [8.592614801000025, 45.29750097200008], [8.592313674000025, 45.297405225000034], [8.592069383000023, 45.29639846900005], [8.591901716000052, 45.29639787000008], [8.591744873000039, 45.29722568500006], [8.590872655000055, 45.29726990000006], [8.590659709000022, 45.296570934000044], [8.590529154000023, 45.29607344100003], [8.589941728000042, 45.29615417100007], [8.589432241000054, 45.29705171900008], [8.58814265500007, 45.29684590000005], [8.587047748000032, 45.29754014800005], [8.587025827000048, 45.29825010500008], [8.58558006000004, 45.29876556100004], [8.585216011000057, 45.29810154000006], [8.585779492000029, 45.296707180000055], [8.585748113000022, 45.29641121800006], [8.584258565000027, 45.29603895400004], [8.584449046000032, 45.295211272000074], [8.584830252000074, 45.29352040500004], [8.585435716000063, 45.29326225700004], [8.58521468500004, 45.29253366700004], [8.584699557000022, 45.292475584000044], [8.584627623000074, 45.291520897000055], [8.58519762000003, 45.29149665600005], [8.585231519000047, 45.29128009000004]], [[8.597519988000045, 45.298767859000066], [8.59823510700005, 45.29841535800006], [8.59902758800007, 45.29779094500003], [8.599097699000026, 45.29735925300008], [8.59934277800005, 45.29708201500006], [8.599344694000024, 45.29680984100003], [8.599162345000025, 45.29651335300008], [8.598012783000058, 45.29665723800008], [8.597269638000057, 45.29623451400005], [8.597150885000076, 45.29524596200008], [8.597265185000026, 45.294494910000026], [8.597284380000076, 45.29415179400007], [8.596579916000053, 45.29419072600007], [8.596116752000057, 45.29448493800004], [8.595737707000069, 45.29473802600006], [8.595852548000039, 45.29509345100007], [8.596395352000059, 45.29539121900007], [8.596701755000026, 45.29592482800007], [8.59663858500005, 45.296557721000056], [8.596820082000022, 45.29697254900003], [8.597237619000055, 45.29720478400003], [8.597225968000032, 45.29766626700007], [8.596887903000038, 45.29804967600006], [8.597070330000065, 45.29833433500005], [8.597242615000027, 45.29886747000006], [8.597519988000045, 45.298767859000066]]]}, "properties": {"OBJECTID": 71, "GisId": "{4D562BB5-3024-445D-84A7-FD61266DF20F}", "GisDescription": "ROBBIO CENTRO", "GisCode": "DRB03", "Shape_Length": 0.10300533120748998, "Shape_Area": 0.0001633351037269093, "codice_distretto": "DRB03"}}, {"type": "Feature", "id": 72, "geometry": {"type": "Polygon", "coordinates": [[[9.006159773000036, 45.002049052000075], [9.006169341000032, 45.00204032000005], [9.006181906000052, 45.00204923300004], [9.006390381000074, 45.00216939400008], [9.006727248000061, 45.00235072900006], [9.00693480600006, 45.002462456000046], [9.007018071000061, 45.00250727700006], [9.007226923000076, 45.002619699000036], [9.00774391300007, 45.00293994300006], [9.007779711000069, 45.00291649500008], [9.007814739000025, 45.002928704000055], [9.00804781100004, 45.00307070400004], [9.008321508000051, 45.00323803800006], [9.008489169000029, 45.003340233000074], [9.008495539000023, 45.003344629000026], [9.008511764000048, 45.00335657900007], [9.008566290000033, 45.00340653400008], [9.008594863000042, 45.00341227100006], [9.008674030000066, 45.003347302000066], [9.009058890000063, 45.00331601100004], [9.009045073000038, 45.003289392000056], [9.008973432000062, 45.003049082000075], [9.00849147100007, 45.00289281500005], [9.008365540000057, 45.00275779000003], [9.009177215000022, 45.00271765400004], [9.009551767000062, 45.002834851000046], [9.01022094600006, 45.00269021300005], [9.010444026000073, 45.00275857500003], [9.010532194000064, 45.00299106800003], [9.011997275000056, 45.00292254000004], [9.011903895000046, 45.00414952800003], [9.010681158000068, 45.00434112000005], [9.010383800000056, 45.00475535000004], [9.00948599800006, 45.00479841100008], [9.00950253800005, 45.00490000700006], [9.009970734000035, 45.004966395000054], [9.009816534000038, 45.005114897000055], [9.009618247000049, 45.005142266000064], [9.009923112000024, 45.005790131000026], [9.009945412000036, 45.005846090000034], [9.01002531000006, 45.00602241200005], [9.010643781000056, 45.00699338700008], [9.010966108000048, 45.00748473400006], [9.011274664000041, 45.00795165800008], [9.011654860000021, 45.008539710000036], [9.011732019000021, 45.00874289500007], [9.01182295600006, 45.00897538600003], [9.011891853000066, 45.009174665000046], [9.012153674000047, 45.009973735000074], [9.012319060000038, 45.01057743600006], [9.01232735700006, 45.01073764600005], [9.012459577000072, 45.01079624500005], [9.012528441000029, 45.010827498000026], [9.012696457000061, 45.01084311000005], [9.01282042500003, 45.010946646000036], [9.012903183000049, 45.01151714200006], [9.013203665000049, 45.01176881300006], [9.014016477000041, 45.01165062100006], [9.014173253000024, 45.01199099400003], [9.015272003000064, 45.011829455000054], [9.016450775000067, 45.01150496300005], [9.016279900000029, 45.01112986100003], [9.01653312700006, 45.01053978300007], [9.016703863000032, 45.01043034600008], [9.016709267000067, 45.010070848000055], [9.016791793000039, 45.00972306300008], [9.016709083000023, 45.00943782200005], [9.016483064000056, 45.00884390500005], [9.01604786300004, 45.00871892400005], [9.014301845000034, 45.00932873700003], [9.014009859000055, 45.00917637800006], [9.014020825000046, 45.00897318400007], [9.013994894000064, 45.00886984200008], [9.01449102600003, 45.00881413600007], [9.01484900500003, 45.00854837500003], [9.01499559900003, 45.00812121000007], [9.015419679000047, 45.00788279200003], [9.015882327000043, 45.00769125700003], [9.016146649000063, 45.00741769000007], [9.01579384400003, 45.00642521700007], [9.015716593000036, 45.00592505900005], [9.015661425000076, 45.00560464600005], [9.015617277000047, 45.005299861000026], [9.015518052000061, 45.005010714000036], [9.015308653000034, 45.00465906100004], [9.016322193000065, 45.004877744000055], [9.017236754000066, 45.00562786300003], [9.016950480000048, 45.00612807500005], [9.016796272000022, 45.006198434000055], [9.016598178000038, 45.00689401100004], [9.016829852000058, 45.00801154200008], [9.017061467000076, 45.00890243400005], [9.017149699000072, 45.00923065600006], [9.017953946000034, 45.009261793000064], [9.018141336000042, 45.00958218400007], [9.017414289000044, 45.00983238100008], [9.017634735000058, 45.01017621300008], [9.017767052000067, 45.01053569000004], [9.01770098000003, 45.01063729600003], [9.018494261000058, 45.01077002800008], [9.018516400000067, 45.011090445000036], [9.018241045000025, 45.01133275800004], [9.018108962000042, 45.01173135100004], [9.018450562000055, 45.01191886000004], [9.018748051000046, 45.01197351800005], [9.018946464000066, 45.012270460000025], [9.018638059000068, 45.012536225000076], [9.01832964700003, 45.012786359000074], [9.019255753000039, 45.01465402200006], [9.019663685000069, 45.01543546600004], [9.019839987000069, 45.01546669600003], [9.019928080000057, 45.01531819400003], [9.020115331000056, 45.01515404300005], [9.020335708000061, 45.01520089400003], [9.020512040000028, 45.01531809000005], [9.022186463000025, 45.01446592800005], [9.022615945000041, 45.01391097000004], [9.023794760000044, 45.01368409100007], [9.024103448000062, 45.01413730400003], [9.024698202000025, 45.01364482400004], [9.025205110000059, 45.01384790600008], [9.025348413000074, 45.014011992000064], [9.025888319000046, 45.01408220800005], [9.025326771000039, 45.01490292200003], [9.026175009000042, 45.01457449500003], [9.024952276000022, 45.015176534000034], [9.02446748400007, 45.015184454000064], [9.023288584000056, 45.01527066700004], [9.02187845800006, 45.015771114000074], [9.021019078000052, 45.01588068700005], [9.020732683000062, 45.01609956300007], [9.020236940000075, 45.01631847600004], [9.019763190000049, 45.01642797000005], [9.019443670000044, 45.01645928500005], [9.01851789400007, 45.015724817000034], [9.018385470000055, 45.01508399900007], [9.018032679000044, 45.01440413800003], [9.017889253000021, 45.01378676500008], [9.017800844000021, 45.012927115000025], [9.01745906900004, 45.012176915000055], [9.017227620000028, 45.011903421000056], [9.016996211000048, 45.01176278200006], [9.013944565000031, 45.012505634000036], [9.014132008000047, 45.013091745000054], [9.015024444000062, 45.01310726200006], [9.01525593100007, 45.01354487800006], [9.014561925000066, 45.01399043200007], [9.015113239000073, 45.01559246100004], [9.015730543000075, 45.01663960500008], [9.01654626100003, 45.017889911000054], [9.016799811000055, 45.01830407500006], [9.017009362000067, 45.018968329000074], [9.017703539000024, 45.01894477800005], [9.019047734000026, 45.01864758800008], [9.01971979600006, 45.01840520500008], [9.019884981000075, 45.01813164600003], [9.019796714000051, 45.01778779600005], [9.019025338000063, 45.01756128900007], [9.019256607000045, 45.01720175400004], [9.020182108000029, 45.01706092200004], [9.02033662100007, 45.017779887000074], [9.020888029000048, 45.01909663500004], [9.021505048000051, 45.01900273900003], [9.021609855000065, 45.019342678000044], [9.021417045000021, 45.01939741900003], [9.021053469000037, 45.019526436000035], [9.021218935000036, 45.02001875900004], [9.023158163000062, 45.01972922200008], [9.02304255200005, 45.019948069000066], [9.021004176000076, 45.02032358900004], [9.02085530200003, 45.02000319500007], [9.020386638000048, 45.01899903700007], [9.020237811000072, 45.01879196200008], [9.020017401000075, 45.018694313000026], [9.020022982000057, 45.01889750400005], [9.019885266000074, 45.018956142000036], [9.019538168000054, 45.01894057100003], [9.019510586000024, 45.01883507200006], [9.017059091000021, 45.019456767000065], [9.017528037000034, 45.02156287200006], [9.01770990500006, 45.02172305300007], [9.018288346000077, 45.02148850800006], [9.01866308600006, 45.02174634700003], [9.019820050000021, 45.021554681000055], [9.01988084800007, 45.022109545000035], [9.01962743300004, 45.02219946200006], [9.01964404100005, 45.02243000500005], [9.019589016000054, 45.02264102300006], [9.019060016000026, 45.02245355000008], [9.018674196000063, 45.022023782000076], [9.01832709000007, 45.022043376000056], [9.017902895000077, 45.02220756000003], [9.018536745000063, 45.02293035800005], [9.018933460000028, 45.02296155300007], [9.019148444000052, 45.023270214000036], [9.018614055000057, 45.023461773000065], [9.019292112000073, 45.02449716400008], [9.02063643200006, 45.02420776900004], [9.021313991000056, 45.02377781400003], [9.021523510000065, 45.02416071500005], [9.021424367000066, 45.02425842300005], [9.02142449400003, 45.02459838000004], [9.02096180600006, 45.025000945000045], [9.019573362000074, 45.025212199000066], [9.019926172000055, 45.02570058200007], [9.023694926000076, 45.02541070400008], [9.023970961000032, 45.02668841700006], [9.020417076000058, 45.027134569000054], [9.020830473000046, 45.02750180500004], [9.022968327000058, 45.02722005100003], [9.023895270000025, 45.030173973000046], [9.025196332000064, 45.03151789100008], [9.025152692000063, 45.03253386400007], [9.025616183000068, 45.033862329000044], [9.026278035000075, 45.03506570500008], [9.028768850000063, 45.034799391000035], [9.031524199000046, 45.034595471000046], [9.031701247000058, 45.035861468000064], [9.03013660800002, 45.03679970400003], [9.03099689100003, 45.03781543600007], [9.031283866000024, 45.03853434700005], [9.030115901000045, 45.03934743100007], [9.029409742000041, 45.03797215800006], [9.029321235000054, 45.03733134300006], [9.028968276000057, 45.03684689700003], [9.027976047000038, 45.036378238000054], [9.026653345000057, 45.036284773000034], [9.026477704000058, 45.03783220400004], [9.027403864000064, 45.038410302000045], [9.02751502600006, 45.04036404900006], [9.026721639000073, 45.040926924000075], [9.027627030000076, 45.044052745000045], [9.027848421000044, 45.045943943000054], [9.027297757000042, 45.04706944900005], [9.031642049000027, 45.04844378200005], [9.036890146000076, 45.04914556500006], [9.03935914300007, 45.048394493000046], [9.042114831000049, 45.047815194000066], [9.041035630000067, 45.04947238400007], [9.043592889000024, 45.048861860000045], [9.046547351000072, 45.048720023000044], [9.046019065000053, 45.04982997900004], [9.044652351000025, 45.05028379600003], [9.043042670000034, 45.050206263000064], [9.040661844000056, 45.050957383000025], [9.038434585000061, 45.05062992100005], [9.037353973000052, 45.05036456700003], [9.035347280000053, 45.050083863000054], [9.03173090200005, 45.04963165000004], [9.028268894000064, 45.049116764000075], [9.027651314000025, 45.04869490100003], [9.02515948000007, 45.048023380000075], [9.024894412000037, 45.04691369600005], [9.025047660000041, 45.04441283500006], [9.025068416000067, 45.04145872600003], [9.02508935000003, 45.03891100000004], [9.02469185600006, 45.03733243800008], [9.024029796000036, 45.03561325700008], [9.022089641000036, 45.03487902900008], [9.021240248000026, 45.034897744000034], [9.020671624000045, 45.03382804800003], [9.019554678000077, 45.03357816100004], [9.018606460000058, 45.034035618000075], [9.01812915100004, 45.03497871800005], [9.019652139000073, 45.040730377000045], [9.020373393000057, 45.04378855700003], [9.021676936000063, 45.044953141000065], [9.020941023000034, 45.04720743900003], [9.019599491000065, 45.05005584100007], [9.019433131000028, 45.05041675500007], [9.019005007000032, 45.05026246600005], [9.018905220000022, 45.05015126500007], [9.019047111000077, 45.04999005500008], [9.019128377000072, 45.04986793200004], [9.019308718000048, 45.04930521600005], [9.020214415000055, 45.04623959200006], [9.02070515400004, 45.04530407500005], [9.019664603000024, 45.04533587600008], [9.019019344000071, 45.04261002800007], [9.018895990000033, 45.04118779700008], [9.017911385000048, 45.03765292700007], [9.017522721000034, 45.03624192800004], [9.016761398000028, 45.03351457100007], [9.015944537000053, 45.03337662200005], [9.009871817000032, 45.034346381000034], [9.008108349000054, 45.03444811600008], [9.007369823000033, 45.033924555000056], [9.006928867000056, 45.03318214700005], [9.006476870000029, 45.03216621000007], [9.006190257000071, 45.031634799000074], [9.006234223000035, 45.03054068100005], [9.006427066000072, 45.03032184700004], [9.006757008000022, 45.03032353700007], [9.00730874900006, 45.030353055000035], [9.007700068000076, 45.030892272000074], [9.007777332000046, 45.031759743000066], [9.007722286000046, 45.03220520800005], [9.008108126000025, 45.03286946500003], [9.008516000000043, 45.033400863000054], [9.009265481000057, 45.03347895500008], [9.010323497000059, 45.03316626000003], [9.012913473000026, 45.03279087200008], [9.013376309000023, 45.03250947500004], [9.014599617000044, 45.03224361200006], [9.015205839000032, 45.032423280000046], [9.015988372000038, 45.032477879000055], [9.016473322000024, 45.03250125500006], [9.017288792000045, 45.03212600900008], [9.019096163000029, 45.03174278200004], [9.020396564000066, 45.031437768000046], [9.021134907000032, 45.031226626000034], [9.021542616000033, 45.03103117200004], [9.01994379000007, 45.02883541700004], [9.019518890000029, 45.02706145900004], [9.019050282000023, 45.02633082600005], [9.018879342000048, 45.02594400500004], [9.018642186000022, 45.025256315000036], [9.018912104000037, 45.025037447000045], [9.018090707000056, 45.02373636300007], [9.017285825000044, 45.02226724600007], [9.016349127000069, 45.02210717400004], [9.01587504500003, 45.02121240900004], [9.016084216000024, 45.02052074200003], [9.016530309000075, 45.01988765300007], [9.016199308000068, 45.01836179800006], [9.01530649600005, 45.01724435800003], [9.014314606000028, 45.01633011700005], [9.014358505000075, 45.01563456500003], [9.014049797000041, 45.01482183000007], [9.013454706000061, 45.014313919000074], [9.011724915000059, 45.014423521000026], [9.01066716500003, 45.01426732200008], [9.009256849000053, 45.01411895800004], [9.008077866000065, 45.01362669300005], [9.00731759200005, 45.01325161900007], [9.008011535000037, 45.01201678100006], [9.009895457000027, 45.01162587700003], [9.010336105000022, 45.01136012400008], [9.01071059900005, 45.010852105000026], [9.011769280000067, 45.00912827500008], [9.011702442000058, 45.00888747800008], [9.011520584000039, 45.00849087800003], [9.011279519000027, 45.00812554500004], [9.010661024000058, 45.00714578100008], [9.009708250000074, 45.005637411000066], [9.00924778600006, 45.004876583000055], [9.009154711000065, 45.00465193500003], [9.009059066000077, 45.00432141200008], [9.008948136000072, 45.00391339000004], [9.008833822000042, 45.00375611900006], [9.00853561200006, 45.00342619600008], [9.008266431000038, 45.00324524600006], [9.007753476000062, 45.00301088900005], [9.006129930000043, 45.00207707800007], [9.006159773000036, 45.002049052000075]]]}, "properties": {"OBJECTID": 72, "GisId": "{A7400C4F-F022-49E3-BC21-AC979735FE65}", "GisDescription": "ORIOLO", "GisCode": "DVH04", "Shape_Length": 0.3460877267678347, "Shape_Area": 0.0002134346704690308, "codice_distretto": "DVH04"}}, {"type": "Feature", "id": 73, "geometry": {"type": "Polygon", "coordinates": [[[9.038323301000048, 44.92537964700006], [9.038304896000056, 44.925388078000026], [9.038225447000059, 44.92534006300008], [9.037677945000041, 44.92601579900003], [9.037270183000032, 44.92613616300008], [9.037134234000064, 44.926132265000035], [9.037196319000032, 44.92632277300004], [9.037037287000032, 44.92637801300003], [9.036854150000067, 44.92634128000003], [9.03691507600007, 44.92616781400005], [9.037059317000057, 44.926120463000075], [9.037014886000065, 44.92605937700006], [9.036884439000062, 44.92598255100006], [9.036832337000021, 44.92585593300004], [9.036831575000065, 44.92574851400008], [9.036813535000022, 44.925739158000056], [9.036795682000047, 44.92602101400007], [9.03672225500003, 44.926170832000025], [9.036709963000021, 44.92647288900008], [9.036612904000037, 44.92654584700006], [9.03627715600004, 44.926484853000034], [9.036107801000071, 44.926303577000056], [9.035957911000025, 44.92619127800003], [9.03595230600007, 44.92610061500005], [9.035957838000058, 44.926074991000064], [9.03519293200003, 44.92744309100004], [9.034166769000024, 44.92811747800005], [9.034216899000057, 44.92843676200005], [9.034450122000067, 44.92870474600005], [9.034095093000076, 44.92889800900008], [9.033778677000043, 44.92870100400006], [9.033917291000023, 44.928507807000074], [9.033867196000074, 44.92824765200004], [9.03380603900007, 44.92804663100003], [9.033972422000033, 44.927896786000076], [9.034405119000041, 44.92768379100005], [9.03460474600007, 44.927455096000074], [9.033761062000053, 44.92704932700008], [9.032540229000062, 44.92693536400003], [9.032712024000034, 44.92654506000008], [9.033100502000025, 44.926639555000065], [9.033111720000022, 44.92684847600003], [9.033638850000045, 44.926816787000064], [9.03407154200005, 44.92660773400007], [9.034393444000045, 44.92671801200004], [9.034526733000064, 44.92690718700004], [9.034493526000063, 44.92705305000004], [9.03443257500004, 44.92719892100007], [9.03453805600003, 44.92728561200005], [9.034760075000065, 44.92738409400005], [9.034871079000027, 44.92742348000007], [9.035042856000075, 44.92702528900003], [9.035275599000045, 44.92651670300006], [9.03562495600005, 44.92615393400007], [9.035868829000037, 44.92570841600008], [9.035674462000031, 44.925452249000045], [9.035629981000056, 44.925306410000076], [9.035585500000025, 44.92516057100005], [9.035546543000066, 44.92497136900005], [9.03560194000005, 44.924825499000065], [9.03568511800006, 44.92473874900003], [9.035518612000033, 44.924667846000034], [9.035085778000052, 44.92461279100007], [9.03448976900006, 44.92439981000007], [9.034453246000055, 44.92464846200005], [9.034159293000073, 44.924865358000034], [9.033804102000033, 44.92474326300004], [9.033737288000054, 44.92435302900003], [9.034103422000044, 44.924218893000045], [9.03418670900004, 44.924313475000076], [9.034652739000023, 44.92421478600005], [9.034941304000029, 44.92426988500006], [9.035246517000076, 44.92432892100004], [9.035657198000024, 44.924454936000075], [9.035845805000065, 44.92437603700006], [9.035834443000056, 44.92395030900008], [9.03588406700004, 44.923445721000064], [9.035783937000076, 44.92303578800005], [9.035629346000064, 44.922782072000075], [9.035517259000073, 44.92247217000005], [9.035306054000046, 44.92188094000005], [9.03508380300002, 44.921368553000036], [9.035194623000052, 44.921124116000044], [9.035319338000022, 44.92092500800004], [9.035341376000076, 44.92067074400006], [9.035260790000052, 44.92045001900004], [9.034947187000057, 44.92024513300004], [9.034561481000026, 44.920079687000054], [9.03415919400004, 44.92001870800004], [9.033759744000065, 44.92006218800003], [9.033482672000048, 44.92064962300003], [9.033815835000041, 44.92109890900008], [9.033694117000039, 44.92169024200007], [9.032973113000025, 44.92220290700004], [9.031324950000055, 44.92171850900007], [9.030348135000054, 44.92116689800008], [9.029926250000074, 44.920768870000074], [9.029798527000025, 44.92055209500006], [9.029299156000036, 44.92050886200008], [9.028738732000022, 44.92042228200006], [9.027989787000024, 44.92058014700007], [9.027179721000039, 44.92056063200005], [9.026602552000043, 44.92024935200004], [9.027007259000072, 44.91957123900005], [9.02789477400006, 44.919153176000066], [9.028732301000048, 44.91865233800007], [9.028587921000053, 44.91839220400004], [9.028415816000063, 44.91816361300005], [9.028448963000073, 44.91787584000008], [9.028548697000076, 44.91761170400008], [9.028409950000025, 44.91751713000008], [9.028560164000055, 44.91734942200003], [9.028837099000043, 44.917418474000044], [9.02898140700006, 44.91753669700006], [9.029786439000077, 44.91863432900004], [9.030099878000044, 44.918575117000046], [9.031214774000034, 44.91805841900003], [9.031852823000065, 44.91809372100005], [9.031731341000068, 44.91913837800007], [9.03203681900004, 44.91972958800005], [9.032513981000022, 44.91975310500004], [9.033124194000038, 44.91958736700008], [9.035764276000066, 44.918175344000076], [9.037045479000028, 44.917540279000036], [9.037350408000066, 44.917212996000046], [9.03786615000007, 44.91687381600008], [9.038204607000068, 44.91692100800003], [9.037354876000052, 44.91554554000004], [9.038951893000046, 44.91441760200007], [9.039972343000045, 44.913936328000034], [9.040803921000077, 44.91312398700006], [9.041756569000029, 44.91099497600004], [9.04304270800003, 44.90984344100008], [9.043641397000044, 44.90929133600008], [9.045750199000054, 44.91036273000003], [9.045529824000027, 44.91228650200003], [9.043024083000034, 44.914621123000074], [9.041227783000068, 44.916261647000056], [9.039785924000057, 44.91712939200005], [9.038449118000074, 44.91752010500005], [9.037556190000032, 44.917989497000065], [9.037290271000074, 44.91858876400005], [9.036813153000026, 44.91862439600004], [9.03649682400004, 44.91849047100004], [9.03453326400006, 44.919287359000066], [9.034683316000041, 44.919701221000025], [9.034794342000055, 44.91980367800005], [9.036048398000048, 44.92004375000005], [9.036886000000038, 44.919751777000045], [9.037673841000071, 44.919735752000065], [9.03769617000006, 44.91994466800003], [9.037202484000034, 44.92011433500005], [9.036331518000054, 44.92029594600007], [9.036109593000049, 44.92030784200006], [9.035810189000074, 44.92063512100003], [9.035732762000066, 44.92103722500008], [9.035660764000056, 44.92125011500008], [9.03557210300005, 44.92143147300004], [9.03566670300006, 44.92188082800004], [9.035786134000034, 44.92210548300005], [9.036349987000051, 44.923187375000055], [9.036439233000067, 44.92392843600004], [9.036542933000021, 44.92412813000004], [9.036776219000046, 44.92450648400006], [9.03643975600005, 44.92475625000003], [9.036406474000046, 44.92477202800006], [9.036106846000052, 44.92478000700004], [9.036007191000067, 44.925134816000025], [9.036184905000027, 44.92537916200007], [9.036237730000039, 44.925556533000076], [9.036312727000052, 44.92569644900004], [9.036279535000062, 44.92585808000007], [9.036218619000067, 44.92604928500003], [9.036360265000042, 44.92628575800006], [9.036501781000027, 44.92631922000004], [9.036557198000025, 44.92620488500006], [9.036692749000053, 44.925582011000074], [9.036881183000048, 44.92522914400007], [9.037053185000048, 44.92521332000007], [9.037261327000067, 44.92531180200007], [9.037283598000045, 44.92542808300004], [9.037230959000055, 44.92554438700006], [9.037322581000069, 44.92564882000005], [9.037455778000037, 44.92568622500005], [9.037497399000074, 44.92569409500004], [9.03762501400007, 44.92568222700004], [9.03767496200004, 44.925696008000045], [9.038063217000058, 44.925449506000064], [9.038227015000075, 44.925263769000026], [9.038337135000063, 44.92536835800007], [9.038323301000048, 44.92537964700006]]]}, "properties": {"OBJECTID": 73, "GisId": "{07250C0F-AF15-4D83-9FDD-478E3576740F}", "GisDescription": "VIA DIVIANI - VIA DA VINCI", "GisCode": "DRT06", "Shape_Length": 0.10096479720760705, "Shape_Area": 5.6032702664351714e-05, "codice_distretto": "DRT06"}}, {"type": "Feature", "id": 74, "geometry": {"type": "Polygon", "coordinates": [[[8.938546183000028, 45.19969393100007], [8.93856642000003, 45.199683382000046], [8.939273512000057, 45.199901013000044], [8.941095571000062, 45.20043441100006], [8.942103720000034, 45.20074202600006], [8.944743273000029, 45.201543867000055], [8.945990898000048, 45.20192045400006], [8.946797224000022, 45.20216734100006], [8.947485002000064, 45.20238760900003], [8.948212651000063, 45.20266682100004], [8.948405265000076, 45.20258722800003], [8.949475733000043, 45.20287654600003], [8.952161255000021, 45.20370438100008], [8.954224773000021, 45.204306975000065], [8.954195189000075, 45.20410758000003], [8.954274189000046, 45.20410943400003], [8.95433607700005, 45.204109112000026], [8.954390329000034, 45.20429210200007], [8.954500722000034, 45.204254795000054], [8.954655616000025, 45.20436109700006], [8.954998317000047, 45.20452391200007], [8.955707097000072, 45.204992308000044], [8.956749186000025, 45.20565338600005], [8.956604067000058, 45.20503581300005], [8.956594862000031, 45.20479012900006], [8.956778228000076, 45.20451464000007], [8.95737003000005, 45.204425223000044], [8.95800870100004, 45.20446197900003], [8.958125797000037, 45.20488698100007], [8.958027010000023, 45.205109384000025], [8.958294691000049, 45.20512608200005], [8.95867395700003, 45.205078910000054], [8.958723296000073, 45.205040748000044], [8.958765605000053, 45.20498266300007], [8.958814064000023, 45.20453697200003], [8.958898782000063, 45.204279703000054], [8.958925997000051, 45.20398838300008], [8.95894250300006, 45.20389211000003], [8.958935671000063, 45.20359579800004], [8.958855882000023, 45.203530199000056], [8.958736160000058, 45.20348699600004], [8.958672768000042, 45.203477013000054], [8.958536619000029, 45.20341886400007], [8.958620096000061, 45.20325455500006], [8.95872349900003, 45.20313590200004], [8.958910274000061, 45.202996530000064], [8.958979577000036, 45.20294841500004], [8.959306989000027, 45.20315437100004], [8.959326826000051, 45.20332618900005], [8.959168211000076, 45.203488812000046], [8.959049625000034, 45.203498729000046], [8.959044796000057, 45.203682987000036], [8.959058839000022, 45.203746902000034], [8.959065808000048, 45.20385148400004], [8.959071600000073, 45.20396187600005], [8.959082107000029, 45.20404404900006], [8.95904310700007, 45.20440010500005], [8.959032493000052, 45.204467331000046], [8.959017177000021, 45.20454119500005], [8.958981883000035, 45.204639952000036], [8.95895127600005, 45.20475365100003], [8.958949965000045, 45.20494289000004], [8.958884135000062, 45.20505657600006], [8.958804239000074, 45.205136227000025], [8.958658599000046, 45.20520838400006], [8.95828050700004, 45.20525472700007], [8.957854073000021, 45.20557743900008], [8.957479415000023, 45.20573832000008], [8.957993767000062, 45.20560903000006], [8.958073624000065, 45.205584990000034], [8.95819044600006, 45.20558752300008], [8.95832665100005, 45.20557429300004], [8.958505125000045, 45.205559418000064], [8.958815710000067, 45.20551139000003], [8.95900008700005, 45.20544920700007], [8.958929709000074, 45.205356221000045], [8.95893684500004, 45.20522840500007], [8.959470038000063, 45.20501113500006], [8.959613317000048, 45.204953086000046], [8.959876368000039, 45.20487515900004], [8.960205072000065, 45.20493337400006], [8.960376455000073, 45.204981574000044], [8.960510303000035, 45.20497830000005], [8.960900181000056, 45.204862234000075], [8.96092367700004, 45.20484066300003], [8.960862731000077, 45.20468460200004], [8.961064795000027, 45.204507051000064], [8.961257314000022, 45.20455027700007], [8.961299458000042, 45.20473289000006], [8.961376848000043, 45.20487733600004], [8.961214765000022, 45.20496692100005], [8.961010405000025, 45.20506645200004], [8.960899977000054, 45.20515937400006], [8.960805951000054, 45.20530210100003], [8.960742501000027, 45.20537345900004], [8.960531002000039, 45.205607445000055], [8.96045814100006, 45.20570370000007], [8.960357136000027, 45.20575014500008], [8.960500292000063, 45.205873034000035], [8.96057774600007, 45.20592452100004], [8.960831368000072, 45.20590302800008], [8.961002828000062, 45.205846647000044], [8.961282248000032, 45.205871642000034], [8.96136436100005, 45.20598122900003], [8.961430017000055, 45.20612069200007], [8.961512150000033, 45.20620205900008], [8.961660014000074, 45.20631166900006], [8.96167642100005, 45.20635815400004], [8.96169747600004, 45.20647602100007], [8.961880610000037, 45.20651758100007], [8.96192525500004, 45.20647609700006], [8.961944078000045, 45.20641966300008], [8.961946450000028, 45.20638480400004], [8.962021699000047, 45.20622547000005], [8.962024107000047, 45.20613583100004], [8.962139223000065, 45.20605618900004], [8.962397514000031, 45.20607619400005], [8.96265345200004, 45.20610449800006], [8.962815427000066, 45.206184231000066], [8.963090056000055, 45.20636028000007], [8.963038340000026, 45.20644326200005], [8.962824627000032, 45.20647971300008], [8.962460719000035, 45.20637667400007], [8.96247469900004, 45.20654267800006], [8.962469869000074, 45.20674519600004], [8.96265534500003, 45.20680003700005], [8.962915982000027, 45.20683000100007], [8.963125066000032, 45.206690630000026], [8.963413841000033, 45.20678202200003], [8.963366835000045, 45.20684674800003], [8.963425509000047, 45.20689822600008], [8.963634458000058, 45.20696967300006], [8.963657910000052, 45.20701782000003], [8.96369076600007, 45.20704937000005], [8.963972511000065, 45.207122499000036], [8.96411338400003, 45.20715906400005], [8.96446089400007, 45.207212292000065], [8.964676925000049, 45.20722729900007], [8.96510900000004, 45.207239052000034], [8.965414267000028, 45.207250765000026], [8.966184441000053, 45.20735059400005], [8.966257172000041, 45.20746183600005], [8.966275928000073, 45.20751164100005], [8.96626406200005, 45.207724118000044], [8.966191110000068, 45.207984715000066], [8.96591612100002, 45.20838303200003], [8.965852659000063, 45.20847763300003], [8.965819712000041, 45.20859714200003], [8.965927716000067, 45.20862871400004], [8.966042770000058, 45.20865198900003], [8.966115553000066, 45.208678571000064], [8.966136633000076, 45.208769877000066], [8.96611075100003, 45.20885618900007], [8.966204650000066, 45.20891265600005], [8.966345549000039, 45.208916018000025], [8.966378444000043, 45.20888448800008], [8.966458308000028, 45.20884965100004], [8.96658040400007, 45.208879567000054], [8.966601463000075, 45.209009053000045], [8.967188409000073, 45.209251582000036], [8.967780097000059, 45.20942439000004], [8.967817700000069, 45.20937294000004], [8.967937448000043, 45.20940617500003], [8.967965666000055, 45.20933812200008], [8.968024439000033, 45.20922359900004], [8.968259270000033, 45.20923030500006], [8.968503473000055, 45.209275192000064], [8.968569198000068, 45.20932999100006], [8.968503309000027, 45.20957233100006], [8.968500936000055, 45.20961715100003], [8.968587816000024, 45.209633774000054], [8.968634823000059, 45.20956406700003], [8.968648932000065, 45.209529211000074], [8.968796944000076, 45.20940973200004], [8.968858070000067, 45.20928358900005], [8.968998985000042, 45.209258728000066], [8.969172748000062, 45.20928699500007], [8.969290174000037, 45.209272087000045], [8.969332501000054, 45.20916751800007], [8.969391260000066, 45.209072914000046], [8.969473554000047, 45.20888369600004], [8.96961460500006, 45.20859821500005], [8.969652336000024, 45.20830108600006], [8.969603111000026, 45.20813507300005], [8.969546833000038, 45.20798067900006], [8.969528095000044, 45.207891035000046], [8.969530533000068, 45.20772171500005], [8.970183784000028, 45.20690517000003], [8.970712424000055, 45.206354188000034], [8.970836918000032, 45.206281180000076], [8.970966102000034, 45.20622145300007], [8.970956754000042, 45.206133471000044], [8.970923948000063, 45.205999003000045], [8.970881754000061, 45.20585291300006], [8.970785530000057, 45.20574830800007], [8.970877216000076, 45.20554083300004], [8.970978230000071, 45.205459518000055], [8.971487792000062, 45.205453007000074], [8.971731981000062, 45.205501208000044], [8.972645399000044, 45.205564510000045], [8.972668910000039, 45.20550641500006], [8.972525809000047, 45.20521588200006], [8.972471837000057, 45.20514116900006], [8.972464812000055, 45.20510132700008], [8.972476648000054, 45.20490213100004], [8.972636084000044, 45.204619845000025], [8.97273750100004, 45.20447391500005], [8.972699963000025, 45.204404185000044], [8.972603712000023, 45.20435436300005], [8.972552066000048, 45.204327790000036], [8.972422958000038, 45.20424475900006], [8.972399534000033, 45.20412689400007], [8.972474770000076, 45.20392771300004], [8.972613340000066, 45.203866326000025], [8.972791791000077, 45.203879649000044], [8.973122849000049, 45.20394114700008], [8.973150951000036, 45.20410051300007], [8.973127438000063, 45.20416690700006], [8.973096886000064, 45.204223340000055], [8.97305222700004, 45.20431794900003], [8.972988778000058, 45.204420854000034], [8.972829002000026, 45.204633295000065], [8.972732677000067, 45.20474117300006], [8.972709167000062, 45.20479760600006], [8.972699724000051, 45.20490384500005], [8.972732553000071, 45.205000132000066], [8.972798237000063, 45.20513626700006], [8.972826361000045, 45.20524915400006], [8.97286857000006, 45.205372003000036], [8.972901382000032, 45.205504811000026], [8.972887231000072, 45.205634287000066], [8.97280728800007, 45.20585338800004], [8.97286359100002, 45.20596628100003], [8.972976323000069, 45.20592978800005], [8.973286306000034, 45.20589002100007], [8.973544579000077, 45.205956480000054], [8.973525693000056, 45.206172276000075], [8.973276732000045, 45.206275137000034], [8.972576931000049, 45.20633473100003], [8.972337432000074, 45.20629483300007], [8.972116733000064, 45.206221740000046], [8.971834907000073, 45.206301351000036], [8.97136990100006, 45.20641411500003], [8.970947156000022, 45.20653684800004], [8.970693464000021, 45.206696142000055], [8.970533707000072, 45.20684218100007], [8.970411519000038, 45.20699486900003], [8.97024235200007, 45.20717078400003], [8.970030874000031, 45.20742636800003], [8.969795861000023, 45.20777822600007], [8.969805158000042, 45.20795750800005], [8.96983326700007, 45.20809363400008], [8.969884854000043, 45.20823640800006], [8.969936393000069, 45.20847214100007], [8.969847042000026, 45.20868791600003], [8.969720133000067, 45.208873803000074], [8.96966370900003, 45.20899662700003], [8.969597864000036, 45.20916924900007], [8.969428658000027, 45.20939828300004], [8.969456717000071, 45.20962737000008], [8.969710288000044, 45.20972703700005], [8.970907810000028, 45.210016188000054], [8.971137922000025, 45.210076006000065], [8.971335089000036, 45.210268615000075], [8.971330344000023, 45.210364893000076], [8.971165954000071, 45.210368172000074], [8.971203453000044, 45.210517580000044], [8.971363089000022, 45.210630501000026], [8.971513350000066, 45.21070357800005], [8.971658860000048, 45.210889533000056], [8.971625933000041, 45.210985805000064], [8.971508450000044, 45.21110861500006], [8.971287595000035, 45.21131439900006], [8.97090715500002, 45.21130102300003], [8.970653551000055, 45.211247839000066], [8.970493869000052, 45.21122455700004], [8.970437601000071, 45.211045263000074], [8.970522223000046, 45.21089256600004], [8.970649106000053, 45.21075979900007], [8.970437824000044, 45.21061366500004], [8.97033446100005, 45.21067671800006], [8.970155942000076, 45.21075303100008], [8.970141846000047, 45.21076298700007], [8.970127676000061, 45.21091570300007], [8.97013228000003, 45.21109166400004], [8.969944320000025, 45.21125429400007], [8.96990669400003, 45.21135056300005], [8.96990194700004, 45.21144684200004], [8.970009946000062, 45.21150331100006], [8.970484363000025, 45.211443674000066], [8.97055479900007, 45.211476892000064], [8.970676851000064, 45.211606403000076], [8.97066737700004, 45.21176244000003], [8.97062037400002, 45.21182882800008], [8.970253833000072, 45.21217733200007], [8.970004935000077, 45.212100907000035], [8.969859384000074, 45.21199794900008], [8.969732567000051, 45.21199791500004], [8.969680855000036, 45.212084221000055], [8.969483548000028, 45.21215056800003], [8.969319238000026, 45.21199448500005], [8.969333388000052, 45.211884929000064], [8.969333453000047, 45.211765409000066], [8.969164412000055, 45.21167572400003], [8.969070430000045, 45.21175869900003], [8.968788397000026, 45.21215702100005], [8.968327696000074, 45.21287733100007], [8.968562478000024, 45.21300023500004], [8.968731500000047, 45.21312976100006], [8.968783184000074, 45.213099896000074], [8.968914686000062, 45.21312649200007], [8.96901327200004, 45.21322279800006], [8.969008488000043, 45.21338215600008], [8.968905128000074, 45.213428607000026], [8.968825232000029, 45.21351158600004], [8.968764111000041, 45.21362112800006], [8.968731158000026, 45.213753919000055], [8.968698221000068, 45.21386014900003], [8.968707540000025, 45.21399627100004], [8.968707491000032, 45.21408591200003], [8.968660471000021, 45.21417553800006], [8.968481902000065, 45.21431824800004], [8.968392592000043, 45.21443442300006], [8.968392494000057, 45.214610383000036], [8.968002527000067, 45.21479619300004], [8.967809940000052, 45.21480277900008], [8.967640811000024, 45.21485917100006], [8.967222707000076, 45.214955331000056], [8.96698320400003, 45.214862303000075], [8.966832909000061, 45.21483901900007], [8.966682590000062, 45.21485557500006], [8.966353733000062, 45.21494843900007], [8.965973243000064, 45.21498152600003], [8.96577588200006, 45.21511426600006], [8.965592633000028, 45.21521049000006], [8.965141754000058, 45.21512735500005], [8.965268734000063, 45.21487175400006], [8.965766638000048, 45.21486194500005], [8.966001626000036, 45.21464621500007], [8.96600743700003, 45.21277706500007], [8.96594652400006, 45.21252804800008], [8.965923238000073, 45.21219604100003], [8.965923321000048, 45.212056602000075], [8.965754315000027, 45.21191711200004], [8.965660530000036, 45.21166144400007], [8.965726535000044, 45.21124646700008], [8.965585644000043, 45.21122318400006], [8.965177081000036, 45.211116821000076], [8.965134913000043, 45.210947488000045], [8.96543560200007, 45.21079818000004], [8.965618864000021, 45.210655476000056], [8.965370492000034, 45.20973244400005], [8.965004399000065, 45.20932065400007], [8.964821258000029, 45.209270798000034], [8.964309367000055, 45.20919095900007], [8.963825649000057, 45.20912440700005], [8.963520372000062, 45.20911103000003], [8.963304314000027, 45.20912756000007], [8.963102357000025, 45.209127495000075], [8.962745451000046, 45.20906098000006], [8.962646975000041, 45.20882522900007], [8.962633026000049, 45.20860942400003], [8.962184598000022, 45.20845489800007], [8.962027252000041, 45.20846646500007], [8.961977896000064, 45.20852952900003], [8.961916748000021, 45.20866728800007], [8.96182041700007, 45.20874195500005], [8.961660684000037, 45.20880996200003], [8.961547937000034, 45.208851423000056], [8.961343584000076, 45.208921074000045], [8.96121215900007, 45.20880151000006], [8.961183953000045, 45.208838021000076], [8.961115819000042, 45.208886137000036], [8.961012440000047, 45.208962462000045], [8.960862124000073, 45.208993950000036], [8.960507613000061, 45.20886600800003], [8.960460665000028, 45.20883943300004], [8.960169629000063, 45.20861357100006], [8.960103883000045, 45.20860358900006], [8.959948894000036, 45.208603535000066], [8.959930127000064, 45.208575308000036], [8.959728360000042, 45.20830631800004], [8.95947239000003, 45.208312867000075], [8.959202326000025, 45.20832273100007], [8.958739653000066, 45.20839892500004], [8.958281670000076, 45.20848341800007], [8.958168941000054, 45.20849665700007], [8.957887131000064, 45.20851315400006], [8.957736842000031, 45.208506458000045], [8.957492625000043, 45.20849640800003], [8.957145075000028, 45.20849295700003], [8.956562682000026, 45.20850601700005], [8.956172825000067, 45.20855234800007], [8.955900417000066, 45.20855556400005], [8.955731327000024, 45.20856877800003], [8.955618572000049, 45.208615214000076], [8.95558094200004, 45.20868824000007], [8.955599669000037, 45.208764606000045], [8.95562776600002, 45.20887085700008], [8.955688709000071, 45.20901696000004], [8.955721440000048, 45.209206212000026], [8.95577292300004, 45.20943863100007], [8.955791648000059, 45.20951831800005], [8.955800951000072, 45.209634521000055], [8.955800833000069, 45.20978724200006], [8.955833605000066, 45.20992337400003], [8.95586636400003, 45.21007610600003], [8.95593199700005, 45.21023549100005], [8.955945976000066, 45.21037825500008], [8.95596936000004, 45.21050774400004], [8.956049060000055, 45.21069701400006], [8.956180214000028, 45.21116186300003], [8.95621776400003, 45.21119507700007], [8.956278739000027, 45.21130466000005], [8.956400721000023, 45.211483986000076], [8.956489863000058, 45.211613499000066], [8.956555538000032, 45.211719765000055], [8.956635310000024, 45.21181939400003], [8.956696287000057, 45.21192897700007], [8.956761981000056, 45.21201200100006], [8.95687924400005, 45.21222452500007], [8.956949412000029, 45.212603030000025], [8.956954039000038, 45.21269599100003], [8.956986838000034, 45.212802243000056], [8.957010283000045, 45.212855372000035], [8.957029039000076, 45.21289853900004], [8.95707595600004, 45.21296827700007], [8.957094667000035, 45.21307120300003], [8.957089930000052, 45.213124321000066], [8.957188495000025, 45.21322063800005], [8.957235473000026, 45.21321069500004], [8.957282404000068, 45.21326383200005], [8.95739973800005, 45.21338671600006], [8.957596888000069, 45.21355610900008], [8.957944310000073, 45.21377203700007], [8.958437279000066, 45.21408097500006], [8.958568747000072, 45.21415074300006], [8.958690838000052, 45.21419726700003], [8.958798821000073, 45.21426702600007], [8.958737624000037, 45.21445292300007], [8.959860279000054, 45.21439688400005], [8.959860282000022, 45.214393563000044], [8.959850945000028, 45.21431056000006], [8.95993561000006, 45.214144591000036], [8.960067180000067, 45.21407159700004], [8.960245763000046, 45.21393886000004], [8.960241205000045, 45.213739659000055], [8.96019909100005, 45.213510565000036], [8.960311914000044, 45.21337448500003], [8.960612543000025, 45.21334802900003], [8.960856737000029, 45.21342447300003], [8.960767313000076, 45.213686721000045], [8.960659059000022, 45.21400872300006], [8.960781100000077, 45.21412828500007], [8.960715083000025, 45.21450342000003], [8.960146620000046, 45.214659262000055], [8.959954165000056, 45.214476596000054], [8.958671824000021, 45.214509339000074], [8.958610727000064, 45.21455579600007], [8.958291210000027, 45.21470840000006], [8.958183125000062, 45.21477808000003], [8.958122010000068, 45.214847777000045], [8.959807273000024, 45.21629589600008], [8.959896551000043, 45.21625276900005], [8.959971734000021, 45.21621627500008], [8.960122025000032, 45.21624620700004], [8.960309852000023, 45.21633923200005], [8.960361399000021, 45.21651520900008], [8.960248595000053, 45.216614770000035], [8.95998086700007, 45.216588116000025], [8.959680350000042, 45.216431972000066], [8.959454882000045, 45.21642857100005], [8.959252823000043, 45.21653473900005], [8.958975589000033, 45.21666411900003], [8.958552878000035, 45.216597567000065], [8.958233634000067, 45.21636173200005], [8.95810225100007, 45.21616912500008], [8.958595739000032, 45.215790826000045], [8.958642854000061, 45.21559496400005], [8.958060813000031, 45.21503035400008], [8.957887123000035, 45.214887531000045], [8.957967151000048, 45.21464852200006], [8.958169196000028, 45.21455563500007], [8.958371244000034, 45.21445943000003], [8.958432403000074, 45.21432665300006], [8.958258706000038, 45.21419379000008], [8.957798581000077, 45.21393466200004], [8.95714133000007, 45.21347957900008], [8.957028686000058, 45.21336665700005], [8.956887933000075, 45.213157445000036], [8.956677162000062, 45.21237384800003], [8.956597432000024, 45.21221777800008], [8.956100105000075, 45.21150379100004], [8.955870263000065, 45.21110862300003], [8.955621993000022, 45.21025529000008], [8.955528755000046, 45.20935885700004], [8.955313237000041, 45.208681495000064], [8.955087766000076, 45.20872124600004], [8.954721967000069, 45.20878003200005], [8.954106034000063, 45.20888353600003], [8.953377954000075, 45.20899944100006], [8.952607621000027, 45.20909208300003], [8.951964130000022, 45.20914493400005], [8.951381666000032, 45.20923100700003], [8.951583566000068, 45.20930081300003], [8.951916889000074, 45.20947027300008], [8.952367649000053, 45.20961986100008], [8.952550745000053, 45.20971289800008], [8.952827765000052, 45.209819252000045], [8.952930995000031, 45.209938814000054], [8.953052960000036, 45.210121463000064], [8.953066720000038, 45.210523188000025], [8.953179185000067, 45.21083863300004], [8.95320722100007, 45.21101460400007], [8.95320693800005, 45.21135988200007], [8.95316918900005, 45.21157234700007], [8.953154894000022, 45.21182134000003], [8.953121835000047, 45.21204044500007], [8.95311231100004, 45.212199801000054], [8.952745844000049, 45.21232580900005], [8.952511049000066, 45.212262632000034], [8.95239841700004, 45.21214970600005], [8.952572352000061, 45.211970499000074], [8.952863652000076, 45.21186105900006], [8.95292949100002, 45.21176148700005], [8.95300013900004, 45.211525797000036], [8.953033523000045, 45.210911613000064], [8.952808615000038, 45.21025748200003], [8.952747689000034, 45.21009809800006], [8.952606909000053, 45.20994864000005], [8.952343972000051, 45.20985225100003], [8.95180872900005, 45.20962958700005], [8.95104813200004, 45.20931054500005], [8.950921372000039, 45.209250731000054], [8.951020160000041, 45.20906817300005], [8.951292562000049, 45.20907493000004], [8.951771647000044, 45.209048573000075], [8.953161992000048, 45.208896432000074], [8.95453485400003, 45.208756480000034], [8.955332182000063, 45.20847898300008], [8.955510765000042, 45.20833629300006], [8.955942853000067, 45.208339780000074], [8.957779212000048, 45.20837035400007], [8.958032896000077, 45.20828080800004], [8.958061160000057, 45.20816793900008], [8.957480145000034, 45.20633508800006], [8.956883965000031, 45.205976306000025], [8.955609496000022, 45.20518732000005], [8.955407646000026, 45.20506606200007], [8.955142390000049, 45.20495473700004], [8.95512594400003, 45.20496635100005], [8.955097740000042, 45.204999540000074], [8.955076572000053, 45.205042691000074], [8.955083556000034, 45.20511905400008], [8.955078816000025, 45.20517549200008], [8.955050580000034, 45.205246861000035], [8.954911953000021, 45.20535470600004], [8.954726444000073, 45.20535629200003], [8.954482317000043, 45.205249956000046], [8.954407256000025, 45.20514866700006], [8.954517688000067, 45.20506405100008], [8.954949742000053, 45.20507916200006], [8.954733739000062, 45.20504089600007], [8.954522487000077, 45.20493457300006], [8.954334789000029, 45.20474027800003], [8.954412458000036, 45.20451565600007], [8.95421686100002, 45.20441265800008], [8.954074417000072, 45.20439932100004], [8.952360701000032, 45.20387627400004], [8.951492126000062, 45.20360256200007], [8.950528080000026, 45.20331552300007], [8.949894254000071, 45.203129327000056], [8.948797207000041, 45.202796841000065], [8.948481081000068, 45.202704846000074], [8.948302549000061, 45.202789978000055], [8.94816795500003, 45.20275782300007], [8.94735109000004, 45.20246639700008], [8.947088207000036, 45.20235782300006], [8.946445065000034, 45.20211295000007], [8.946019395000064, 45.201995443000044], [8.945524887000033, 45.20183916800005], [8.944344952000051, 45.20148114700004], [8.943632928000056, 45.201264998000056], [8.943031246000032, 45.20106992600006], [8.942700287000036, 45.20095909500003], [8.942404520000025, 45.20087760600006], [8.941949131000058, 45.20075398200004], [8.941851851000024, 45.20097969200003], [8.941448046000062, 45.20092858000004], [8.94137482800005, 45.20058437000006], [8.94109473800006, 45.200483519000045], [8.940013427000054, 45.200168663000056], [8.938538574000063, 45.199731531000054], [8.938546183000028, 45.19969393100007]]]}, "properties": {"OBJECTID": 74, "GisId": "{D1DE506F-3A72-40F9-B533-E9CB4A7A9BF8}", "GisDescription": "SAN BIAGIO", "GisCode": "DGR04", "Shape_Length": 0.17815779807905227, "Shape_Area": 5.896561187186337e-05, "codice_distretto": "DGR04"}}, {"type": "Feature", "id": 75, "geometry": {"type": "Polygon", "coordinates": [[[9.015104501000053, 44.926054763000025], [9.01509657500003, 44.92603023500004], [9.015195982000023, 44.92599327200003], [9.01525390300003, 44.92592731500008], [9.015493325000023, 44.925076026000056], [9.01563288400007, 44.925016138000046], [9.015864456000031, 44.92438000200008], [9.015443008000034, 44.924028332000034], [9.015469056000029, 44.922961918000055], [9.015890393000063, 44.922939410000026], [9.01603784200006, 44.92286081100008], [9.015553242000067, 44.92265507900004], [9.015558358000021, 44.922097552000025], [9.016264137000064, 44.92223215900003], [9.016769491000048, 44.92136773100003], [9.015816134000033, 44.92102736500004], [9.01550535900003, 44.92086276900005], [9.015726345000076, 44.92008444500004], [9.016116081000064, 44.92013303400006], [9.016045060000067, 44.92040806600005], [9.017967561000034, 44.921071948000076], [9.018246521000037, 44.92053027900005], [9.019277567000074, 44.92087575800008], [9.019182168000043, 44.92104930000005], [9.019248681000022, 44.92111523800003], [9.01947374200006, 44.92085420900003], [9.019747510000059, 44.92057633400003], [9.019781714000032, 44.92049213800004], [9.020052852000049, 44.920236713000065], [9.019969893000052, 44.92020211700003], [9.018984937000027, 44.91986084600006], [9.019399474000068, 44.919265831000075], [9.019662794000055, 44.91925736700006], [9.020219834000045, 44.919577193000066], [9.02015799000003, 44.91968290900007], [9.02035814900006, 44.919773613000075], [9.020347661000073, 44.919899900000075], [9.02061879100006, 44.919634184000074], [9.020974129000024, 44.91922252200004], [9.021367626000028, 44.91876220800003], [9.021819023000035, 44.918239208000045], [9.022382270000037, 44.91758615500004], [9.022579667000059, 44.91735693100003], [9.02284680200006, 44.91703227800008], [9.022775670000044, 44.91693781200007], [9.022809894000034, 44.91692096700007], [9.022911314000055, 44.91703507200003], [9.02290079100004, 44.917056589000026], [9.022774459000061, 44.91720348000007], [9.022606010000061, 44.91738686100007], [9.022391503000051, 44.91763012000007], [9.02192038000004, 44.91818399700003], [9.021483462000049, 44.918695770000056], [9.021071543000062, 44.91918134400004], [9.020374899000046, 44.91997753800007], [9.019771229000071, 44.92063619900006], [9.019292145000065, 44.92115514300008], [9.018816571000059, 44.921703394000076], [9.01857224500003, 44.92212407400007], [9.018007252000075, 44.92309079300003], [9.017638771000065, 44.92372945000005], [9.017561558000068, 44.92384171600003], [9.017444854000075, 44.92399140500004], [9.016679664000037, 44.924902022000026], [9.01627509900004, 44.92531055900008], [9.01588720500007, 44.92570163100004], [9.015704650000032, 44.92583448900007], [9.015516815000069, 44.92592244700006], [9.01530395900005, 44.92600354800004], [9.01514157500003, 44.926065308000034], [9.015104501000053, 44.926054763000025]]]}, "properties": {"OBJECTID": 75, "GisId": "{0F16D5DC-82E8-4DB8-8139-8F2097AED879}", "GisDescription": "VIALE CRISTOFORO COLOMBO", "GisCode": "DRT03", "Shape_Length": 0.03442728515490565, "Shape_Area": 1.174862867751197e-05, "codice_distretto": "DRT03"}}, {"type": "Feature", "id": 76, "geometry": {"type": "Polygon", "coordinates": [[[8.932451636000053, 45.20899729300004], [8.932497470000044, 45.208984705000034], [8.93281932900004, 45.20894357900005], [8.933877547000066, 45.20842873700008], [8.935242168000059, 45.20767403700006], [8.935136104000037, 45.207554636000054], [8.93546797600004, 45.20734560900007], [8.935670898000069, 45.207564105000074], [8.93273842700006, 45.209102890000054], [8.933572258000027, 45.21007921000006], [8.934458455000026, 45.20981939200004], [8.934648995000032, 45.210420191000026], [8.935679210000046, 45.21006664400005], [8.935796839000034, 45.20941746800003], [8.935936384000058, 45.209386067000025], [8.935991210000054, 45.210133710000036], [8.935779043000025, 45.210700203000044], [8.936090376000038, 45.211054510000054], [8.936257472000023, 45.21096803800003], [8.936658304000048, 45.21093678200003], [8.937025285000061, 45.21131472600007], [8.936891137000032, 45.211810436000064], [8.936367602000075, 45.21204623400007], [8.936339610000061, 45.212187871000026], [8.936372835000043, 45.21234528200006], [8.936411684000063, 45.21245154400003], [8.936567278000041, 45.21269952200004], [8.936539322000044, 45.21280968100007], [8.936405622000052, 45.21289617200006], [8.936372133000077, 45.21297485000008], [8.93644531600006, 45.21318146700003], [8.93661103900007, 45.21339600600004], [8.936920537000049, 45.21385458200007], [8.937395852000066, 45.214452933000075], [8.937555882000026, 45.214789446000054], [8.937900569000021, 45.21521852700005], [8.938156309000021, 45.21553738400007], [8.93851789200005, 45.21579334100005], [8.939386013000046, 45.21612039400003], [8.93977551300003, 45.216309470000056], [8.940003617000059, 45.21645124300005], [8.940192781000064, 45.216565451000065], [8.94043206300006, 45.216667880000045], [8.940877177000061, 45.216919939000036], [8.94111649000007, 45.21699482300005], [8.941472614000077, 45.217168137000044], [8.941839690000052, 45.21752245700003], [8.942418103000023, 45.218101165000064], [8.942801945000042, 45.21840433800003], [8.942946590000076, 45.21851064900005], [8.943158047000054, 45.21861305900006], [8.943375124000056, 45.21866432000007], [8.94356437700003, 45.21870376100003], [8.943742455000063, 45.21878254500007], [8.943875992000073, 45.21886524200005], [8.944126428000061, 45.218963734000056], [8.944532601000049, 45.21921969400006], [8.94506112700003, 45.21961342900005], [8.945784398000058, 45.220141037000076], [8.946023657000069, 45.22029460700003], [8.94636300600007, 45.220582007000075], [8.946685716000047, 45.220806442000026], [8.946763585000042, 45.22088910900004], [8.946919291000029, 45.22108985500006], [8.94706384400007, 45.22131027100005], [8.947319604000029, 45.22169206400008], [8.94790350900007, 45.22245961700003], [8.94813171900006, 45.22253448200007], [8.948343355000077, 45.22246768700006], [8.948777783000025, 45.222306556000035], [8.949011523000024, 45.22242470400005], [8.948966770000027, 45.22266077200004], [8.949011041000063, 45.222963771000025], [8.948944041000061, 45.22317228500003], [8.948771286000067, 45.22334140300006], [8.948709853000025, 45.22354992000004], [8.948765164000065, 45.223959163000075], [8.948706234000042, 45.224478529000066], [8.948731070000065, 45.22472249700007], [8.948736403000055, 45.224984163000045], [8.949654673000055, 45.22549412700005], [8.950222371000052, 45.22577374600007], [8.95036151000005, 45.225844633000065], [8.950227712000071, 45.22603344500004], [8.949993679000045, 45.226230083000075], [8.949570223000023, 45.22654467900003], [8.94928601600003, 45.22680425000004], [8.948946284000044, 45.22688672900006], [8.948489775000041, 45.22679602300008], [8.94858486000004, 45.22632389200004], [8.949213987000064, 45.226402869000026], [8.949943831000041, 45.225927081000066], [8.948941984000044, 45.22547020300004], [8.948577087000047, 45.22490729500004], [8.948224364000055, 45.22474587800008], [8.948124180000036, 45.22470254900003], [8.947634382000047, 45.22450165200007], [8.94740076000005, 45.22424971700008], [8.947551307000026, 45.22401763400006], [8.947428984000055, 45.22383264200005], [8.947340146000045, 45.223565035000036], [8.947802500000023, 45.22332129000006], [8.947624745000041, 45.22286870800008], [8.947853173000055, 45.22270748600005], [8.947458230000052, 45.22230595700006], [8.947107798000047, 45.221943794000026], [8.946418335000033, 45.22095190400006], [8.946062242000039, 45.22070384400007], [8.945422411000038, 45.22024316900007], [8.944782678000024, 45.21969199000006], [8.944587980000051, 45.21952270000003], [8.944126108000034, 45.21929032200006], [8.943859076000024, 45.21908164700005], [8.943547456000033, 45.218924102000074], [8.942940746000033, 45.218786082000065], [8.942211905000022, 45.21830567000006], [8.941583343000048, 45.217770218000055], [8.941060565000043, 45.21723875300006], [8.940548679000074, 45.216951247000054], [8.939616706000038, 45.21644513600006], [8.939424750000057, 45.21634076300006], [8.939224428000045, 45.21625015600006], [8.938976754000066, 45.21619100200007], [8.93868457700006, 45.21609837800003], [8.938167150000027, 45.21580692300006], [8.938091972000052, 45.21582655700007], [8.937883085000067, 45.21593784800007], [8.937782323000022, 45.215808190000075], [8.937473202000035, 45.21594180400007], [8.937837370000068, 45.21638073300005], [8.937434279000058, 45.21653446200003], [8.93708097800004, 45.216339496000046], [8.937044791000062, 45.21633947600003], [8.936911136000049, 45.21637875000005], [8.93651852000005, 45.216496576000054], [8.936454428000047, 45.21655949700005], [8.936585234000063, 45.21657924400006], [8.936640856000054, 45.21662452500004], [8.936757751000073, 45.216638362000026], [8.936885764000067, 45.21666794300006], [8.93698310000002, 45.216748660000064], [8.936938475000034, 45.21682733200004], [8.93681037600004, 45.21687644600007], [8.936573894000048, 45.21676417300006], [8.936459901000035, 45.216644099000064], [8.936362531000043, 45.21659289200005], [8.936253927000052, 45.216632179000044], [8.935995009000067, 45.21667138200007], [8.935894924000024, 45.216561152000054], [8.93574729900007, 45.21664566700008], [8.935365524000076, 45.21701925800005], [8.934786011000028, 45.21747536400005], [8.934741347000056, 45.21758551400006], [8.934788699000023, 45.21755799700003], [8.934805449000066, 45.21751669100007], [8.934836112000028, 45.21747932800008], [8.934928032000073, 45.21742626100007], [8.935092214000065, 45.217471604000025], [8.935156106000022, 45.21758771700007], [8.93510029500004, 45.21770966400004], [8.935033402000045, 45.21778438700005], [8.934921848000045, 45.217967292000026], [8.934849428000064, 45.218006598000045], [8.934671278000053, 45.21800256200004], [8.934420558000056, 45.21756319700006], [8.935295735000068, 45.21657999700005], [8.934797566000043, 45.216466221000076], [8.934371308000038, 45.216662367000026], [8.934115416000054, 45.21664621300005], [8.933569214000045, 45.21717709400008], [8.933896783000023, 45.217952439000044], [8.933585253000047, 45.21834426300006], [8.933493128000066, 45.21857046000008], [8.933634851000022, 45.21878105400003], [8.933793435000041, 45.218855907000034], [8.933960402000025, 45.21890322100006], [8.93396593500006, 45.21893273500007], [8.934038091000048, 45.21912361500006], [8.934021241000039, 45.219251486000076], [8.934032264000052, 45.219347895000055], [8.93400691100004, 45.21960757700003], [8.933747972000049, 45.219650709000064], [8.933680818000028, 45.21994774700005], [8.933680644000049, 45.22009727000005], [8.933866916000056, 45.22030395400003], [8.933961515000021, 45.22034729200004], [8.93405337200005, 45.22035324700005], [8.934195369000065, 45.220331688000044], [8.934323401000029, 45.220351435000055], [8.93443469400006, 45.220400684000026], [8.934495884000057, 45.220447937000074], [8.934551509000073, 45.220491251000055], [8.934623829000031, 45.220542445000035], [8.934657160000029, 45.220607389000065], [8.934735058000058, 45.22064874900008], [8.93486310000003, 45.22066062600004], [8.935066387000063, 45.22059778500005], [8.935559246000025, 45.22048395500008], [8.935912941000026, 45.22034643600006], [8.935988236000071, 45.220228434000035], [8.936141428000042, 45.220151791000035], [8.936230537000029, 45.22012626500003], [8.936386480000067, 45.22007913500005], [8.93656463900004, 45.22008120100003], [8.93662585900006, 45.22010090900005], [8.936703586000021, 45.22029769200003], [8.936770247000027, 45.220433479000064], [8.936795205000067, 45.22052005900008], [8.936900947000026, 45.22055749800006], [8.937093021000067, 45.220563506000076], [8.937143097000046, 45.220593045000044], [8.937259923000056, 45.22067770700005], [8.937449223000044, 45.22067584400003], [8.93769425000005, 45.220626792000076], [8.937844645000041, 45.22056195000005], [8.938148101000024, 45.22054047300003], [8.938270577000026, 45.22055037600006], [8.938448524000023, 45.22074918000004], [8.938420410000049, 45.221004926000035], [8.938286718000029, 45.22106977800007], [8.938033338000025, 45.221118826000065], [8.937640831000067, 45.22110877600005], [8.937373684000022, 45.22101812900007], [8.936967245000062, 45.22102184000005], [8.936711082000045, 45.221068916000036], [8.936468924000053, 45.22103927000006], [8.936349283000027, 45.220982149000065], [8.936254752000025, 45.22087782500006], [8.936224244000073, 45.22077550300003], [8.936196578000022, 45.22062203100006], [8.93608255600003, 45.22051966200007], [8.935870970000053, 45.22053725000006], [8.935748448000027, 45.22056865900004], [8.935325186000057, 45.22068056200004], [8.935085706000052, 45.22074535100006], [8.934946489000026, 45.22076888000004], [8.934551257000066, 45.22071160000007], [8.93446506500004, 45.22061908200004], [8.934337080000034, 45.22055998700006], [8.934111647000066, 45.22051264000004], [8.933688646000064, 45.220398286000034], [8.933635671000047, 45.22046908200008], [8.933595899000068, 45.22115568000004], [8.933498090000057, 45.221478277000074], [8.933363499000052, 45.222305488000075], [8.933212689000072, 45.222716587000036], [8.933103619000065, 45.22314148000004], [8.932938952000029, 45.22349551500008], [8.93294972800004, 45.22380243500004], [8.932958048000046, 45.22382801600003], [8.932983044000025, 45.223879183000065], [8.933083169000042, 45.223961872000075], [8.93313872300007, 45.22406814400006], [8.933272352000074, 45.22407019000008], [8.933341961000053, 45.22406039400005], [8.933445009000025, 45.22402504100006], [8.933687183000075, 45.22405075800003], [8.933884871000032, 45.22402726300004], [8.933962940000072, 45.22392500300003], [8.933913046000043, 45.22373807200006], [8.93390757900005, 45.22365150400003], [8.933971739000071, 45.22353939900006], [8.934149962000049, 45.22349425200008], [8.934350291000044, 45.22359273700005], [8.934355801000038, 45.22364389300003], [8.93443081700002, 45.22377378400006], [8.934580956000048, 45.22394306600006], [8.934619668000039, 45.224173274000066], [8.934485639000059, 45.22451945900008], [8.934332447000031, 45.22458429400007], [8.934279703000072, 45.22445244900007], [8.934132336000062, 45.22429300400006], [8.93407932100007, 45.22439724600008], [8.933965060000048, 45.22449948500008], [8.93376177700003, 45.22454461700005], [8.933547445000045, 45.22451498200007], [8.933274891000053, 45.22427873500004], [8.932456411000032, 45.22427432000006], [8.93208822500003, 45.22486432000005], [8.931798162000064, 45.22530484300006], [8.932816957000057, 45.22543726300006], [8.93286990300004, 45.22539401100005], [8.932903414000066, 45.22530746600006], [8.93296207700007, 45.22513830400004], [8.932973301000061, 45.22506355000007], [8.933324250000055, 45.22492210300004], [8.933802981000042, 45.22502271800005], [8.934014356000034, 45.22520384000006], [8.934178619000022, 45.22519803400007], [8.934398510000051, 45.22523750800008], [8.934487477000062, 45.22534379800004], [8.93452325800007, 45.225701885000035], [8.934523030000037, 45.22590059200007], [8.934642392000057, 45.22620757400006], [8.93515741400006, 45.22623344400006], [8.93551934900006, 45.22622774600006], [8.936000840000077, 45.22636180000006], [8.935805628000026, 45.22665286500006], [8.93553825600003, 45.226741247000064], [8.93504273700006, 45.22669965100005], [8.934466581000038, 45.22656947300004], [8.934182816000032, 45.22638634200007], [8.933779197000035, 45.22632512000007], [8.933431418000055, 45.22612817900006], [8.933520692000059, 45.22597083900007], [8.93366553800007, 45.22590599900008], [8.93371300800004, 45.225784049000026], [8.933312355000055, 45.22557133600003], [8.931773056000054, 45.22534614400007], [8.93147738600004, 45.225816174000045], [8.931181528000025, 45.226437694000026], [8.931053209000027, 45.22664616000003], [8.930991721000055, 45.22684286200007], [8.930774624000037, 45.226791578000075], [8.930864120000024, 45.22645717600005], [8.931265890000077, 45.22574128700006], [8.93198553600007, 45.224596692000034], [8.931863121000049, 45.22452972900004], [8.931674064000049, 45.224317136000025], [8.931579727000042, 45.22405344900005], [8.931608080000046, 45.22362457400004], [8.932159771000045, 45.22322748900007], [8.932799918000057, 45.223357716000066], [8.93300362900004, 45.22294468200005], [8.933121266000057, 45.22233682500007], [8.933364634000043, 45.22133359500003], [8.933535894000045, 45.22009226700004], [8.93357256400003, 45.219679135000035], [8.933528361000072, 45.219389901000056], [8.933155292000038, 45.219432967000046], [8.932965972000034, 45.21945449700007], [8.932731916000023, 45.21964323000003], [8.93260405500007, 45.21948182700004], [8.932832549000068, 45.21928915700005], [8.93306345800005, 45.219407337000064], [8.93352567100004, 45.21930923600007], [8.933442633000027, 45.21890390500005], [8.933173019000037, 45.21776527900005], [8.933004091000043, 45.21781108700003], [8.932825853000054, 45.21788312000007], [8.932569604000037, 45.21801150500005], [8.93232079300003, 45.21812809000005], [8.932302206000031, 45.218151688000034], [8.932294745000036, 45.218184473000065], [8.932242719000044, 45.21823821800007], [8.932118395000032, 45.21822765200005], [8.931904881000037, 45.21831015600003], [8.931756300000075, 45.218409748000056], [8.931800782000039, 45.21845699200003], [8.931900932000076, 45.21850951600004], [8.931938072000037, 45.21848855300004], [8.93198641600003, 45.21840988500003], [8.932086688000027, 45.218360104000055], [8.932361326000034, 45.21837600600003], [8.932454071000052, 45.218412786000044], [8.932502182000064, 45.218530858000065], [8.932424093000066, 45.21865410200007], [8.932167913000058, 45.218722154000034], [8.931767292000075, 45.218527798000025], [8.931589071000076, 45.21858277900003], [8.93134761300007, 45.218753142000025], [8.930879444000027, 45.21917257200005], [8.930834796000056, 45.21926173300005], [8.930808624000065, 45.21941910900006], [8.93074167900005, 45.21953186600007], [8.930633948000036, 45.21960787300003], [8.93046683700004, 45.21967859800003], [8.93025160600007, 45.21964174200008], [8.930292547000022, 45.21954995500005], [8.93038922200003, 45.219408361000035], [8.930530450000049, 45.219256302000076], [8.930857537000065, 45.21887351300006], [8.93128476000004, 45.21855111900004], [8.931273773000044, 45.218427821000034], [8.931151491000037, 45.21826248600007], [8.931192426000052, 45.21817332200004], [8.931188831000043, 45.21807626200007], [8.931103630000052, 45.217939804000025], [8.931237597000063, 45.21764870900006], [8.93141186500003, 45.21779309100003], [8.931519470000069, 45.21781676400008], [8.931630682000048, 45.217929628000036], [8.93167505100007, 45.21807130700006], [8.931893926000043, 45.21816062700003], [8.932213266000076, 45.218037526000046], [8.932852013000058, 45.217730989000074], [8.932989458000065, 45.21762876500003], [8.93311951000004, 45.217502928000044], [8.933153048000065, 45.21738752700003], [8.93318288100005, 45.21726687700004], [8.933413307000023, 45.216999446000045], [8.933246456000063, 45.216857695000044], [8.933198683000057, 45.21645107200004], [8.933117235000054, 45.21627789300004], [8.933024680000074, 45.21608110000005], [8.932958228000075, 45.21577939200006], [8.932950972000071, 45.21563773500003], [8.932921505000024, 45.21544622500005], [8.93287014200007, 45.21493991700004], [8.932785047000039, 45.21471427100005], [8.932614444000023, 45.21461449000003], [8.932428921000053, 45.214577656000074], [8.932150547000049, 45.21459847600005], [8.932009601000061, 45.21452756600007], [8.931876235000061, 45.21432550000003], [8.931746295000039, 45.21436214700003], [8.931486385000028, 45.21446167300007], [8.931248746000051, 45.214555965000045], [8.930895949000046, 45.21473937600007], [8.930587746000072, 45.21487297300007], [8.93026101700002, 45.214980325000056], [8.929952881000077, 45.21505620900007], [8.929169805000072, 45.21503998600008], [8.92867595000007, 45.21523642000005], [8.92845255100002, 45.21580813700007], [8.928095863000067, 45.21612007400006], [8.927464048000047, 45.21680695200007], [8.927192665000064, 45.217155665000064], [8.926987869000072, 45.217674927000076], [8.926935569000022, 45.217939837000074], [8.92694652800003, 45.21807625000008], [8.927028113000063, 45.218131389000064], [8.927172798000072, 45.21818132200008], [8.927213646000041, 45.21816560900004], [8.927228643000035, 45.21804757500007], [8.927243499000042, 45.21803971500003], [8.927573830000028, 45.21803730200003], [8.927759483000045, 45.21797708500003], [8.928000760000032, 45.21795625200008], [8.928026896000063, 45.217832979000036], [8.928157012000042, 45.217665176000025], [8.928368502000069, 45.21771777200007], [8.928509320000046, 45.217893616000026], [8.928382641000042, 45.21828176900004], [8.928033675000052, 45.21834450700004], [8.927347009000073, 45.21836505700003], [8.926920464000034, 45.218141813000045], [8.926864421000062, 45.21843032900006], [8.926830599000027, 45.218755584000064], [8.926945635000038, 45.21877402000007], [8.927268580000032, 45.21874537100007], [8.927390819000038, 45.21893694200003], [8.927583769000023, 45.218979035000075], [8.927828728000065, 45.218984438000064], [8.927925038000069, 45.21913664400006], [8.927895213000056, 45.219241553000074], [8.92761291000005, 45.21941450500003], [8.927627683000026, 45.21947222500006], [8.927813033000064, 45.21965596600006], [8.928176299000029, 45.22003393500006], [8.928146122000044, 45.22041690300006], [8.927782609000076, 45.22023305000005], [8.92740451700007, 45.21983933000007], [8.927048660000025, 45.21947710300003], [8.926677604000076, 45.219392922000054], [8.926565837000055, 45.21971812700008], [8.926847391000024, 45.220132773000046], [8.926943539000035, 45.220410893000064], [8.927366232000054, 45.220757425000045], [8.927677717000051, 45.22099371000007], [8.927937015000055, 45.22140833900005], [8.927536197000052, 45.22136611500008], [8.926208195000072, 45.22074094300007], [8.926320760000067, 45.21980191200004], [8.926566371000035, 45.21930366200007], [8.926574415000061, 45.21882099900006], [8.92674630700003, 45.217918730000065], [8.926910617000033, 45.217137122000054], [8.927535205000027, 45.21630334400004], [8.92793275200006, 45.215967825000064], [8.92850194700003, 45.214892672000076], [8.928717240000026, 45.21486395100004], [8.929277668000054, 45.214851183000064], [8.930068242000061, 45.214804453000056], [8.931319644000041, 45.214238601000034], [8.93222940100003, 45.21382730200003], [8.932886722000035, 45.21346568800004], [8.93294521100006, 45.21313815000008], [8.932647039000074, 45.21317353400008], [8.932641902000057, 45.21306714600007], [8.932614233000038, 45.21292744500005], [8.932570117000068, 45.212573286000065], [8.932208504000073, 45.21267308100005], [8.93213840900006, 45.21232153100004], [8.931782119000047, 45.21233705800006], [8.931399788000022, 45.21240240900005], [8.931688457000064, 45.21307412200008], [8.931758719000072, 45.21328402000006], [8.931695423000065, 45.21345449000006], [8.931665586000065, 45.21357776200006], [8.931821342000035, 45.213674913000034], [8.931861960000049, 45.21384806900005], [8.931743180000069, 45.213863737000054], [8.931579976000023, 45.213787567000054], [8.931294113000035, 45.21386609100006], [8.930978552000056, 45.213951155000075], [8.930841515000054, 45.21371891900003], [8.930889868000065, 45.213631071000066], [8.931062600000075, 45.21350001500008], [8.931337331000066, 45.213419517000034], [8.93155267800006, 45.213339639000026], [8.93159730900004, 45.21325965800003], [8.93140672900006, 45.21280310700007], [8.931125484000063, 45.21213533400004], [8.931018360000053, 45.21172080300005], [8.931165099000054, 45.21159760200004], [8.930143744000077, 45.21073132500004], [8.929976686000032, 45.210779751000075], [8.929785478000042, 45.210850460000074], [8.929574342000024, 45.21053030000007], [8.929992009000046, 45.21038890400007], [8.930173490000072, 45.21068412600005], [8.931241206000038, 45.21157403800004], [8.931952017000071, 45.21146560100004], [8.932512503000055, 45.21137543400005], [8.931970764000027, 45.21130428600003], [8.931983853000077, 45.211220351000065], [8.93201735200006, 45.21113642800003], [8.93211780200005, 45.21092663200005], [8.932240442000023, 45.21077980500007], [8.932192298000075, 45.210695834000035], [8.93201784300004, 45.210724586000026], [8.931754228000045, 45.21083198000008], [8.931501819000061, 45.21087904700005], [8.931398013000035, 45.21079241900003], [8.931364853000048, 45.210593035000045], [8.932103723000068, 45.21028394000007], [8.93305427000007, 45.20984118000007], [8.932320401000027, 45.209072149000065], [8.932451636000053, 45.20899729300004]], [[8.93556994000005, 45.215328885000076], [8.936173646000043, 45.21561449700005], [8.936290616000065, 45.21555947500008], [8.936510741000063, 45.21535695600005], [8.936884207000048, 45.21493023800008], [8.936992916000065, 45.21479258000005], [8.937012511000034, 45.21469225300007], [8.936931857000047, 45.21463121900007], [8.936828810000065, 45.21468231400007], [8.936773045000052, 45.21476884900005], [8.93659205800003, 45.21482186900005], [8.93633907100002, 45.21454235700003], [8.936024370000041, 45.21469170300003], [8.936096593000059, 45.21482356000007], [8.935818013000073, 45.21502801300005], [8.93556994000005, 45.215328885000076]], [[8.934536256000058, 45.216195921000065], [8.935000904000049, 45.21637915400004], [8.935120772000062, 45.21622576500005], [8.934700668000062, 45.21603665500004], [8.934536256000058, 45.216195921000065]], [[8.93594743400007, 45.21627738400008], [8.936406894000072, 45.216126151000026], [8.936181548000036, 45.216015852000055], [8.93594743400007, 45.21627738400008]], [[8.935403249000046, 45.21412326700005], [8.935614562000069, 45.214327996000065], [8.935723186000075, 45.21426706800003], [8.935386709000056, 45.21398160500007], [8.935314299000026, 45.21401697700003], [8.935403249000046, 45.21412326700005]], [[8.933934713000042, 45.21194058100008], [8.934265844000038, 45.21201750100005], [8.934747292000054, 45.21208270100004], [8.934825229000069, 45.21208077800003], [8.934897973000034, 45.21175029600005], [8.934931557000027, 45.21158898900006], [8.934976102000064, 45.21157917700003], [8.935034891000043, 45.211282133000054], [8.934453268000027, 45.211201137000046], [8.934213929000066, 45.211177390000046], [8.934110868000062, 45.21124422300005], [8.933884626000065, 45.21192874800005], [8.933934713000042, 45.21194058100008]]]}, "properties": {"OBJECTID": 76, "GisId": "{816AEDA9-EA95-4FF5-AFA4-B9D97C8EDADF}", "GisDescription": "SANTUARIO MADONNA DELLA BOZZOLA", "GisCode": "DGR02", "Shape_Length": 0.19772051824789985, "Shape_Area": 5.329279830799189e-05, "codice_distretto": "DGR02"}}, {"type": "Feature", "id": 77, "geometry": {"type": "Polygon", "coordinates": [[[8.749335485000074, 45.310025033000045], [8.749340974000063, 45.30998715800007], [8.748930346000066, 45.30999024800008], [8.749097031000076, 45.30864781500003], [8.751512092000041, 45.30808136200005], [8.75193699600004, 45.30871928100004], [8.752894551000054, 45.30814165000004], [8.754953698000065, 45.306910584000036], [8.754704891000074, 45.30626512600003], [8.754985971000053, 45.306205103000025], [8.755042960000026, 45.30643317700003], [8.754878633000033, 45.30645752600003], [8.755066968000051, 45.30683836400004], [8.75572117400003, 45.30634339000005], [8.755995177000045, 45.30590557100004], [8.75604387200002, 45.305325968000034], [8.754446573000052, 45.305445733000056], [8.754412334000051, 45.30457223600007], [8.75659233500005, 45.30444873500005], [8.75637608900007, 45.305679937000036], [8.757403450000027, 45.305566181000074], [8.760518055000034, 45.304811888000074], [8.761962192000055, 45.30447795200007], [8.759673218000046, 45.30413772400004], [8.75924936000007, 45.303923258000054], [8.75966823500005, 45.302803819000076], [8.760529947000066, 45.302782438000065], [8.760742463000042, 45.30365661900004], [8.759960136000075, 45.304089618000035], [8.760761778000074, 45.30411378100007], [8.762469355000064, 45.30334548400003], [8.763676932000067, 45.30326774900004], [8.764821776000076, 45.30311858500005], [8.764998812000044, 45.30392989500007], [8.756313181000053, 45.305982338000035], [8.756095782000045, 45.30639129200006], [8.75476679600007, 45.30738844100006], [8.754030715000056, 45.30781439400005], [8.754225138000038, 45.30797423100006], [8.75443675200006, 45.308909465000056], [8.755387917000064, 45.30877916900005], [8.755232171000046, 45.310208267000064], [8.755914983000025, 45.31023509100004], [8.760370045000059, 45.30947641200004], [8.761932565000052, 45.30910287000006], [8.764985704000026, 45.308344704000035], [8.766512577000071, 45.30788407000006], [8.767967144000067, 45.30752109300005], [8.769785273000025, 45.30739796100005], [8.770729904000063, 45.30742884700004], [8.770768479000026, 45.30550139600007], [8.772472582000034, 45.30562799200004], [8.772251789000052, 45.30645339300003], [8.770979949000036, 45.30653804800005], [8.770894149000071, 45.307443669000065], [8.77186966000005, 45.30745649100004], [8.775124991000041, 45.30744845400005], [8.777460906000044, 45.30752549300007], [8.778811662000066, 45.30743029100006], [8.78148935400003, 45.306754289000025], [8.783678789000021, 45.306189618000076], [8.786127670000042, 45.30557104400003], [8.785324831000025, 45.30538837900008], [8.785452227000064, 45.30496289600006], [8.785615282000037, 45.304611754000064], [8.786475320000022, 45.30481430200007], [8.786181758000055, 45.30552404400004], [8.786397331000046, 45.305542563000074], [8.786569522000036, 45.305492161000075], [8.786829084000033, 45.30541837000004], [8.786671259000059, 45.30506119300003], [8.78677427100007, 45.304974429000026], [8.786993403000054, 45.30496340600007], [8.787160322000034, 45.30498126700007], [8.78722381600005, 45.30515751300004], [8.787030069000025, 45.30521947100004], [8.786965673000054, 45.30527732100006], [8.786862898000038, 45.30530068100006], [8.786898479000058, 45.305396761000054], [8.787276272000042, 45.30528514700006], [8.789208551000058, 45.30480865900006], [8.789398988000073, 45.30468219900007], [8.789358437000033, 45.30454082000006], [8.78894833000004, 45.304369774000065], [8.787000376000037, 45.30355094400005], [8.787099729000033, 45.303069246000064], [8.787527796000063, 45.30255193000005], [8.788866979000034, 45.30277180400003], [8.788741662000064, 45.303336787000035], [8.78970104900003, 45.30352696300008], [8.78946226200003, 45.30423304200008], [8.789886582000065, 45.304726575000075], [8.78957211900007, 45.30507019800007], [8.789828472000067, 45.30516849600008], [8.79036676000004, 45.305390498000065], [8.79075658000005, 45.30549628500006], [8.790523156000063, 45.30591739700003], [8.790390140000056, 45.30607469200004], [8.790344380000022, 45.30617073500008], [8.790234036000072, 45.30633608200003], [8.78995685600006, 45.306594578000045], [8.789414945000033, 45.30681253400007], [8.789161039000021, 45.30693732200007], [8.78871392600007, 45.30754409300005], [8.788382429000023, 45.30743393200004], [8.788841687000058, 45.30681884200004], [8.788087782000048, 45.30654306300005], [8.787968501000023, 45.306395708000025], [8.78817293700007, 45.30603055000006], [8.78876729500007, 45.306112186000064], [8.789310687000068, 45.30495739700007], [8.787691860000052, 45.305363818000046], [8.785713073000068, 45.30591084500003], [8.782500493000043, 45.30684679800004], [8.78069154700006, 45.307263626000065], [8.779077825000059, 45.30764457300006], [8.777434497000058, 45.30771384600007], [8.774066377000054, 45.30767462400007], [8.77256729800007, 45.307683557000075], [8.772463689000062, 45.30833789400003], [8.77124014800006, 45.30835107100006], [8.771274581000057, 45.30769662700004], [8.770800808000047, 45.307671742000025], [8.769923099000039, 45.307597514000065], [8.76837204800006, 45.30769945000003], [8.76659371900007, 45.30813061100008], [8.762974898000039, 45.30910503800004], [8.76037936800003, 45.30970106900003], [8.759198756000046, 45.309935720000055], [8.755620932000056, 45.31055330100003], [8.755184461000056, 45.31055598900008], [8.755197448000047, 45.31205366900008], [8.754190051000023, 45.31230227100008], [8.752243930000077, 45.31252770100008], [8.750776253000026, 45.312380318000066], [8.749868026000058, 45.31237833300003], [8.748904589000063, 45.31270042800003], [8.748839019000059, 45.31152364700006], [8.74882032100004, 45.31118596400006], [8.748820762000037, 45.31115538600005], [8.748828480000043, 45.31062025300008], [8.748919286000046, 45.310053433000064], [8.749340623000023, 45.310066867000046], [8.749335485000074, 45.310025033000045]]]}, "properties": {"OBJECTID": 77, "GisId": "{0E35F28F-2A53-4B44-B693-0EADA5C7CD10}", "GisDescription": "VIA DEL MILLE - CASE NUOVE", "GisCode": "DCL03", "Shape_Length": 0.1624546929571324, "Shape_Area": 5.287123956412272e-05, "codice_distretto": "DCL03"}}, {"type": "Feature", "id": 79, "geometry": {"type": "Polygon", "coordinates": [[[9.302185072000043, 45.16096479600003], [9.301946066000028, 45.16093818600007], [9.299640767000028, 45.16078747700004], [9.297610272000043, 45.16023846000007], [9.29658739000007, 45.15823611900004], [9.293564547000074, 45.15837607000003], [9.290523574000076, 45.154783329000054], [9.28197412000003, 45.15372824000008], [9.280081026000062, 45.15125193400007], [9.27690551400002, 45.147569575000034], [9.27348573200004, 45.14608364400004], [9.276600177000034, 45.143628542000044], [9.282254648000048, 45.14333847300003], [9.289094213000055, 45.14467372300004], [9.29684978900002, 45.14648272300008], [9.304238962000056, 45.14635351100003], [9.316269267000052, 45.14592280100004], [9.320421858000032, 45.14833473400006], [9.319108907000043, 45.15130644100003], [9.316605138000057, 45.15337362300005], [9.313765498000066, 45.15440718600007], [9.314028851000046, 45.15639620500008], [9.31329985800005, 45.15644465100007], [9.312751461000062, 45.156621733000065], [9.312702064000064, 45.156645164000054], [9.312620004000053, 45.15676358700006], [9.312368100000072, 45.15684702100003], [9.312375734000057, 45.15702465600003], [9.310910112000045, 45.15718883200003], [9.309681129000069, 45.15717806600003], [9.309268647000067, 45.15706898900004], [9.309010045000036, 45.15712279400003], [9.308919693000064, 45.15704416800003], [9.306894013000033, 45.157252140000026], [9.30603091200004, 45.15739909800004], [9.306072896000046, 45.15790508100008], [9.305637789000059, 45.15795016000004], [9.305517563000024, 45.15796462700007], [9.305223675000036, 45.15804469500006], [9.30531241500006, 45.15850895600005], [9.305350582000074, 45.15868052900004], [9.305520425000054, 45.159262529000046], [9.305553822000036, 45.159354707000034], [9.302698915000065, 45.15969381100007], [9.302822959000025, 45.160291276000066], [9.302917385000057, 45.16073669600007], [9.302415949000022, 45.16080777600007], [9.302185072000043, 45.16096479600003]]]}, "properties": {"OBJECTID": 79, "GisId": "{88E76BF2-B636-42C4-ADC7-8F45C4145B27}", "GisDescription": "SANTA MARGHERITA", "GisCode": "DBLG02", "Shape_Length": 0.11109749997050662, "Shape_Area": 0.000452877084163586, "codice_distretto": "DBLG02"}}, {"type": "Feature", "id": 80, "geometry": {"type": "Polygon", "coordinates": [[[9.322824849000028, 45.07054499700007], [9.328914574000066, 45.07158310700004], [9.334332330000052, 45.070871262000026], [9.34138801000006, 45.072413581000035], [9.341766157000052, 45.073653258000036], [9.341897238000058, 45.07411898200007], [9.342485211000053, 45.075394292000055], [9.341193769000029, 45.07695873200004], [9.339471846000038, 45.07888641900007], [9.336007004000066, 45.07970196000008], [9.332500163000077, 45.08007265600003], [9.328720333000035, 45.078708481000035], [9.32355456700003, 45.07778912800006], [9.319354756000052, 45.07497166300004], [9.318455992000054, 45.07410484300004], [9.320052480000072, 45.073266164000074], [9.320618781000064, 45.07283137200005], [9.322824849000028, 45.07054499700007]]]}, "properties": {"OBJECTID": 80, "GisId": "{21AF5C2D-589A-4DB1-8431-7F0E2B6D21A6}", "GisDescription": "COLOMBETTA", "GisCode": "DSTR01", "Shape_Length": 0.05501354775342646, "Shape_Area": 0.0001569715550060025, "codice_distretto": "DSTR01"}}, {"type": "Feature", "id": 81, "geometry": {"type": "Polygon", "coordinates": [[[8.855802242000038, 45.25932590200006], [8.855773675000023, 45.25935703700003], [8.855583727000067, 45.25928186500005], [8.855467822000037, 45.25942119600006], [8.854829529000028, 45.25926310300008], [8.854741991000026, 45.259399501000075], [8.854835276000074, 45.25948122900007], [8.854795099000057, 45.25958281900006], [8.855158234000044, 45.25971385500003], [8.855184415000053, 45.25974579000007], [8.855094790000066, 45.25987699400008], [8.855012546000069, 45.259997078000026], [8.854900861000033, 45.260127511000064], [8.854894468000055, 45.26016311400008], [8.854575276000048, 45.26010038800007], [8.854470048000053, 45.260169993000034], [8.854222607000054, 45.260804747000066], [8.853901201000042, 45.26078504600008], [8.853615757000057, 45.260670428000026], [8.853522939000072, 45.260815723000064], [8.853415007000024, 45.26111828100005], [8.853338958000052, 45.261278434000076], [8.853469028000063, 45.26135427500003], [8.853376207000053, 45.26149956900008], [8.852296846000058, 45.26127709100007], [8.852136020000046, 45.26171905700005], [8.853336949000038, 45.26205891300003], [8.853328182000041, 45.26219986400008], [8.853294320000032, 45.26229478500005], [8.851967315000024, 45.26195773200004], [8.851895410000054, 45.261936494000054], [8.851805236000075, 45.26207214600004], [8.851946825000027, 45.26216210000007], [8.851791201000026, 45.26241896700003], [8.853042524000045, 45.26277669800004], [8.853386831000023, 45.26288249100003], [8.854382054000041, 45.26315530000005], [8.85429270800006, 45.263585490000025], [8.854737842000077, 45.26370476100004], [8.85473367000003, 45.26382798700007], [8.854659924000032, 45.26397916700006], [8.85427681300007, 45.264254667000046], [8.853674437000052, 45.26481774200005], [8.853541606000022, 45.264995629000055], [8.85338592900007, 45.26506962000008], [8.853211325000075, 45.26514952000008], [8.852962739000077, 45.26539996400004], [8.853164177000053, 45.265507057000036], [8.853200814000047, 45.26555903800005], [8.853168142000072, 45.26559905900007], [8.853120125000032, 45.26558172500006], [8.853073653000024, 45.26557371200005], [8.852929885000037, 45.265510465000034], [8.852804933000073, 45.26548359600008], [8.85268730100006, 45.265470090000065], [8.85258318600006, 45.26551076000004], [8.851662920000024, 45.26589239100008], [8.85049327300004, 45.266416133000064], [8.849472479000042, 45.26626344400006], [8.849375965000036, 45.266209899000046], [8.84933841000003, 45.266108951000035], [8.84942281900004, 45.26597255300004], [8.84978140100003, 45.26545072500005], [8.847816159000047, 45.26489911500005], [8.84819606900004, 45.26426158500004], [8.848658335000039, 45.26425626300005], [8.848981801000036, 45.26429823700005], [8.849180252000053, 45.26394238600005], [8.849226939000062, 45.26376735900004], [8.84911369100007, 45.263687084000026], [8.849004771000068, 45.26355933200006], [8.84892108200006, 45.26342567900008], [8.848845661000041, 45.263342486000056], [8.848824792000073, 45.263289041000064], [8.848938890000056, 45.26304881600004], [8.849116081000034, 45.262784932000045], [8.84925516900006, 45.26262783200008], [8.84934402700003, 45.26239647600005], [8.849398953000048, 45.26228377900003], [8.849491792000038, 45.26213552100006], [8.84968599800004, 45.261791533000064], [8.849867392000021, 45.261524687000076], [8.849993908000044, 45.261352732000034], [8.850166599000033, 45.26119864200007], [8.850313828000026, 45.26113948300008], [8.850435812000057, 45.26109216100008], [8.85049062500002, 45.261021010000036], [8.850587606000033, 45.26089353000003], [8.850838746000022, 45.26046652100007], [8.850940068000057, 45.260285629000066], [8.851035040000056, 45.26012253400006], [8.85107516100004, 45.26004542900006], [8.851297535000072, 45.259367618000056], [8.851281222000068, 45.25917767000004], [8.851332203000027, 45.25896406800007], [8.851543009000068, 45.25869132200006], [8.851669466000033, 45.25853717000007], [8.851947237000047, 45.25836540900008], [8.852065259000028, 45.25822311600007], [8.852258729000027, 45.258152144000064], [8.852586225000039, 45.25824753100005], [8.85316586500005, 45.258331370000064], [8.853266664000046, 45.25834930600007], [8.85339267300003, 45.25836727300003], [8.854079501000058, 45.25843640800008], [8.854365159000054, 45.258463481000035], [8.854478469000071, 45.258518527000035], [8.85468829000007, 45.25862562700007], [8.854858272000058, 45.258701518000066], [8.854917030000024, 45.258728301000076], [8.855038749000073, 45.25878187300003], [8.855259144000058, 45.25886227800004], [8.855414757000062, 45.258806090000064], [8.855610167000066, 45.258797435000076], [8.855660470000032, 45.25884498000005], [8.855691853000053, 45.25889695300003], [8.85580724600004, 45.258959418000074], [8.85576089400007, 45.25901129300007], [8.855727154000022, 45.25906021600008], [8.85573540100006, 45.25912254700006], [8.855844448000028, 45.25920281000003], [8.855846385000063, 45.259267358000045], [8.855802242000038, 45.25932590200006]]]}, "properties": {"OBJECTID": 81, "GisId": "{4616FA64-7F58-4DF0-AD97-088DDA8D0AC3}", "GisDescription": "VIA VIGNATE", "GisCode": "DGM02", "Shape_Length": 0.03711628783694365, "Shape_Area": 3.081969796546337e-05, "codice_distretto": "DGM02"}}, {"type": "Feature", "id": 82, "geometry": {"type": "Polygon", "coordinates": [[[9.236276610000061, 45.31359025300003], [9.229089937000026, 45.30896291900007], [9.225088913000036, 45.300667443000066], [9.223856370000021, 45.29823992000007], [9.224406273000056, 45.29646589500004], [9.225468157000023, 45.295438802000035], [9.226567964000026, 45.29246413100003], [9.227136831000053, 45.28944928300007], [9.229810500000042, 45.288995707000026], [9.231820493000043, 45.289469293000025], [9.23219025700007, 45.289095761000056], [9.233038624000073, 45.28920199400005], [9.233034074000045, 45.28925334500008], [9.232789936000074, 45.289898685000026], [9.232961781000029, 45.28997372500004], [9.233412134000048, 45.28993703900005], [9.232862229000034, 45.291110970000034], [9.232644164000021, 45.29163789800003], [9.23307081400003, 45.29172460800004], [9.232994965000046, 45.29211813200004], [9.233241474000067, 45.29239159700006], [9.233639680000067, 45.292725088000054], [9.23394128800004, 45.29305451400006], [9.234071069000038, 45.29304857300008], [9.234502460000044, 45.29230155400006], [9.234524872000065, 45.291898024000034], [9.234667193000064, 45.291642067000055], [9.235122286000035, 45.29169876200007], [9.236011139000027, 45.29193220900004], [9.235944772000039, 45.29212563500005], [9.236463861000061, 45.292277375000026], [9.236454381000044, 45.292459128000075], [9.236508727000057, 45.29255246800005], [9.236584746000062, 45.29255584100008], [9.23673644400003, 45.29231072500005], [9.236930806000032, 45.29188135000004], [9.237822030000075, 45.29210812700006], [9.23879147200006, 45.292366585000025], [9.23913279200002, 45.29247830400004], [9.239073534000056, 45.29277010900006], [9.23908311100007, 45.29311648200007], [9.239243009000063, 45.29324699800003], [9.241030197000043, 45.29351712300007], [9.240892721000023, 45.294060701000035], [9.241205597000032, 45.29478769000008], [9.242077859000062, 45.29626831400003], [9.240239710000026, 45.29866674400006], [9.237660851000044, 45.30189450300003], [9.236485195000057, 45.30408180500007], [9.237945284000034, 45.30710921200006], [9.239879429000041, 45.30828278900003], [9.241510177000066, 45.30966971200007], [9.24223074200006, 45.31089657700005], [9.241434329000072, 45.31271015600004], [9.23934848700003, 45.31404363200005], [9.236276610000061, 45.31359025300003]]]}, "properties": {"OBJECTID": 82, "GisId": "{E5840E93-E808-45CE-A57A-6B5878618BDB}", "GisDescription": "MILANO", "GisCode": "DVDG01", "Shape_Length": 0.08096357442484312, "Shape_Area": 0.0002797223469747236, "codice_distretto": "DVDG01"}}, {"type": "Feature", "id": 83, "geometry": {"type": "Polygon", "coordinates": [[[9.26137772900006, 45.059410925000066], [9.260706120000066, 45.05854357800007], [9.260635488000048, 45.05859574900006], [9.259373108000034, 45.05964215000006], [9.259094009000023, 45.06042769800007], [9.259301186000073, 45.060708248000026], [9.259206723000034, 45.06076359900004], [9.258655504000046, 45.06078520800003], [9.258277650000025, 45.06012705300003], [9.258612566000068, 45.05965996900005], [9.258532415000047, 45.05949214200007], [9.257948457000055, 45.05922321300005], [9.257604952000065, 45.059134243000074], [9.257083970000053, 45.05910593500005], [9.255778651000071, 45.05925152100008], [9.253866473000073, 45.058750056000065], [9.252526805000059, 45.05842652800004], [9.250902790000055, 45.05882824200006], [9.250774930000034, 45.05892125500003], [9.249752048000062, 45.058247239000025], [9.249034505000054, 45.05768712400004], [9.249075534000042, 45.05758602000003], [9.249006834000056, 45.05751457300005], [9.247800749000021, 45.05779496900004], [9.246577334000051, 45.05700544800004], [9.247684888000038, 45.05622554800004], [9.249119466000025, 45.05311328200003], [9.250288343000022, 45.05244732600005], [9.25103897200006, 45.05134731000004], [9.251567047000037, 45.05093363800006], [9.253825924000068, 45.050170894000075], [9.253928279000036, 45.05013633100003], [9.25500127500004, 45.05001565600003], [9.255764575000057, 45.04972025500007], [9.256757659000073, 45.048557207000044], [9.256945613000028, 45.05018066000008], [9.260518064000053, 45.051152727000044], [9.264395853000053, 45.052899979000074], [9.265008701000056, 45.054113277000056], [9.266100032000054, 45.056273727000075], [9.267021757000066, 45.05809828000008], [9.266288947000021, 45.06102076800005], [9.265827563000073, 45.06130634300007], [9.264884213000073, 45.06147764600007], [9.264678096000068, 45.061731225000074], [9.26456055500006, 45.06191637200004], [9.264403156000071, 45.06212857100007], [9.26437880100002, 45.06215036100008], [9.263976765000052, 45.062261060000026], [9.263777574000073, 45.062333599000056], [9.26341195200007, 45.06253918600004], [9.263332896000065, 45.062514306000025], [9.263120386000026, 45.06223028800008], [9.262943590000077, 45.06199399900004], [9.262342751000062, 45.061350693000065], [9.261884640000062, 45.06025685100008], [9.26137772900006, 45.059410925000066]]]}, "properties": {"OBJECTID": 83, "GisId": "{B59F2E4E-EECE-476E-A835-3331DA4BC1D4}", "GisDescription": "ACQUACALDA", "GisCode": "DBRN02", "Shape_Length": 0.05889819339540215, "Shape_Area": 0.0001485489259569984, "codice_distretto": "DBRN02"}}, {"type": "Feature", "id": 84, "geometry": {"type": "Polygon", "coordinates": [[[9.11461042700006, 45.14211721000004], [9.113977740000053, 45.13957666500005], [9.112767999000027, 45.13950295800004], [9.111713494000071, 45.13887966900006], [9.112554899000031, 45.138080751000075], [9.112963410000077, 45.134465488000046], [9.113037685000052, 45.132972159000076], [9.11411466900006, 45.132159982000076], [9.115340202000027, 45.13213378300003], [9.115830068000037, 45.13217578300004], [9.116328985000052, 45.133231694000074], [9.116737497000031, 45.13627069200004], [9.11769378400004, 45.13782942600005], [9.118745237000041, 45.13805701100006], [9.11952976300006, 45.13814215000008], [9.119442208000066, 45.13828978600003], [9.11961448300002, 45.13827640800008], [9.11936148500007, 45.13887442500004], [9.119054911000035, 45.13930974400006], [9.11898082700003, 45.13965539900005], [9.119210615000043, 45.14051003700007], [9.116719597000042, 45.141149133000056], [9.117783146000022, 45.141772325000034], [9.118070960000068, 45.14229294800003], [9.118335564000063, 45.142183258000045], [9.118952974000024, 45.14218653200004], [9.119065688000035, 45.14239778500007], [9.118834599000024, 45.142648215000065], [9.11833092300003, 45.142733347000046], [9.118572315000051, 45.14343241100005], [9.11800597000007, 45.143858066000064], [9.11747751200005, 45.14390322700007], [9.117212705000043, 45.14412044300008], [9.116735493000022, 45.144183790000056], [9.116301132000046, 45.144683583000074], [9.115962254000067, 45.144644292000066], [9.11553749500007, 45.144293951000066], [9.115336125000056, 45.14430344400006], [9.115078846000074, 45.14284606100006], [9.11461042700006, 45.14211721000004]]]}, "properties": {"OBJECTID": 84, "GisId": "{F977AA30-6B2C-4323-9D17-7CDAA183F55A}", "GisDescription": "VIA_GALLO", "GisCode": "DCVM03", "Shape_Length": 0.03840594452946894, "Shape_Area": 5.000411275394166e-05, "codice_distretto": "DCVM03"}}, {"type": "Feature", "id": 85, "geometry": {"type": "Polygon", "coordinates": [[[8.72570324700007, 45.25604950300004], [8.725812119000068, 45.25608274800004], [8.726014819000056, 45.255573868000056], [8.727045857000064, 45.255818248000026], [8.727152024000077, 45.25618302400005], [8.728363131000037, 45.256400023000026], [8.728294767000023, 45.256619862000036], [8.729728536000039, 45.25703418100005], [8.729547364000041, 45.25764018500007], [8.730280597000046, 45.25777196900003], [8.730686676000062, 45.25682767200004], [8.733241749000058, 45.25727399800007], [8.733297805000063, 45.25731762000004], [8.73296891900003, 45.257788246000075], [8.733359878000044, 45.25796479300004], [8.733361845000047, 45.25804598700006], [8.733135634000064, 45.25825754400006], [8.732957120000037, 45.25830352100007], [8.732931772000029, 45.258205703000044], [8.732803549000039, 45.25803308400003], [8.732534265000027, 45.25842431500007], [8.732618414000058, 45.25848996000008], [8.732652725000037, 45.25917766300006], [8.732123117000071, 45.25904883900006], [8.731519132000074, 45.25976818100003], [8.731968768000058, 45.25994155800004], [8.730917593000072, 45.26095974900005], [8.730664212000022, 45.260959152000055], [8.73041390700007, 45.261299887000064], [8.731625757000074, 45.26203509900006], [8.731526281000072, 45.26223369600007], [8.731029956000043, 45.26200718700005], [8.73069606200005, 45.26216215000005], [8.730083595000053, 45.26169014000004], [8.729701065000029, 45.26220619400004], [8.730174207000061, 45.26237300500003], [8.729512131000035, 45.26345506400003], [8.728982892000033, 45.26324172400007], [8.728808216000061, 45.263463337000076], [8.726691542000026, 45.26647057000008], [8.72718788800006, 45.266697098000066], [8.727338818000021, 45.266538395000055], [8.727962266000077, 45.26668237600006], [8.727828843000054, 45.267106229000035], [8.726525737000031, 45.26679493000006], [8.723557842000048, 45.27108583000006], [8.720127276000028, 45.27583614100007], [8.720427138000048, 45.275942917000066], [8.720315080000034, 45.27582334500005], [8.72048459900003, 45.27571109000007], [8.721292912000024, 45.27550098000006], [8.721553379000056, 45.27598543500005], [8.72100698600002, 45.27638176100004], [8.719600825000043, 45.275993913000036], [8.719855936000044, 45.27565652900006], [8.719829014000027, 45.275404611000056], [8.719792804000065, 45.275132788000064], [8.719145995000076, 45.27495225200005], [8.718942037000033, 45.27443479300007], [8.718850036000049, 45.27405678900004], [8.718082201000072, 45.27367712000006], [8.71826425200004, 45.27292864300006], [8.719047155000055, 45.27215513400006], [8.720792850000066, 45.272192553000025], [8.722134225000048, 45.272374771000045], [8.726480991000074, 45.26634082700008], [8.72631192600005, 45.26636693200004], [8.725701333000075, 45.266478138000025], [8.724865744000056, 45.26653577700006], [8.724497212000074, 45.26705184800005], [8.723297092000053, 45.26679709500007], [8.723412550000035, 45.266214139000056], [8.724566821000053, 45.26624344000004], [8.725257739000028, 45.26504549300006], [8.726954644000045, 45.26542734100008], [8.727501747000076, 45.26485204000005], [8.726827383000057, 45.264565438000034], [8.726828781000052, 45.26427382400004], [8.72595702500007, 45.26405302200004], [8.726133404000052, 45.26348015100007], [8.728101357000071, 45.26408797200003], [8.728634800000066, 45.263419845000044], [8.72968895400004, 45.261791935000076], [8.729379591000054, 45.26172161200003], [8.729460478000021, 45.26148652100005], [8.728209675000073, 45.26105606600004], [8.727893648000077, 45.26139995300008], [8.72722850100007, 45.26115645600004], [8.727346490000059, 45.261014243000034], [8.726708471000052, 45.26098620700003], [8.72592127200005, 45.26075566500003], [8.725667716000032, 45.26079150900006], [8.725395104000029, 45.260886955000046], [8.72468183500007, 45.260895179000045], [8.724650223000026, 45.260639938000054], [8.724345485000072, 45.260586181000065], [8.721606787000042, 45.26170127300003], [8.721250852000026, 45.26156122400005], [8.72069394700003, 45.26173715400006], [8.720495610000057, 45.261993491000055], [8.720583789000045, 45.26219253800008], [8.720557729000063, 45.262243839000064], [8.720745382000075, 45.26225258200003], [8.721298471000068, 45.262378202000036], [8.721478045000026, 45.26212016100004], [8.721970159000023, 45.26224065800005], [8.721804421000058, 45.262548442000025], [8.722169861000054, 45.26266531600004], [8.722401128000058, 45.262390829000026], [8.722809122000058, 45.26244152800007], [8.722694441000044, 45.262865420000026], [8.72195378500004, 45.26271118400007], [8.721653699000058, 45.26266405900003], [8.720350598000039, 45.262379199000065], [8.719936742000073, 45.26256707400006], [8.718944295000028, 45.26304182900003], [8.718651941000076, 45.263329413000065], [8.717606793000073, 45.264838198000064], [8.718879856000058, 45.26516418400007], [8.718974584000023, 45.26498712700004], [8.719406047000064, 45.265039552000076], [8.719379699000058, 45.265148844000066], [8.719707732000074, 45.265240780000056], [8.719569461000049, 45.26568449500007], [8.719377218000034, 45.265652542000055], [8.719209593000073, 45.26586255800004], [8.718738512000073, 45.26575369900007], [8.718900025000039, 45.26535643700004], [8.717564759000027, 45.264924000000065], [8.717437263000022, 45.26508440600003], [8.717771937000066, 45.26525589600004], [8.71751748500003, 45.265467353000076], [8.71805597100007, 45.265703966000046], [8.717711750000035, 45.266037813000025], [8.716805688000022, 45.266111789000036], [8.716706680000073, 45.26620433100004], [8.716597445000048, 45.26646585300006], [8.717286730000069, 45.266576918000055], [8.71731883700005, 45.266726120000044], [8.717867525000031, 45.26680038100005], [8.717951436000021, 45.266913259000034], [8.717875236000054, 45.267138412000065], [8.717945300000054, 45.26720486100004], [8.71813832600003, 45.267079412000044], [8.718415067000024, 45.26710660500004], [8.718757425000035, 45.26715052900005], [8.718600010000046, 45.26766709900005], [8.717882750000058, 45.26751620700003], [8.717627648000075, 45.26785690200006], [8.716427624000062, 45.26758550900007], [8.716044601000021, 45.26816779200004], [8.715716300000054, 45.268127209000056], [8.715305556000033, 45.26861994800004], [8.714920856000049, 45.26859579100005], [8.714842189000024, 45.26837356800007], [8.714593733000072, 45.26831992600006], [8.71480259200007, 45.26784656900003], [8.714676117000067, 45.267799860000025], [8.71448226800004, 45.268087679000075], [8.71411667600006, 45.26799729000004], [8.714339848000066, 45.26747757600003], [8.713833794000038, 45.267323874000056], [8.713583010000036, 45.26773416100008], [8.713061242000038, 45.26790517100005], [8.71281816800007, 45.267715671000076], [8.712349055000061, 45.26768135200007], [8.712415925000073, 45.26744955100003], [8.71301235900006, 45.26736157800008], [8.713201021000032, 45.26717316400004], [8.713079360000052, 45.26710326800003], [8.713145826000073, 45.26695099800003], [8.713342904000058, 45.26695480700005], [8.71380432500007, 45.26665109000004], [8.714504353000052, 45.26649046500006], [8.714946047000069, 45.26637558400006], [8.715012143000024, 45.26629621600006], [8.714749601000051, 45.266245853000044], [8.714310268000077, 45.26589017400005], [8.714306556000054, 45.26569464800008], [8.713551575000054, 45.26558671500004], [8.713484895000022, 45.265782064000064], [8.713121366000053, 45.26621692100008], [8.713022478000028, 45.266284607000046], [8.712532201000045, 45.266261833000044], [8.712408251000056, 45.26664592700007], [8.711793456000066, 45.266654319000054], [8.711875319000058, 45.26624195200003], [8.711596611000061, 45.26617822500003], [8.711453561000042, 45.266588840000054], [8.710979732000055, 45.26656113200005], [8.711018956000032, 45.266229847000034], [8.710948767000048, 45.26618990400004], [8.710865494000075, 45.26595441100005], [8.710481118000075, 45.265870591000066], [8.710434948000056, 45.265721351000025], [8.710172010000065, 45.26575050900004], [8.70985280900004, 45.26576958100003], [8.709806490000062, 45.26565016500007], [8.709581160000027, 45.26566616200006], [8.709580045000052, 45.26588487200007], [8.709265383000059, 45.26593378000007], [8.709123245000058, 45.26528059100008], [8.709955371000035, 45.26498114800006], [8.71007275200003, 45.26496819100004], [8.71097909100007, 45.26483793400007], [8.711391819000028, 45.26488205800007], [8.711164693000057, 45.265252634000035], [8.711478795000062, 45.26531307700003], [8.713139626000043, 45.26538685100007], [8.713744923000036, 45.26539831100007], [8.71403764400003, 45.26504446400003], [8.714342247000047, 45.26512807200004], [8.714355128000022, 45.26536670000007], [8.715260883000042, 45.26535239300006], [8.715774941000063, 45.26484002800004], [8.716201502000047, 45.26493387600004], [8.716382690000046, 45.26435771900003], [8.716983103000075, 45.26440560200007], [8.717185951000033, 45.26419070400004], [8.717692283000076, 45.264284745000054], [8.71812729000004, 45.263619737000056], [8.718434512000044, 45.26317312700007], [8.718764177000025, 45.26293202900007], [8.72025039600004, 45.262239772000044], [8.720405553000035, 45.262177189000056], [8.720322164000038, 45.261958271000026], [8.720586625000067, 45.26161428000006], [8.721225686000025, 45.26143026600005], [8.721609887000056, 45.261547188000065], [8.72293095200007, 45.261030127000026], [8.724240648000034, 45.26043349100007], [8.724397198000077, 45.26008094500003], [8.724808971000073, 45.25886078700006], [8.724976337000044, 45.258210021000025], [8.724273376000042, 45.25803434900007], [8.724644885000032, 45.257375790000026], [8.725050475000046, 45.257431446000055], [8.725577986000076, 45.25604090100006], [8.72570324700007, 45.25604950300004]]]}, "properties": {"OBJECTID": 85, "GisId": "{2C354764-CD47-4756-BE86-6D0AE1EE454E}", "GisDescription": "MADONNA DEL CAMPO - VIA P. GROCCO", "GisCode": "DMR03", "Shape_Length": 0.15776470788777874, "Shape_Area": 7.402586524859621e-05, "codice_distretto": "DMR03"}}, {"type": "Feature", "id": 86, "geometry": {"type": "Polygon", "coordinates": [[[9.147155446000056, 44.983105101000035], [9.147151758000064, 44.983106631000055], [9.14714402800007, 44.98310472700007], [9.14702021200003, 44.98311368200007], [9.14681218800007, 44.98313168000004], [9.14657788300002, 44.98315635800003], [9.146400739000057, 44.983167550000076], [9.146177267000041, 44.98318603200005], [9.146050418000073, 44.983198325000046], [9.145891021000068, 44.98320856000004], [9.145362685000066, 44.98325584400004], [9.144937797000068, 44.98328627700005], [9.144410502000028, 44.983340543000054], [9.143801224000072, 44.98338617200005], [9.143689480000035, 44.983392844000036], [9.143892330000028, 44.98407148200005], [9.143993972000032, 44.984290576000035], [9.144092717000035, 44.984847141000046], [9.14420461100002, 44.985420961000045], [9.144692203000034, 44.98528862900008], [9.144968316000075, 44.98528454700005], [9.145202457000039, 44.98532157400007], [9.145531608000056, 44.986532356000055], [9.145785326000066, 44.987028457000065], [9.145985685000028, 44.98722229100008], [9.146269801000074, 44.98725925300005], [9.146853736000025, 44.98730329400007], [9.147132526000064, 44.98731413300004], [9.147269593000033, 44.98743712900006], [9.147254100000055, 44.987549124000054], [9.147298530000057, 44.988467265000054], [9.147409740000057, 44.98876198900007], [9.147347933000049, 44.98927342400003], [9.147185699000033, 44.98959462900007], [9.146698256000036, 44.99027084100004], [9.14648307400006, 44.990457743000036], [9.146841551000023, 44.99077081300004], [9.146631799000033, 44.99102489300003], [9.14623778400005, 44.99121575600003], [9.145853954000074, 44.991275967000036], [9.145753788000036, 44.99118651500004], [9.145805980000034, 44.99102595000005], [9.145979048000072, 44.99082417400007], [9.146073405000038, 44.99069714700005], [9.146199350000074, 44.990581279000025], [9.146267369000043, 44.99043935600008], [9.146421986000064, 44.99022267200007], [9.146728701000029, 44.989834098000074], [9.14695148800007, 44.98953707700008], [9.147050376000038, 44.98912637300003], [9.147123100000044, 44.98876982400003], [9.147051288000057, 44.98845451900007], [9.147010064000028, 44.98776032500007], [9.146977843000059, 44.987500958000055], [9.146896214000037, 44.98746000500006], [9.146315020000031, 44.98746075100007], [9.145895364000069, 44.98738290500006], [9.145726858000046, 44.98730567000007], [9.145523866000076, 44.98710997200004], [9.145399498000074, 44.98680686400007], [9.145047013000067, 44.985728616000074], [9.145001635000028, 44.98546179900006], [9.144933153000068, 44.98541896200004], [9.144733307000024, 44.985424814000055], [9.143758023000032, 44.985566015000074], [9.143303333000063, 44.98566923100003], [9.14315115100004, 44.98580752400005], [9.143156614000077, 44.985889633000056], [9.143264411000075, 44.98588016700006], [9.143443049000041, 44.985805292000066], [9.14371651700003, 44.985793751000074], [9.143877202000056, 44.98590179100006], [9.143911669000033, 44.98601372300004], [9.143872419000047, 44.98609215500005], [9.143791087000068, 44.98616877400008], [9.14370705600004, 44.98621740300007], [9.143586193000033, 44.986260479000066], [9.143486406000022, 44.98631845800003], [9.143441858000074, 44.98638196700006], [9.143434024000044, 44.98640437200004], [9.143684224000026, 44.98655242500007], [9.143419506000043, 44.98691014600007], [9.143217392000054, 44.98706343300006], [9.143125442000041, 44.98710087300003], [9.142938534000052, 44.98702459000003], [9.14255270600006, 44.98732927300006], [9.142187419000038, 44.98743423800005], [9.141987398000026, 44.987372434000065], [9.141985498000054, 44.98740183000007], [9.142415897000035, 44.98757158900003], [9.142738346000044, 44.98768969500003], [9.14293583500006, 44.987790225000026], [9.143013864000068, 44.98797022200006], [9.14297244900007, 44.98823714800005], [9.143083048000051, 44.98829486300008], [9.143311126000071, 44.98800530800003], [9.143576984000049, 44.98810201900005], [9.14315760900007, 44.98866615500003], [9.14273134900003, 44.98857897400006], [9.142917430000068, 44.98832119900004], [9.14300230200007, 44.98834442000003], [9.142990417000021, 44.98832390600006], [9.142860079000059, 44.98826015000003], [9.142896371000063, 44.98804828500005], [9.14289092100006, 44.98797177500006], [9.142862954000066, 44.987829041000055], [9.142278542000042, 44.98759368900005], [9.14201262000006, 44.98746898100006], [9.141852043000029, 44.987405728000056], [9.141816444000028, 44.98736658000007], [9.141839928000024, 44.98729190200004], [9.141995161000068, 44.98732156800003], [9.142100463000077, 44.987365295000075], [9.142129313000055, 44.98733353200004], [9.142033128000037, 44.987254336000035], [9.142093243000033, 44.98710402800003], [9.142322788000058, 44.986876058000064], [9.142521229000067, 44.98683102100006], [9.142604220000067, 44.986892504000025], [9.142756887000075, 44.98694830100004], [9.142823996000061, 44.986967812000046], [9.142927667000038, 44.986884634000035], [9.143028456000025, 44.98669974900008], [9.143087320000063, 44.98657650200005], [9.143079105000027, 44.986445874000026], [9.142939712000043, 44.98644045100008], [9.14292751000005, 44.986292098000035], [9.143089232000023, 44.98628816300004], [9.143012579000072, 44.98613149300007], [9.14293587000003, 44.985952429000065], [9.14291191500007, 44.98583675100008], [9.142733031000034, 44.98581271300003], [9.14279848700005, 44.98569692400008], [9.142943152000043, 44.985707941000044], [9.14290393300007, 44.985799436000036], [9.142963131000045, 44.98581102600008], [9.143033081000056, 44.98565137300005], [9.143230032000076, 44.98553915100007], [9.143327301000056, 44.98552596500008], [9.144097933000069, 44.98543438200005], [9.144043014000033, 44.98518467100007], [9.143967319000069, 44.98487010400004], [9.143944309000062, 44.98464405000004], [9.143868604000033, 44.98431597700005], [9.143795074000025, 44.98410880600005], [9.143734745000074, 44.983940148000045], [9.14361563500006, 44.98347262500005], [9.143600479000042, 44.98340123100007], [9.143117397000026, 44.98334639700005], [9.142912629000023, 44.98326882900005], [9.142790786000035, 44.98321212400003], [9.142789912000069, 44.982562603000076], [9.14284648000006, 44.982045579000044], [9.142845025000042, 44.981934023000065], [9.141590940000071, 44.982027032000076], [9.141086413000039, 44.98217135900006], [9.140529705000063, 44.982485576000045], [9.14030918100002, 44.98263514800004], [9.140075641000067, 44.98283885600006], [9.139816886000062, 44.98291334800007], [9.13957844500004, 44.98290430800006], [9.139299925000046, 44.98284913700007], [9.139041680000048, 44.982772458000056], [9.138738559000046, 44.982840012000054], [9.138608455000053, 44.982899745000054], [9.138189443000044, 44.98307257000005], [9.137975433000065, 44.98319973500003], [9.137690767000038, 44.983471619000056], [9.137448093000046, 44.983709859000044], [9.137257952000027, 44.98392377400006], [9.137063918000024, 44.984160089000056], [9.136875358000054, 44.984486910000044], [9.136566108000068, 44.984931449000044], [9.136335392000035, 44.98522659400004], [9.135758234000036, 44.98581328600005], [9.135327841000048, 44.98619078100006], [9.134212815000069, 44.98619209700007], [9.133371175000036, 44.98614456000007], [9.133087227000033, 44.98617475100008], [9.13306170800007, 44.986510707000036], [9.132893987000045, 44.98676471300007], [9.133378225000058, 44.98691718100008], [9.133210618000021, 44.98721971100008], [9.132789984000055, 44.98727992100004], [9.132668986000056, 44.98726886400004], [9.132668598000066, 44.987100901000076], [9.132710392000035, 44.98697768000005], [9.13265498900006, 44.98690122800008], [9.132381962000068, 44.98710683300004], [9.132224499000074, 44.98724885000007], [9.132193062000056, 44.98730207600005], [9.132289510000021, 44.98750165300004], [9.132438721000028, 44.98777302000008], [9.132496815000025, 44.98787559700003], [9.132643975000065, 44.98782690400003], [9.132990805000077, 44.98769213000003], [9.133132648000071, 44.98761918000008], [9.133227413000043, 44.987658262000025], [9.133364502000063, 44.98780367000006], [9.133254317000024, 44.987919506000026], [9.133404427000073, 44.988008911000065], [9.133375831000023, 44.98815264600006], [9.133197263000056, 44.98826669600004], [9.132934652000074, 44.98842936700004], [9.132708534000074, 44.98845202500007], [9.132661055000028, 44.988390493000054], [9.132587181000076, 44.98828793500007], [9.132563374000028, 44.98822824200005], [9.132581705000064, 44.98819462800003], [9.132644737000021, 44.98815723000007], [9.132647354000028, 44.98815162900007], [9.132631407000076, 44.988078863000055], [9.132578830000057, 44.98808825500004], [9.132470972000021, 44.98807345000006], [9.132412939000062, 44.98799700100005], [9.132352242000024, 44.98790562500005], [9.132331065000074, 44.98784593000005], [9.132275607000054, 44.987745216000064], [9.132233332000055, 44.98765941700003], [9.132212190000075, 44.98761465100006], [9.132119812000042, 44.98746919000007], [9.132072140000048, 44.98732367700006], [9.132027262000065, 44.98724907800005], [9.13213739300005, 44.98710898300004], [9.132304137000062, 44.98700054600005], [9.132462867000072, 44.986837998000055], [9.132583522000061, 44.98670068800004], [9.132687158000067, 44.98659605800003], [9.132742194000059, 44.98651387800004], [9.132823569000038, 44.98644939800005], [9.132875815000034, 44.986298170000055], [9.13289386100007, 44.986141384000064], [9.13287531100002, 44.986079819000054], [9.132041518000051, 44.986013600000035], [9.131777930000055, 44.98574703000003], [9.131614382000066, 44.98552700100004], [9.131506285000057, 44.98540581900005], [9.130675630000042, 44.985557938000056], [9.130670553000073, 44.985638194000046], [9.130202669000028, 44.98573204000007], [9.129908014000023, 44.98567825400005], [9.129762480000068, 44.98528090700006], [9.129767146000063, 44.98501776000006], [9.129848453000022, 44.98492248900004], [9.129927146000057, 44.98483468500007], [9.13011113300007, 44.98479341800004], [9.130245173000048, 44.98475967200005], [9.13025546700004, 44.98466074900006], [9.130213063000042, 44.98451522900007], [9.130578582000055, 44.98451107900007], [9.130647074000024, 44.98456325600006], [9.130739385000027, 44.98468259100008], [9.130802765000055, 44.98480009300005], [9.13088459200003, 44.984934370000076], [9.13095572900005, 44.98499400800006], [9.131105581000043, 44.984975174000056], [9.131439446000059, 44.98492626700005], [9.13156299600007, 44.98490559600003], [9.131525364000026, 44.98454918400006], [9.131505804000028, 44.98404531700004], [9.131444097000042, 44.98350977200005], [9.131428051000057, 44.98339221700007], [9.131253706000052, 44.98304715900008], [9.131102992000024, 44.982685278000076], [9.13099482900003, 44.98253236900007], [9.130168536000042, 44.98227017100004], [9.129574887000047, 44.98255451800003], [9.128860176000046, 44.98279794000007], [9.128561016000049, 44.98307448300005], [9.12817179700005, 44.98305999100006], [9.128118947000075, 44.98294434300004], [9.12818694200007, 44.98277630300004], [9.128523784000038, 44.98288789900005], [9.128781161000063, 44.98274204200004], [9.129248823000069, 44.98255862100007], [9.129469416000063, 44.982427733000065], [9.129211396000073, 44.982286189000035], [9.128953361000072, 44.98213718000005], [9.128942516000052, 44.981991624000045], [9.129042122000044, 44.98184967600008], [9.129099780000047, 44.98176376300006], [9.128224612000054, 44.98139056400004], [9.128096425000024, 44.98109677300005], [9.128026005000038, 44.980933142000026], [9.126952821000032, 44.98089859100003], [9.124667417000069, 44.98106324100007], [9.123339968000039, 44.98005690400004], [9.12288138200006, 44.97956470500003], [9.12230893800006, 44.979932973000075], [9.121951205000073, 44.97987550100004], [9.121895524000024, 44.97965720800005], [9.121955723000042, 44.97952650600007], [9.122149877000027, 44.97932474300006], [9.122323255000026, 44.979246174000025], [9.122541488000024, 44.979240341000036], [9.122770339000056, 44.979281153000045], [9.123017868000034, 44.97944885000004], [9.123028446000035, 44.979476833000035], [9.123813497000071, 44.98015903500004], [9.124514255000065, 44.98076387400005], [9.124664463000045, 44.98091301100004], [9.125219230000027, 44.98088254400005], [9.126804572000026, 44.98075948800005], [9.128166797000063, 44.98081582200007], [9.128359889000023, 44.981325093000066], [9.12894946700004, 44.98157264100007], [9.129201439000042, 44.98136520200006], [9.129483020000066, 44.981461928000044], [9.129331021000041, 44.98169165000007], [9.129525846000035, 44.98179594000004], [9.131152460000067, 44.98246780300008], [9.131266252000046, 44.98278307000004], [9.131552923000072, 44.983376210000074], [9.131755129000055, 44.98497722500008], [9.131145255000035, 44.98507497300005], [9.131619084000022, 44.985283448000075], [9.132167553000045, 44.98592854000003], [9.132988091000072, 44.98594998300007], [9.134255734000021, 44.98598955700004], [9.135134032000053, 44.98596985900008], [9.13530232900007, 44.98596592700005], [9.135989650000056, 44.985255933000076], [9.136272796000071, 44.98488980900004], [9.136340991000054, 44.984815077000064], [9.13618300500002, 44.98472941800003], [9.136549153000033, 44.98388170000004], [9.136601365000047, 44.98372114000006], [9.136327632000075, 44.98361695600005], [9.136222173000021, 44.98350137400007], [9.136295333000021, 44.98330346400007], [9.13648935200007, 44.98306061800008], [9.136772846000042, 44.98284752500007], [9.136978063000072, 44.98289206900006], [9.13710992700004, 44.98305241000003], [9.137141608000036, 44.983104627000046], [9.137420545000055, 44.98318640700006], [9.137515373000042, 44.98325347800005], [9.137462950000042, 44.98332445900007], [9.13746300300005, 44.98334685400005], [9.137573555000074, 44.983391511000036], [9.137850327000024, 44.983117770000035], [9.138208847000044, 44.98294004200005], [9.138462394000044, 44.982817330000046], [9.138833767000051, 44.98270117200008], [9.139001129000064, 44.98267732800008], [9.13908966300005, 44.98267846600004], [9.139431154000022, 44.98274446600004], [9.13965475200007, 44.98277778600004], [9.13979671100003, 44.98276081500006], [9.139899139000022, 44.98270843500006], [9.13998052100004, 44.982652347000055], [9.140153848000068, 44.982558822000044], [9.140258782000046, 44.982456049000064], [9.140686764000066, 44.98219238100006], [9.141001913000025, 44.98202776100004], [9.141188112000066, 44.98196795600006], [9.141470173000073, 44.981894201000046], [9.141658609000046, 44.98188712500007], [9.142063496000048, 44.98185925000007], [9.142421048000074, 44.98183018900005], [9.142838256000061, 44.981822202000046], [9.142865682000036, 44.98178096400005], [9.142890016000024, 44.980991507000056], [9.142970925000043, 44.979688757000076], [9.142939111000032, 44.97958428700008], [9.140897936000044, 44.979299420000075], [9.140471862000027, 44.979258886000025], [9.14013206900006, 44.98009538800005], [9.14010221500007, 44.98079340500004], [9.140023892000045, 44.98102491700007], [9.139650498000037, 44.98102537400007], [9.13938711000003, 44.98084653500007], [9.139297000000056, 44.980555509000055], [9.139333073000046, 44.98024939900006], [9.139427183000066, 44.98002160000004], [9.13949500700005, 44.97979756600006], [9.139541794000024, 44.97957355800003], [9.139514839000071, 44.979301117000034], [9.139472460000036, 44.97917426300006], [9.139351125000076, 44.979017646000045], [9.139403371000071, 44.97887574600003], [9.139524125000037, 44.97879348300006], [9.139571174000025, 44.97867771800003], [9.13962359200002, 44.97860673500003], [9.139986480000061, 44.978617489000044], [9.140107434000072, 44.97861734000003], [9.140296761000059, 44.978620841000065], [9.140459905000057, 44.97866916300006], [9.140544238000075, 44.97874744200004], [9.140597165000031, 44.97888548000003], [9.140623677000065, 44.978975028000036], [9.140623823000055, 44.97903474800006], [9.141234085000065, 44.979127308000045], [9.14197056200004, 44.97921970800007], [9.142270395000025, 44.97924919500008], [9.142801795000025, 44.97934930900004], [9.143022790000032, 44.97939755600004], [9.143212204000065, 44.97943464400004], [9.14334384600005, 44.979501664000054], [9.143190686000025, 44.981353185000046], [9.143139106000035, 44.98176009400004], [9.143071777000046, 44.98217822000004], [9.143003168000064, 44.98266591400005], [9.142960469000059, 44.98294310700004], [9.14295313100007, 44.98316520100008], [9.143009773000074, 44.98320712000003], [9.143212537000068, 44.983265139000025], [9.143629253000029, 44.98330854000005], [9.143947489000027, 44.98330581600004], [9.144208762000062, 44.98328635800004], [9.144965305000028, 44.98323127800006], [9.146039469000073, 44.983173727000064], [9.147150238000052, 44.98309612500003], [9.147157026000059, 44.98309932500007], [9.147159256000066, 44.98310352100003], [9.147155446000056, 44.983105101000035]]]}, "properties": {"OBJECTID": 86, "GisId": "{C7956B57-B623-4479-BC63-DA71E0F98194}", "GisDescription": "VIA SAN BIAGIO", "GisCode": "DCT06", "Shape_Length": 0.13844221160582906, "Shape_Area": 1.6979333413910485e-05, "codice_distretto": "DCT06"}}, {"type": "Feature", "id": 87, "geometry": {"type": "Polygon", "coordinates": [[[9.109841987000038, 45.01426204900008], [9.109910656000068, 45.01426123600004], [9.110105846000067, 45.014259553000045], [9.110234396000067, 45.01424849000006], [9.110402686000043, 45.01423557500004], [9.110509928000056, 45.01423147300005], [9.110544338000068, 45.014228883000044], [9.110683068000071, 45.014211242000044], [9.11089632900007, 45.01418389600008], [9.11110321700005, 45.01415066100003], [9.111307940000074, 45.01411757500006], [9.111447175000023, 45.014092995000055], [9.11155257300004, 45.01407664100003], [9.112225081000076, 45.01400044300004], [9.112412020000022, 45.01398190800006], [9.112574704000053, 45.01396611200005], [9.112699556000052, 45.013954255000044], [9.11280292400005, 45.013944568000056], [9.112939717000074, 45.01393074600003], [9.113104113000077, 45.01391408500007], [9.113224853000077, 45.01390216100003], [9.113306630000068, 45.013894263000054], [9.113414367000075, 45.01388420600006], [9.113586449000024, 45.01386915200004], [9.113585865000061, 45.01384028700005], [9.113577010000029, 45.01362506100003], [9.113529780000022, 45.01318417500005], [9.113635265000028, 45.012181886000064], [9.113949621000074, 45.01211281700006], [9.114259247000064, 45.01204973100005], [9.114448392000043, 45.01206374000003], [9.114775010000074, 45.01206864400007], [9.114779076000048, 45.01199428000007], [9.114774541000031, 45.01183397900007], [9.114761649000059, 45.01170956000004], [9.11502824200005, 45.011729469000045], [9.115438107000045, 45.01174213500008], [9.115661464000027, 45.01174265600008], [9.115777816000048, 45.01170928100004], [9.115891500000032, 45.011658347000036], [9.116044096000053, 45.01157411600008], [9.116337566000027, 45.01146900200007], [9.116674510000053, 45.01189128000004], [9.116854482000065, 45.01179842600004], [9.117343151000057, 45.01170674900004], [9.117834939000034, 45.01159488900004], [9.118357003000028, 45.01134996800005], [9.118928843000049, 45.011232042000074], [9.119236520000072, 45.011630989000025], [9.119281411000031, 45.011685872000044], [9.119399866000037, 45.011651183000026], [9.119684695000046, 45.01157409500007], [9.119883601000026, 45.011469445000046], [9.120190413000046, 45.011325260000035], [9.12042460500004, 45.011217395000074], [9.120735387000025, 45.01108385300006], [9.120836138000072, 45.01102339900007], [9.12104054200006, 45.01090454300004], [9.121174821000068, 45.01075680000008], [9.121326727000053, 45.01059894900004], [9.121465500000056, 45.01045923500004], [9.12169695700004, 45.010306531000026], [9.121771654000042, 45.01025768800008], [9.122104765000074, 45.010099456000034], [9.122406344000069, 45.00997787700004], [9.122567920000051, 45.00991081600006], [9.122946699000067, 45.00980297900003], [9.123067010000057, 45.00977800000004], [9.123358995000046, 45.00972761300005], [9.123736224000027, 45.009757285000035], [9.124151379000068, 45.00978672800005], [9.124411247000069, 45.00974440700003], [9.124529723000023, 45.00972316600007], [9.12478666100003, 45.009666088000074], [9.125017810000031, 45.00961931200004], [9.12530874500004, 45.009572098000035], [9.125400424000077, 45.00958246000005], [9.125593785000035, 45.009599997000066], [9.125794087000031, 45.00965956500005], [9.125927971000067, 45.009698839000066], [9.126046024000061, 45.00972505300007], [9.126064935000045, 45.00970130400003], [9.126203145000034, 45.00955112200006], [9.126303810000024, 45.00945535100004], [9.126433956000028, 45.00935188600005], [9.126535973000045, 45.00927199500006], [9.126558241000055, 45.009217601000046], [9.126618076000057, 45.00912038000007], [9.126635845000067, 45.00905590200006], [9.126675851000073, 45.008924138000054], [9.126704569000026, 45.008808642000076], [9.126739261000068, 45.008655772000054], [9.12675911100007, 45.00858045500007], [9.126806621000071, 45.00850735000006], [9.126905022000074, 45.00834170400003], [9.127049291000048, 45.00819450500006], [9.127177798000048, 45.008066566000025], [9.127286638000044, 45.007977510000046], [9.127434118000053, 45.00785422100006], [9.127522200000044, 45.007786862000046], [9.127711514000055, 45.00764484300004], [9.127948712000034, 45.00748090900004], [9.128066514000068, 45.007396140000026], [9.128233452000075, 45.00726012400003], [9.128354117000072, 45.00716040400005], [9.128485521000073, 45.007034703000045], [9.128608789000054, 45.00692115500004], [9.12870046200004, 45.00681287400005], [9.128792930000031, 45.00670646000003], [9.128878799000063, 45.006593888000054], [9.128984495000054, 45.00645607100006], [9.129113585000027, 45.00629739500005], [9.12919080000006, 45.006202021000036], [9.129228098000056, 45.00615723200008], [9.129280510000058, 45.00610009400003], [9.129383375000032, 45.005991520000066], [9.129490075000035, 45.005891348000034], [9.129595312000049, 45.00578417100007], [9.12966298200007, 45.005719473000056], [9.129683379000028, 45.00569908500006], [9.129702266000038, 45.00567984300005], [9.12972058300005, 45.00565637400007], [9.129690948000075, 45.00562473900004], [9.129695754000068, 45.005621864000034], [9.129701338000075, 45.00561907600007], [9.129737023000075, 45.005654908000054], [9.129736179000076, 45.00566759000003], [9.12966728300006, 45.005735980000054], [9.129362634000074, 45.00605749600004], [9.129150646000028, 45.00630099600005], [9.129004100000031, 45.00648556900006], [9.128665128000023, 45.006925925000075], [9.12861889800007, 45.00698128200003], [9.128386539000076, 45.00718780900007], [9.12807947400006, 45.00743552500006], [9.127829151000071, 45.007618904000026], [9.127452614000049, 45.00789584200004], [9.127191871000036, 45.008133040000075], [9.126959506000048, 45.00834106000008], [9.126813650000031, 45.008604287000026], [9.12674050000004, 45.008874158000026], [9.126702864000038, 45.00900648000004], [9.126651555000024, 45.00914853200004], [9.126588660000039, 45.00929209200007], [9.126344648000043, 45.00947620800008], [9.126217969000038, 45.00960003400007], [9.126065568000058, 45.009764991000054], [9.125578587000064, 45.00965081000004], [9.125299330000075, 45.00961786000005], [9.12498497200005, 45.00967350700006], [9.12450844700004, 45.009765204000075], [9.124160577000055, 45.009824448000074], [9.123852168000042, 45.009798800000056], [9.123364304000063, 45.00976196200003], [9.12324531300004, 45.009788994000075], [9.12292097300002, 45.00985884600004], [9.12258825400005, 45.00995187500007], [9.122350356000027, 45.01004629500005], [9.122042996000062, 45.01017516700006], [9.121789335000074, 45.01028903400004], [9.121684173000062, 45.01037957400007], [9.121510581000052, 45.01049485000004], [9.121295065000027, 45.010713303000045], [9.121090105000064, 45.01094220700003], [9.12097015300003, 45.011014827000054], [9.120754436000027, 45.01113986100006], [9.120430190000036, 45.011259031000066], [9.120132339000065, 45.011405823000075], [9.119716616000062, 45.01161402100007], [9.11958923800006, 45.01166422700004], [9.119232537000073, 45.01175038100007], [9.118885538000029, 45.01131466800007], [9.11838005200002, 45.011422810000056], [9.118206352000072, 45.011490251000055], [9.117915864000054, 45.011634042000026], [9.117869804000065, 45.01165854100003], [9.11738642000006, 45.01175843500005], [9.11690247200005, 45.01184039200007], [9.116895122000074, 45.01185273100003], [9.116656184000021, 45.01196283500008], [9.116543678000028, 45.01181497500005], [9.11632604700003, 45.011520371000074], [9.116117071000076, 45.01159756000004], [9.11604759000005, 45.01162528200007], [9.115876037000021, 45.01171326900004], [9.115751802000034, 45.011755993000065], [9.115694423000036, 45.01177622900008], [9.115622791000021, 45.01178153400008], [9.11545792100003, 45.011788427000056], [9.115246660000025, 45.01177817700005], [9.114863137000043, 45.01176623200007], [9.114859220000028, 45.01188997400004], [9.114855047000049, 45.012025539000035], [9.114851525000063, 45.01213989400003], [9.114808309000068, 45.01214108000005], [9.114264625000033, 45.01212144600004], [9.113699062000023, 45.01222663900006], [9.113708600000052, 45.01225502900007], [9.113679631000025, 45.01252335300006], [9.113643385000046, 45.01284175700005], [9.113605065000058, 45.01317660400008], [9.113630173000047, 45.01335257900007], [9.113663820000056, 45.013584595000054], [9.113653326000076, 45.01360590400003], [9.113650980000045, 45.01388485200005], [9.11360858200004, 45.013890126000035], [9.113216175000048, 45.01392153000006], [9.113022884000031, 45.01394451600004], [9.112591760000043, 45.013978198000075], [9.112238340000033, 45.01401236300006], [9.112101136000035, 45.014027071000044], [9.111873597000056, 45.014048219000074], [9.111708212000053, 45.01406473000003], [9.111559159000024, 45.014081504000046], [9.11153809700005, 45.01408694200006], [9.111414997000054, 45.01410826800003], [9.11131875500007, 45.01412471100008], [9.111222775000044, 45.01414087200004], [9.11110652700006, 45.01416321900007], [9.110927204000063, 45.01419216600004], [9.110830820000047, 45.01420290900006], [9.110724694000055, 45.01421683800004], [9.110556690000067, 45.01424110200003], [9.11045529300003, 45.014248113000065], [9.110369692000063, 45.014250624000056], [9.110290950000035, 45.01425892200007], [9.110199301000023, 45.01426741700004], [9.110124763000044, 45.01427029200005], [9.110075247000054, 45.01427164800003], [9.109964878000028, 45.014270632000034], [9.109842010000023, 45.01427173700006], [9.109841987000038, 45.01426204900008]]]}, "properties": {"OBJECTID": 87, "GisId": "{1C1704A6-9A7F-48C3-9CFA-70DC0362BF14}", "GisDescription": "ADDUZIONE VIA CERRETO INFERIORE", "GisCode": "DCT12", "Shape_Length": 0.05014590593487665, "Shape_Area": 1.1620085896483203e-06, "codice_distretto": "DCT12"}}, {"type": "Feature", "id": 88, "geometry": {"type": "Polygon", "coordinates": [[[9.227136831000053, 45.28944928300007], [9.227961685000025, 45.28874890700007], [9.228340930000059, 45.287761697000064], [9.227753102000065, 45.28593398100003], [9.227506593000044, 45.28497340400003], [9.22919422900003, 45.284132887000055], [9.23366930800006, 45.28327901500006], [9.235736188000033, 45.28105088400008], [9.237347975000034, 45.27611399300008], [9.238537853000025, 45.273491929000045], [9.239448038000035, 45.272821382000075], [9.246663155000022, 45.27162705400008], [9.255689162000067, 45.26751677400006], [9.26039178800005, 45.26618220300003], [9.261109524000062, 45.26798063800004], [9.256447650000041, 45.27264123300006], [9.255461615000058, 45.27696463700005], [9.252731059000041, 45.28230171700005], [9.253047491000075, 45.28602987000005], [9.25130296900005, 45.288084377000075], [9.244931670000028, 45.28883145200007], [9.241632246000052, 45.289151624000056], [9.240835834000052, 45.289778623000075], [9.240058384000065, 45.29035892300004], [9.239513221000038, 45.29081248800003], [9.239157680000062, 45.29127938800008], [9.237351530000069, 45.29090920200008], [9.23716313600005, 45.29115446800006], [9.236930806000032, 45.29188135000004], [9.23673644400003, 45.29231072500005], [9.236584746000062, 45.29255584100008], [9.236508727000057, 45.29255246800005], [9.236454381000044, 45.292459128000075], [9.236463861000061, 45.292277375000026], [9.235944772000039, 45.29212563500005], [9.236011139000027, 45.29193220900004], [9.235122286000035, 45.29169876200007], [9.234667193000064, 45.291642067000055], [9.234524872000065, 45.291898024000034], [9.234502460000044, 45.29230155400006], [9.234071069000038, 45.29304857300008], [9.23394128800004, 45.29305451400006], [9.233639680000067, 45.292725088000054], [9.233241474000067, 45.29239159700006], [9.232994965000046, 45.29211813200004], [9.23307081400003, 45.29172460800004], [9.232644164000021, 45.29163789800003], [9.232862229000034, 45.291110970000034], [9.233412134000048, 45.28993703900005], [9.232961781000029, 45.28997372500004], [9.232789936000074, 45.289898685000026], [9.23286515500007, 45.28969985800006], [9.23292226500007, 45.28954889500005], [9.232984546000068, 45.28938426800005], [9.233034074000045, 45.28925334500008], [9.233038624000073, 45.28920199400005], [9.23219025700007, 45.289095761000056], [9.231820493000043, 45.289469293000025], [9.229810500000042, 45.288995707000026], [9.227136831000053, 45.28944928300007]]]}, "properties": {"OBJECTID": 88, "GisId": "{C140ECA3-8BAB-42A1-8A21-8B8BDF022D49}", "GisDescription": "A_MORO", "GisCode": "DVDG03", "Shape_Length": 0.10368816064117073, "Shape_Area": 0.00039729032427426305, "codice_distretto": "DVDG03"}}, {"type": "Feature", "id": 89, "geometry": {"type": "Polygon", "coordinates": [[[9.257684569000048, 45.30909750500007], [9.258051959000056, 45.30874010400004], [9.25829512100006, 45.308404705000044], [9.261621218000073, 45.30787088100004], [9.261764564000032, 45.307870552000054], [9.262110606000022, 45.307876735000036], [9.26274382500003, 45.307986896000045], [9.26365942800004, 45.308232436000026], [9.263998504000028, 45.30780262700006], [9.264694406000046, 45.30704237200007], [9.265015210000058, 45.30640680800008], [9.265173300000072, 45.30585882300005], [9.265133496000033, 45.30580310700003], [9.26505395700002, 45.305705627000066], [9.264865692000058, 45.305611887000055], [9.264702214000067, 45.30553378600007], [9.264551289000053, 45.305497511000056], [9.264405363000037, 45.30547343300003], [9.264409990000047, 45.305405406000034], [9.264488603000075, 45.30530407200007], [9.264624677000029, 45.30533514900003], [9.26520068800005, 45.305637270000034], [9.265261070000065, 45.30560137800006], [9.265344516000027, 45.30547648700008], [9.265488866000055, 45.30542389800007], [9.265526050000062, 45.305451650000066], [9.265551085000027, 45.30552048000004], [9.265541871000039, 45.30566438200003], [9.265515361000041, 45.30580919600004], [9.265673874000072, 45.305882076000046], [9.26603071900007, 45.30608703900003], [9.26656601700006, 45.30639971100004], [9.266887515000064, 45.30644430500007], [9.267090058000065, 45.30641941600004], [9.26713920800006, 45.306360004000055], [9.26728692000006, 45.306237579000026], [9.26759314700007, 45.306188029000054], [9.26812282000003, 45.30635421200003], [9.268399670000065, 45.30636402600004], [9.26860501300007, 45.30588568400003], [9.268837293000047, 45.30587816100007], [9.269198877000065, 45.30603775900005], [9.269160623000062, 45.30630991500004], [9.26938503200006, 45.30672794700007], [9.269974798000021, 45.30687965100003], [9.270300666000026, 45.30698538900003], [9.270370812000067, 45.30704651600007], [9.270335813000031, 45.30709281500003], [9.270793897000033, 45.30714361400004], [9.271205912000028, 45.30738025800008], [9.271562536000033, 45.30753288300008], [9.271721644000024, 45.30772783400005], [9.27209821100007, 45.30791529000004], [9.271952457000054, 45.308445816000074], [9.271746649000022, 45.30882301100007], [9.270589307000023, 45.308686238000064], [9.27045113400004, 45.30873539800007], [9.270550659000037, 45.30887468200007], [9.270808662000036, 45.30907637700005], [9.270760592000045, 45.30936250800005], [9.270405019000066, 45.30943311000004], [9.269455179000033, 45.30927490600004], [9.268821802000048, 45.30913687800006], [9.268743009000048, 45.30919984800005], [9.268832875000044, 45.30938798900007], [9.269259206000072, 45.30964509800003], [9.269972707000022, 45.30999919200008], [9.270113071000026, 45.31041044500006], [9.270183170000053, 45.31059863300004], [9.269889557000056, 45.31122716900006], [9.268442488000062, 45.31307922700006], [9.268032523000045, 45.31367664000004], [9.267956342000048, 45.31377099500003], [9.267820191000055, 45.31372771400004], [9.267738828000063, 45.313771505000034], [9.269359764000058, 45.314959722000026], [9.26923616800002, 45.31504136400008], [9.26913675000003, 45.31510500100006], [9.268968148000056, 45.314995526000075], [9.268732569000065, 45.31483563100005], [9.268591123000022, 45.31471911600005], [9.267248925000047, 45.313667140000064], [9.267047192000064, 45.313869917000034], [9.267445419000069, 45.31426555500008], [9.266599128000053, 45.315308025000036], [9.26698039300004, 45.31543619100006], [9.267835551000076, 45.31465314600007], [9.268259102000059, 45.31507392900005], [9.267703150000045, 45.31564377900003], [9.267042668000045, 45.31553806900007], [9.266564849000076, 45.31537786500007], [9.265364330000068, 45.31660844100003], [9.266961576000028, 45.31721948000006], [9.268104656000048, 45.31639363200003], [9.268677536000041, 45.316266718000065], [9.269312248000062, 45.31666983200006], [9.269493199000067, 45.317297247000056], [9.269079900000065, 45.31771678400003], [9.267623418000028, 45.319185169000036], [9.266874227000073, 45.31967524400005], [9.266854516000024, 45.31968924200004], [9.26675688000006, 45.31995455900005], [9.266778359000057, 45.32031726100007], [9.266486880000059, 45.321420153000076], [9.265619379000043, 45.321994207000046], [9.264390424000055, 45.321397121000075], [9.263950413000032, 45.32033778400006], [9.264777443000071, 45.31956850700004], [9.264875088000053, 45.31930319300005], [9.264318313000047, 45.31864873600006], [9.26362273500007, 45.31791088600005], [9.258096830000056, 45.31603998000003], [9.25559665700007, 45.31854301800007], [9.256291321000049, 45.31909954400004], [9.256017727000028, 45.319825663000074], [9.255047632000071, 45.31959064800003], [9.25475411800005, 45.32028890600003], [9.254953320000027, 45.32060935800007], [9.255707333000032, 45.32116575300006], [9.255650575000061, 45.32173791400004], [9.255474027000048, 45.32205920600006], [9.254585190000057, 45.32231232700008], [9.253655672000036, 45.322314395000035], [9.25284599400004, 45.322581279000076], [9.25243340000003, 45.32319608100005], [9.251487053000062, 45.32386786600006], [9.250891263000028, 45.323311095000065], [9.252591712000026, 45.32099131000007], [9.252066613000068, 45.32076226200007], [9.25255832800002, 45.320154262000074], [9.253906271000062, 45.31864445300005], [9.253727854000033, 45.31854718500006], [9.254218847000061, 45.31778570700004], [9.25426557000003, 45.31717868900006], [9.254647687000045, 45.31639652400003], [9.254221871000027, 45.31625097500006], [9.253824100000031, 45.31574261000003], [9.253860286000076, 45.314989119000074], [9.253711261000035, 45.31482900200007], [9.253640588000053, 45.31450128600005], [9.25411199000007, 45.31378868300004], [9.254804739000065, 45.31393363600006], [9.255507314000056, 45.31406461100005], [9.25597141000003, 45.31393102800007], [9.256266826000058, 45.31366527700004], [9.256275361000064, 45.313365289000046], [9.257268387000067, 45.31213527500006], [9.257179120000046, 45.31179888300005], [9.257689695000067, 45.31101816000006], [9.257657468000048, 45.31099730500006], [9.257528659000059, 45.31093481200003], [9.257409579000068, 45.31083741500004], [9.257478381000055, 45.31074831600006], [9.257817316000057, 45.31054611800005], [9.258427543000039, 45.310487187000035], [9.258483811000076, 45.310359747000064], [9.257836069000064, 45.31032109900008], [9.257962623000026, 45.30988655600004], [9.258870861000048, 45.310140870000055], [9.258940176000067, 45.31016512800005], [9.258947457000033, 45.31013546400004], [9.258245651000038, 45.30962082700006], [9.258161751000046, 45.30965066400006], [9.257813774000056, 45.309764811000036], [9.257051081000043, 45.30999325100004], [9.257168704000037, 45.31031562800007], [9.25643576400006, 45.310566669000025], [9.25600767800006, 45.30990839400005], [9.256864759000052, 45.30978264600003], [9.25705300800007, 45.30987291000008], [9.25813282200005, 45.309539114000074], [9.25759627900004, 45.30914358200005], [9.257684569000048, 45.30909750500007]]]}, "properties": {"OBJECTID": 89, "GisId": "{C0821B54-8DA0-4764-B643-96EDE6BFE273}", "GisDescription": "LANDRIANO CENTRO", "GisCode": "DLD04", "Shape_Length": 0.11023773672800877, "Shape_Area": 0.0001560931276457179, "codice_distretto": "DLD04"}}, {"type": "Feature", "id": 90, "geometry": {"type": "Polygon", "coordinates": [[[8.916496574000064, 45.20299032300005], [8.916549343000042, 45.20298965500007], [8.916596079000044, 45.20274638700005], [8.916844844000025, 45.20263901700008], [8.91721241600004, 45.20248189200004], [8.917873110000073, 45.20233022300005], [8.918281428000057, 45.20221771800004], [8.918763997000042, 45.20207640900003], [8.919101411000042, 45.202247157000045], [8.919164163000062, 45.20247804300004], [8.919412751000038, 45.20249133500005], [8.919918401000075, 45.20242742200003], [8.919886132000045, 45.20294745000007], [8.919976044000066, 45.20299669800005], [8.92005761300004, 45.20304200500004], [8.920087256000045, 45.20307088100003], [8.92009366800005, 45.20312990700006], [8.920063001000074, 45.20316857800003], [8.920016600000054, 45.20318166200008], [8.919987806000051, 45.20320853000004], [8.919991462000041, 45.20324788000005], [8.920069327000022, 45.20328859500006], [8.920122218000074, 45.203278139000076], [8.920130602000029, 45.20325256800004], [8.920130684000071, 45.20319420200008], [8.920228118000068, 45.203171317000056], [8.92028827300004, 45.20327300900004], [8.920798556000022, 45.20321762000003], [8.92070999200007, 45.20286473800007], [8.92082875500006, 45.20284645800007], [8.92091732800003, 45.203194094000025], [8.921811684000033, 45.203116013000056], [8.922199523000074, 45.20305463300008], [8.922220925000033, 45.20311901600007], [8.92224019400004, 45.20316221200005], [8.922310648000064, 45.20319636200003], [8.922425654000051, 45.20321217900005], [8.922481193000067, 45.20330140600004], [8.922477361000063, 45.20339059200006], [8.922488311000052, 45.20352438300006], [8.922499043000073, 45.20381818900006], [8.922331652000025, 45.204122367000025], [8.922186776000046, 45.20424031300007], [8.922023421000063, 45.20430315800007], [8.921785871000054, 45.204352837000044], [8.920932384000025, 45.20437848100005], [8.920691199000032, 45.20437306700006], [8.920442577000074, 45.20437814100006], [8.920364800000073, 45.204273158000035], [8.920238895000068, 45.20408944700006], [8.92018697900005, 45.20406580100007], [8.920068224000033, 45.20407621100003], [8.919945747000043, 45.20409448800007], [8.919593292000059, 45.204054892000045], [8.919519172000037, 45.20398926000007], [8.91935643000005, 45.20361665000007], [8.919308281000042, 45.20355365900008], [8.919182073000059, 45.203587672000026], [8.918914760000064, 45.20369241000003], [8.918502579000062, 45.20390459600003], [8.91845429500006, 45.20393604100008], [8.918476454000029, 45.204009506000034], [8.91850953100004, 45.204232502000025], [8.91851298000006, 45.20441612800005], [8.918305082000074, 45.20448680700008], [8.917963641000028, 45.20452853300003], [8.917885902000023, 45.20439994100008], [8.917745309000054, 45.204113910000046], [8.917596891000073, 45.20410855700004], [8.917355684000029, 45.20411887500006], [8.91714782400004, 45.20416331900003], [8.91699925000006, 45.20426551600008], [8.916913740000041, 45.20437825100004], [8.916817087000027, 45.20449884800007], [8.916646182000022, 45.20464562300003], [8.916612418000057, 45.20489742600006], [8.916629499000067, 45.20590474900007], [8.916628568000021, 45.206542187000025], [8.916646602000071, 45.20689895500004], [8.916735520000032, 45.20699607900008], [8.916824573000042, 45.20700139000007], [8.916869063000036, 45.20702765500005], [8.916887518000067, 45.207095871000035], [8.916991387000053, 45.20711955500008], [8.917169512000044, 45.207117062000066], [8.917351289000067, 45.207153918000074], [8.917384606000041, 45.20720902900007], [8.917325135000056, 45.20727719000007], [8.917043098000022, 45.20728485500007], [8.916683078000062, 45.20733181000003], [8.91666753800007, 45.20780922200004], [8.916702809000071, 45.20906838500008], [8.916722342000071, 45.210941364000064], [8.91684060600005, 45.211277221000046], [8.916936576000069, 45.21163404500004], [8.916965998000023, 45.21181769100008], [8.917121637000037, 45.211975196000026], [8.917284829000039, 45.21204351800003], [8.91733658000004, 45.21218520800005], [8.917113667000024, 45.212352931000055], [8.916763874000026, 45.212997984000026], [8.916739808000045, 45.21423087100004], [8.916797422000059, 45.215442831000075], [8.91693003000006, 45.21613020400008], [8.916885020000052, 45.21645544800003], [8.916906975000074, 45.21667056700005], [8.91686975400006, 45.216743989000065], [8.916728542000044, 45.21686455400004], [8.91650581500005, 45.21689062400003], [8.915859943000044, 45.21694261300007], [8.915414643000076, 45.21688982100005], [8.915117632000033, 45.21695255600008], [8.915161273000024, 45.21755592400007], [8.915234404000046, 45.21829572100006], [8.915373817000045, 45.219392320000054], [8.915417649000062, 45.21986977500006], [8.915475853000032, 45.220667270000035], [8.915534325000067, 45.22128638700008], [8.91559107300003, 45.22307020200003], [8.919889775000058, 45.22282147200008], [8.919956839000065, 45.22264314100005], [8.919971818000022, 45.22254871700005], [8.920084019000058, 45.22194546000003], [8.92005471400006, 45.22166738100003], [8.92009958500006, 45.221431325000026], [8.920359461000032, 45.22139478200006], [8.920656402000077, 45.22139498800004], [8.921027534000075, 45.221426724000025], [8.922014793000073, 45.22147986600004], [8.922348537000062, 45.22171093500003], [8.922326095000074, 45.221836833000054], [8.922259119000046, 45.22195745500005], [8.921999192000044, 45.22203072700006], [8.921902441000043, 45.222209038000074], [8.921820465000053, 45.22243982300006], [8.921678932000077, 45.222791234000056], [8.921507978000022, 45.22294326200006], [8.921129121000035, 45.22312137800003], [8.920720516000074, 45.22333619700004], [8.920512496000072, 45.22344622700007], [8.920104041000059, 45.223550870000054], [8.92008220300005, 45.22324131800008], [8.920342181000024, 45.223136572000044], [8.92040176200004, 45.22300020700004], [8.915620644000057, 45.22315416600003], [8.915650074000041, 45.22333256500008], [8.915679313000055, 45.22364212400004], [8.915655311000023, 45.22481205100007], [8.915669685000069, 45.225132091000035], [8.915661998000076, 45.22531046300003], [8.915684100000021, 45.22542590000006], [8.915839764000054, 45.225588653000045], [8.915898987000048, 45.22570411700008], [8.916010193000034, 45.22580912700005], [8.916054514000052, 45.225961304000066], [8.916054175000056, 45.22619214500003], [8.916075922000061, 45.22654891500008], [8.916104021000024, 45.22763493800005], [8.915910788000076, 45.228150655000036], [8.916095609000024, 45.228306469000074], [8.916273672000045, 45.22839054200006], [8.916399787000046, 45.22845883800005], [8.916429225000059, 45.228637236000054], [8.916398572000048, 45.22928776600003], [8.91648615400004, 45.230321368000034], [8.916448616000025, 45.23060464500003], [8.916418362000059, 45.23098236200008], [8.916373561000057, 45.231155460000025], [8.916313815000024, 45.231391504000044], [8.916150129000073, 45.231622224000034], [8.915852709000035, 45.23191055700005], [8.915592536000077, 45.23211497400007], [8.915562610000052, 45.232267096000044], [8.91552520600004, 45.232455938000044], [8.915428510000027, 45.23257128800003], [8.915205183000069, 45.232542667000075], [8.914931186000047, 45.23247123700003], [8.914820014000043, 45.23233474800003], [8.914931640000077, 45.23216694700005], [8.915214270000035, 45.231841882000026], [8.915913270000033, 45.231123644000036], [8.91587198700006, 45.22890963900005], [8.91556070100006, 45.22854216300004], [8.915608726000073, 45.22619181700003], [8.915238501000033, 45.22553049800007], [8.915379808000068, 45.22536271800004], [8.915313836000053, 45.22229353100005], [8.91527332100003, 45.222081022000054], [8.915247574000034, 45.22067365800007], [8.915198762000045, 45.21980140900007], [8.91514414300002, 45.219091794000065], [8.915059787000075, 45.21841232300005], [8.91498105900007, 45.217693508000025], [8.914881284000046, 45.21677924900007], [8.912804881000056, 45.21667275500005], [8.912812207000059, 45.21673571800005], [8.912793635000071, 45.21674619600003], [8.912737870000058, 45.21680648700004], [8.912696876000041, 45.21691663000007], [8.912659616000042, 45.21701103700008], [8.91261103000005, 45.21723134800004], [8.912473444000057, 45.21740175100007], [8.912365704000024, 45.21746987100005], [8.912154137000073, 45.21747757900005], [8.911823825000056, 45.21746945400008], [8.911593708000055, 45.21747189900003], [8.911278303000074, 45.21742443800008], [8.91103343800006, 45.21736391300004], [8.910818322000068, 45.21726668800005], [8.910647655000048, 45.217227206000075], [8.910339650000026, 45.21719548600004], [8.910243346000073, 45.21707212000007], [8.910462389000031, 45.21703032100004], [8.91070369700003, 45.216991162000056], [8.910774740000022, 45.21665544800004], [8.910767492000048, 45.216543957000056], [8.910799262000069, 45.21640101700007], [8.910929484000064, 45.21619519800004], [8.91108550100006, 45.216107442000066], [8.911200539000049, 45.216118024000025], [8.911274606000063, 45.21622169800003], [8.911306053000033, 45.21628599100006], [8.911357966000025, 45.21631619800007], [8.911445094000044, 45.21637528800005], [8.911643605000052, 45.21640823200005], [8.911687978000032, 45.21651319400007], [8.911836409000045, 45.21653167100004], [8.911968175000027, 45.21652521500005], [8.91205811900005, 45.215961296000046], [8.912115719000042, 45.21591412300006], [8.91216386800005, 45.21597842800003], [8.91215992900004, 45.21612663500008], [8.912128005000056, 45.21637056900005], [8.912138932000062, 45.21650567200004], [8.912209411000049, 45.21653064700007], [8.912736371000051, 45.216573021000045], [8.913686411000072, 45.21663407700004], [8.914300590000039, 45.21667913300007], [8.914981605000037, 45.216704563000064], [8.91627499200007, 45.21674355500005], [8.916354769000066, 45.21675673000004], [8.91651255100004, 45.21672667800004], [8.916525818000025, 45.21653650600007], [8.916532519000043, 45.215762667000035], [8.91652797300003, 45.21506358200003], [8.916517966000072, 45.21429366500007], [8.91646455600005, 45.21401819000005], [8.916431173000035, 45.214005050000026], [8.91636439000007, 45.21399188500004], [8.916275330000076, 45.213983950000056], [8.916134301000056, 45.213983846000076], [8.916086047000022, 45.21398905800004], [8.916030297000077, 45.21404410400004], [8.915911489000052, 45.21407549500003], [8.91570740800006, 45.214049112000055], [8.915555304000065, 45.21400965200007], [8.91554803200006, 45.21390734200003], [8.915722500000072, 45.213881238000056], [8.916412725000043, 45.21393158600006], [8.916439522000076, 45.21337286500005], [8.916331968000065, 45.21332294500007], [8.916057507000062, 45.21320732300006], [8.915849799000057, 45.21312585100003], [8.915575283000067, 45.21304695200007], [8.915386195000053, 45.21292352200004], [8.915364336000039, 45.21264807000006], [8.915743001000067, 45.21256440700006], [8.915821064000056, 45.21247789900008], [8.915824895000071, 45.21239658300004], [8.916044140000054, 45.21220262700007], [8.916459744000065, 45.212234411000054], [8.916452537000055, 45.212087507000035], [8.916428303000032, 45.21089655600008], [8.91634293800007, 45.210904362000065], [8.916042420000053, 45.21084905500004], [8.91589773800007, 45.21081484700005], [8.915686359000063, 45.21071238600007], [8.915657104000047, 45.210418566000044], [8.915731954000023, 45.209993662000045], [8.915672898000025, 45.20977589300003], [8.91568445400003, 45.209489973000075], [8.915885296000056, 45.20918583000008], [8.916382561000034, 45.20918881800003], [8.916387663000023, 45.20823922300008], [8.916409705000035, 45.207125689000065], [8.916382775000045, 45.20651052900007], [8.916197323000063, 45.206450059000076], [8.916197947000057, 45.20602510100008], [8.916357664000031, 45.20592029000005], [8.91638137800004, 45.20493135900006], [8.916340525000066, 45.20495493800007], [8.916284492000045, 45.20520934700005], [8.916217499000027, 45.20534570500007], [8.916028132000065, 45.205426885000065], [8.915809153000055, 45.205458203000035], [8.915430729000036, 45.20541070500008], [8.915156257000035, 45.20532918200007], [8.915045173000067, 45.20516908400003], [8.91503803300003, 45.20498020800005], [8.915168207000022, 45.20477831900007], [8.915988249000065, 45.20479204000003], [8.916122099000063, 45.204611138000075], [8.916322610000066, 45.20451947300006], [8.91623424900007, 45.204045920000056], [8.915670194000029, 45.20407173700005], [8.914849975000038, 45.20418392600004], [8.91380000600003, 45.204088703000025], [8.913573772000063, 45.20401245900007], [8.913749111000072, 45.20339089200007], [8.91384264800007, 45.202879438000025], [8.914106229000026, 45.20279307100003], [8.915579329000025, 45.20278629900008], [8.916007785000033, 45.20286268900003], [8.91604613100003, 45.202860530000066], [8.916162946000043, 45.20332842100004], [8.91628170000007, 45.203318015000036], [8.91642648900006, 45.203266531000054], [8.91642814000005, 45.20298322700006], [8.916496574000064, 45.20299032300005]]]}, "properties": {"OBJECTID": 90, "GisId": "{63FE70B9-B53B-45CE-BCA8-C7E4AD75329A}", "GisDescription": "VIA BORGO SAN SIRO", "GisCode": "DGR01", "Shape_Length": 0.1233687808513731, "Shape_Area": 3.2216682827666166e-05, "codice_distretto": "DGR01"}}, {"type": "Feature", "id": 91, "geometry": {"type": "Polygon", "coordinates": [[[9.206372988000055, 45.31497851800003], [9.202288762000023, 45.32358297800005], [9.203652850000026, 45.32395149100006], [9.203705678000063, 45.32439500800007], [9.203699415000074, 45.32461744900007], [9.203338925000025, 45.324860314000034], [9.201872103000028, 45.325086664000025], [9.201187858000026, 45.325043074000064], [9.200724513000068, 45.32475567200004], [9.200454569000044, 45.32443000600006], [9.199929323000049, 45.323353904000044], [9.199826010000038, 45.323020359000054], [9.199480780000044, 45.32268344600004], [9.198888684000053, 45.322464522000075], [9.19819992500004, 45.32227231100006], [9.197267991000047, 45.32171266000006], [9.197154827000077, 45.321633216000066], [9.196949569000026, 45.321349145000056], [9.197011382000028, 45.32057161000006], [9.19732437500005, 45.31937269200006], [9.197168003000058, 45.319232646000046], [9.196656294000036, 45.31893014100007], [9.196031998000024, 45.318711258000064], [9.19620158600003, 45.31800938500004], [9.197287438000046, 45.31802268400003], [9.196995506000064, 45.31754156100004], [9.196227502000056, 45.31617385000004], [9.194946051000045, 45.31553893200004], [9.193590308000068, 45.31517717400004], [9.192588533000048, 45.31457967700004], [9.193273507000072, 45.31369111300006], [9.194897122000043, 45.313809709000054], [9.195087157000046, 45.312800623000044], [9.195656619000033, 45.31272380200005], [9.195784229000026, 45.31232159600006], [9.194999365000058, 45.31227743000005], [9.194462517000034, 45.312460377000036], [9.193226821000053, 45.31260658400004], [9.19246283900003, 45.31238033300008], [9.191752865000069, 45.31222983400005], [9.191278029000046, 45.31167694800007], [9.191178404000027, 45.31082004600006], [9.192121304000068, 45.30992347200004], [9.192991173000053, 45.30968688100006], [9.192968619000055, 45.309375946000046], [9.19197765000007, 45.30876325700007], [9.193565160000048, 45.307789738000054], [9.194811733000051, 45.30771177200006], [9.194613095000022, 45.30620275800004], [9.194020801000022, 45.30587004000006], [9.193107103000045, 45.30584125000007], [9.193006894000064, 45.30481748600005], [9.195179004000067, 45.30510959700007], [9.195264734000034, 45.308166080000035], [9.195298882000031, 45.308719703000065], [9.196329241000058, 45.30827802500005], [9.19692083700005, 45.30839836100006], [9.19830789200006, 45.30853248600005], [9.198466608000047, 45.30781166500003], [9.198044932000073, 45.30709943700003], [9.197571210000035, 45.30687271600004], [9.196881948000055, 45.30647950300005], [9.19681459800006, 45.305652889000044], [9.196941343000049, 45.305007971000066], [9.196487777000073, 45.30438680800006], [9.196560392000038, 45.30362821400007], [9.19780452200007, 45.30287518200004], [9.199222783000039, 45.30275136200004], [9.200901741000052, 45.30340828900006], [9.201033421000034, 45.304174111000066], [9.200466644000073, 45.30498666900007], [9.199447177000025, 45.30544353500005], [9.198457795000024, 45.305285980000065], [9.197964227000057, 45.30552954600006], [9.199128478000034, 45.306513532000054], [9.199419427000066, 45.30672539600005], [9.199453853000023, 45.307347279000055], [9.198763340000028, 45.30967698200004], [9.199354769000024, 45.309744212000055], [9.200043421000032, 45.30994779500003], [9.200732907000031, 45.31038649700008], [9.206292034000057, 45.310892350000074], [9.20657029900002, 45.31055812100004], [9.206878324000058, 45.30954121600007], [9.208009495000056, 45.30729409500003], [9.207471325000029, 45.30709028800004], [9.206964990000074, 45.30677265000003], [9.20680224800003, 45.30635578600004], [9.206895755000062, 45.305468209000026], [9.209073383000032, 45.30431137100004], [9.209944072000042, 45.30142759100005], [9.210305322000067, 45.29775783000008], [9.210331393000047, 45.29608914800008], [9.208783976000063, 45.29574119500006], [9.20568521000007, 45.29468495900005], [9.204908542000055, 45.29386720700006], [9.206448360000024, 45.29177105600007], [9.212854961000062, 45.29236607300004], [9.212604887000055, 45.29445991700004], [9.211482666000052, 45.29899765000005], [9.212451473000044, 45.29942059500007], [9.215340983000033, 45.29939432600003], [9.215475118000029, 45.300759318000075], [9.214283713000043, 45.30081275600003], [9.21211226400004, 45.300680285000055], [9.21126048800005, 45.30283591700004], [9.209478151000042, 45.306237140000064], [9.208070951000025, 45.30940252600004], [9.208232656000064, 45.30953117000007], [9.209229177000054, 45.308679864000055], [9.209797012000024, 45.30817823400008], [9.21088811200002, 45.30675788800005], [9.211467395000057, 45.30645343000003], [9.212273998000057, 45.306580874000076], [9.213049866000063, 45.307110357000056], [9.218031151000048, 45.30834484500008], [9.218100675000073, 45.30965686300004], [9.21715787100004, 45.31047022000007], [9.21525388300006, 45.310102174000065], [9.21288885000007, 45.310038345000066], [9.212202048000051, 45.31034301100004], [9.212154894000037, 45.31066923900005], [9.21124281300007, 45.31109946500004], [9.209741247000068, 45.31054475800005], [9.208617900000036, 45.31052785300005], [9.208383310000045, 45.31104404000007], [9.207992341000022, 45.31160298000003], [9.207927743000027, 45.311943892000045], [9.207367344000033, 45.31302572700008], [9.206900209000025, 45.31315551300003], [9.206852925000021, 45.31345519400003], [9.20717045400005, 45.31356838800008], [9.206973255000037, 45.31402761900006], [9.206721850000065, 45.31436180000003], [9.206474962000073, 45.31446084800007], [9.206347299000072, 45.31482893400005], [9.206372988000055, 45.31497851800003]]]}, "properties": {"OBJECTID": 91, "GisId": "{4B81A554-4EBE-4835-B713-83C243B03E88}", "GisDescription": "LANDRIANO CENTRO", "GisCode": "DSZ03", "Shape_Length": 0.17599307364763384, "Shape_Area": 0.0002461782872448563, "codice_distretto": "DSZ03"}}, {"type": "Feature", "id": 93, "geometry": {"type": "Polygon", "coordinates": [[[9.007613393000042, 44.93291839700004], [9.007600532000026, 44.932937673000026], [9.007547804000069, 44.93294162700005], [9.007412529000021, 44.93289359400006], [9.007464471000048, 44.931972880000046], [9.007180951000066, 44.93131326200006], [9.007095431000039, 44.930585043000065], [9.007401547000029, 44.93053950900003], [9.007009856000025, 44.929391570000064], [9.005270618000054, 44.92962397400004], [9.005192332000036, 44.929886948000046], [9.00339834600004, 44.93012975700003], [9.00330578200004, 44.92984656100003], [9.00233269100005, 44.92970024500005], [9.00163992900002, 44.93002865300008], [9.001810841000065, 44.93174806800005], [9.002181108000059, 44.933427022000046], [9.001355244000024, 44.933305664000045], [9.001369473000068, 44.93292132400006], [9.000657508000074, 44.93093894300006], [9.000685963000024, 44.92907792600005], [9.000600524000049, 44.92798559000005], [8.99843641800004, 44.92745964100004], [8.997155108000072, 44.92614476600005], [8.993396570000073, 44.92545684300006], [8.994136957000023, 44.92485003000007], [8.997041265000064, 44.925072655000065], [8.995959319000065, 44.92422302700004], [8.995845527000029, 44.92280702900007], [8.99769626400007, 44.922544112000026], [8.998949049000032, 44.92300938500006], [9.000116436000042, 44.92355555800003], [9.000714365000022, 44.92313075900006], [9.003134571000032, 44.92335323000003], [9.003106126000034, 44.92387917100007], [9.004643698000052, 44.92408140400005], [9.005270231000054, 44.92539622800007], [9.008402408000052, 44.92565901000006], [9.008459069000025, 44.92369684500005], [9.007720774000063, 44.92280726700005], [9.005497726000044, 44.92228103200006], [9.005412368000066, 44.922908119000056], [9.003458374000047, 44.92274029400005], [9.003683721000073, 44.92170409300007], [9.002909646000035, 44.92155096600004], [9.002707440000052, 44.922564331000046], [9.001326511000059, 44.92222047100006], [9.001696624000033, 44.92126972800003], [9.001518673000021, 44.92119387400004], [9.00043673700003, 44.92087528400003], [9.000365559000045, 44.920946085000026], [9.000265907000028, 44.92109274100005], [9.00035844200005, 44.92127479800007], [8.999974071000054, 44.92139616800006], [9.000216081000076, 44.92078425700004], [9.00005236800007, 44.92066288600006], [8.999269406000053, 44.92004591600005], [8.998685754000064, 44.91957559800005], [8.998635924000041, 44.919818339000074], [8.998671510000065, 44.91998016700006], [8.998820981000051, 44.920086369000046], [8.998899272000074, 44.92037968300008], [8.99891350200005, 44.920708396000066], [8.998643016000074, 44.92090562000004], [8.998358306000057, 44.92065276100004], [8.998422385000026, 44.91999533500007], [8.998450867000031, 44.919595824000055], [8.998479350000025, 44.91915585400005], [8.999070122000035, 44.91905977500005], [8.999831717000063, 44.91927723500004], [9.000337079000076, 44.91955031900005], [8.999981190000028, 44.919980175000035], [9.000144900000066, 44.920243146000075], [9.00085669200007, 44.92063254100003], [9.001155638000057, 44.920298768000066], [9.001226811000038, 44.920040854000035], [9.000999036000053, 44.91979305800004], [9.001027502000056, 44.91950480100007], [9.001760617000059, 44.91900919500006], [9.002337153000042, 44.91904964100007], [9.002920828000072, 44.91947948300003], [9.002351443000066, 44.92037460700004], [9.001895915000034, 44.92087527000007], [9.002180638000027, 44.92100169300005], [9.002522294000073, 44.92090560100007], [9.002885287000026, 44.92045550800003], [9.003468919000056, 44.91986886600006], [9.004408402000024, 44.91896360900006], [9.00488526600003, 44.91872084800008], [9.00534080600005, 44.91880174100004], [9.00566113900004, 44.919191124000065], [9.005796456000041, 44.919990142000074], [9.004921008000053, 44.920511067000064], [9.004515297000069, 44.92062234000008], [9.004244851000067, 44.921087605000025], [9.004109638000045, 44.92147953700004], [9.004789426000059, 44.92170075900003], [9.004892616000063, 44.92144410700007], [9.004976247000059, 44.92137203900006], [9.005268088000037, 44.92141627500007], [9.005296584000064, 44.921672923000074], [9.006373211000039, 44.92189538100007], [9.006444345000034, 44.92147057900007], [9.006736183000044, 44.92147056200008], [9.00688569700003, 44.92176386600005], [9.006978263000065, 44.92203188800005], [9.007483671000045, 44.922208855000065], [9.008010441000067, 44.92243133300008], [9.008814866000023, 44.922931928000025], [9.011107224000057, 44.92448679200004], [9.011028852000038, 44.92411763000007], [9.010936109000056, 44.92304553000008], [9.01078661400004, 44.92297474500003], [9.01054457400005, 44.92286098200003], [9.010153039000045, 44.92265873300005], [9.010163655000042, 44.92231484800004], [9.010733066000057, 44.92210239700006], [9.010711675000039, 44.92191022900005], [9.010497988000054, 44.921116280000035], [9.009944548000021, 44.91843131500008], [9.009887569000057, 44.91820754200006], [9.009834872000056, 44.91799182900007], [9.009819408000055, 44.91796014400006], [9.009782434000044, 44.91797705700003], [9.009766223000042, 44.91798440600007], [9.009762287000058, 44.91798490900004], [9.009760025000048, 44.91798255000003], [9.009766419000073, 44.917972278000036], [9.009820686000069, 44.91794825200003], [9.009846047000053, 44.91797922500007], [9.009939470000063, 44.918005924000056], [9.009973725000066, 44.91801492900004], [9.010241563000022, 44.91823046500008], [9.011167516000057, 44.92165910700004], [9.011651707000055, 44.92246819700006], [9.012890207000055, 44.92222532300008], [9.013367303000052, 44.923009121000064], [9.013453962000028, 44.924938876000056], [9.014788288000034, 44.92502720300007], [9.015444982000076, 44.92504764600005], [9.01516044400006, 44.92600648600006], [9.01509657500003, 44.92603023500004], [9.015103194000062, 44.92605566900005], [9.01514157500003, 44.926065308000034], [9.015186890000052, 44.92604807300006], [9.015516815000069, 44.92592244700006], [9.015583889000027, 44.92589103800003], [9.015704650000032, 44.92583448900007], [9.015758426000048, 44.92579535200008], [9.01588720500007, 44.92570163100004], [9.016073486000039, 44.92551382400006], [9.016270191000046, 44.92531550900003], [9.016452764000064, 44.925144086000046], [9.016585752000026, 44.92501384600007], [9.016749425000057, 44.92483808700007], [9.01684638200004, 44.924728713000036], [9.017001153000024, 44.92454157600008], [9.017108336000035, 44.92441734500005], [9.017252878000022, 44.92425075400007], [9.017340045000026, 44.92413822000003], [9.017426768000064, 44.924032956000076], [9.017560629000059, 44.92386004600007], [9.017718046000027, 44.92361854300003], [9.018049759000064, 44.92305335900005], [9.018364567000049, 44.92251282900003], [9.018671364000056, 44.92197735700006], [9.018839436000064, 44.921692234000034], [9.018968252000036, 44.921540710000045], [9.019076167000037, 44.92141363200005], [9.019281030000059, 44.92118413000003], [9.019248681000022, 44.92111523800003], [9.019182168000043, 44.92104930000005], [9.019277567000074, 44.92087575800008], [9.018474902000037, 44.920606805000034], [9.018665213000077, 44.920384787000046], [9.018605666000042, 44.92035498100006], [9.01861578200004, 44.92033988600008], [9.018616057000031, 44.92033741900008], [9.018613334000065, 44.920334566000065], [9.018618520000075, 44.92032355600003], [9.018628675000059, 44.92031449400008], [9.018638242000065, 44.92032076000004], [9.018620415000044, 44.920338095000034], [9.018610299000045, 44.92035326800004], [9.018647117000057, 44.92036653700006], [9.018716894000022, 44.92039136300008], [9.019122734000064, 44.92053087600004], [9.019284017000075, 44.92058373800006], [9.019384642000034, 44.92061678600004], [9.019454224000071, 44.920642042000054], [9.01958819500004, 44.92069122000004], [9.019688897000037, 44.92072776100008], [9.01974036100006, 44.920748649000075], [9.01974451600006, 44.92075644400006], [9.019817663000026, 44.92073451700003], [9.020024066000076, 44.92068250500006], [9.02029612900003, 44.92068695200004], [9.020574554000063, 44.92078130200008], [9.020726428000046, 44.92085319900008], [9.020773908000024, 44.92092960800005], [9.020704361000071, 44.921071221000034], [9.020160975000067, 44.92167137200005], [9.019873984000071, 44.92197484900004], [9.02013529800007, 44.922141184000054], [9.019788781000045, 44.92259857500005], [9.020021364000058, 44.922760363000066], [9.019907553000053, 44.92299301000003], [9.019668936000073, 44.92292905100004], [9.01867053500007, 44.92261108400004], [9.018118772000037, 44.923330355000076], [9.019712054000024, 44.92372379700004], [9.019462201000067, 44.92436193700007], [9.019031983000048, 44.92450585600005], [9.01822209200003, 44.924577912000075], [9.017703296000036, 44.92476229700003], [9.017589603000033, 44.92542311200003], [9.017628000000059, 44.92683460300003], [9.017602758000066, 44.92705936700003], [9.017672418000075, 44.92723916500006], [9.017824283000039, 44.927234646000045], [9.018260854000061, 44.92709522500007], [9.01836200300005, 44.92679852500004], [9.01850743700004, 44.926474846000076], [9.01884916900002, 44.926591666000036], [9.018855565000024, 44.92679844400004], [9.018773478000071, 44.92732889300004], [9.018792525000038, 44.92752668000003], [9.018710361000046, 44.92782787300007], [9.018552322000062, 44.928313381000066], [9.018590381000024, 44.92859657300005], [9.01906647800007, 44.92887605100003], [9.018824315000074, 44.929287687000055], [9.018707048000067, 44.92927479300005], [9.018538629000034, 44.92925627300008], [9.018386311000029, 44.929239524000025], [9.018207928000038, 44.92921990900004], [9.018028823000066, 44.92917269700007], [9.018015157000036, 44.929210571000056], [9.017982110000048, 44.929227264000076], [9.017963930000064, 44.92927137700008], [9.017949313000031, 44.92931970200004], [9.017914525000037, 44.929373370000064], [9.017887634000033, 44.92937983500008], [9.017844126000057, 44.92937366100006], [9.017772541000056, 44.92937086300003], [9.017681176000053, 44.92936048200005], [9.017724670000064, 44.92932310800006], [9.01787891400005, 44.92931859000004], [9.01789549700004, 44.929229245000045], [9.017702487000065, 44.92921017000003], [9.016724786000054, 44.92911029900006], [9.016841940000063, 44.92940471800006], [9.017148865000024, 44.92946311000003], [9.017199554000058, 44.929681121000044], [9.017528636000065, 44.92976198400004], [9.01789883300006, 44.92978665000004], [9.018232595000029, 44.92965398800004], [9.018758570000045, 44.92958704100005], [9.018786330000069, 44.929911090000076], [9.018791297000064, 44.92991718900004], [9.018786437000074, 44.92992163500003], [9.018775797000046, 44.92992021300006], [9.018767406000052, 44.92993037800005], [9.018767161000028, 44.92993204700008], [9.01876280700003, 44.92993471300008], [9.018778994000058, 44.93014904100005], [9.018677910000065, 44.93065926300005], [9.018362457000023, 44.93116839700008], [9.018223410000076, 44.93171683500003], [9.017957825000053, 44.932364187000076], [9.017641527000023, 44.93275082400004], [9.017489805000025, 44.93327229200003], [9.017540616000076, 44.933874642000035], [9.017515635000052, 44.934971476000044], [9.017996764000031, 44.935465874000045], [9.018300707000037, 44.93599626000008], [9.018035028000043, 44.936400871000046], [9.017440294000039, 44.93695836900008], [9.015858098000024, 44.93699456100006], [9.014718920000064, 44.93703966600003], [9.014541783000027, 44.937318391000076], [9.01438994700004, 44.937543170000026], [9.014111582000055, 44.937974745000076], [9.014314145000071, 44.93812755600004], [9.014023129000066, 44.938604084000076], [9.013668728000027, 44.93870302100004], [9.013352313000041, 44.938855896000064], [9.013985258000048, 44.93902663800003], [9.014390347000074, 44.93914346300005], [9.01417523300006, 44.93944916300006], [9.013517043000036, 44.93960208000004], [9.013605736000045, 44.93996168600006], [9.014124735000053, 44.939997584000025], [9.014605689000064, 44.93975478300007], [9.015023370000051, 44.93959290200007], [9.015023262000057, 44.939179343000035], [9.015706765000061, 44.93904439500005], [9.016276435000066, 44.93924210400007], [9.016339904000063, 44.939871424000046], [9.016567751000025, 44.93986240000004], [9.016960134000044, 44.93978142900005], [9.017111963000048, 44.93954765500007], [9.017276281000022, 44.93874748500008], [9.01773177900003, 44.93812707700005], [9.018921578000061, 44.93799203000003], [9.019896435000021, 44.93857624100008], [9.021213142000022, 44.93932220700003], [9.020884464000062, 44.940517991000036], [9.01966296300003, 44.940628341000036], [9.019077523000021, 44.94066889700008], [9.018716744000074, 44.94062850000006], [9.018542629000024, 44.94043973000004], [9.018105835000028, 44.94019031700003], [9.016156456000033, 44.94021533200004], [9.015953925000076, 44.94022884700007], [9.015434970000058, 44.94036826900003], [9.015324254000063, 44.94053910100007], [9.015188232000071, 44.94074814600003], [9.014935036000054, 44.940647038000066], [9.01469129000003, 44.94037511000005], [9.012843174000068, 44.94042028400003], [9.012817906000066, 44.94063605800005], [9.012893861000066, 44.940654030000076], [9.013539445000049, 44.94066294500004], [9.014172385000052, 44.94073479200006], [9.01489394400005, 44.940833594000026], [9.01545096600006, 44.94101332900004], [9.015311810000071, 44.94134599200004], [9.014185215000055, 44.94142705100006], [9.013007982000033, 44.94151709500005], [9.012742200000048, 44.941741885000056], [9.012603051000042, 44.94218243000006], [9.012856237000051, 44.94222735500006], [9.012995427000021, 44.941975607000074], [9.013172573000077, 44.941642942000044], [9.013248522000026, 44.941633943000056], [9.013501719000033, 44.94173280700005], [9.013944848000051, 44.942038429000036], [9.013793045000057, 44.94246099500003], [9.013641173000053, 44.94261385100003], [9.01321077800003, 44.94264087200003], [9.012501931000031, 44.94287470200004], [9.012375446000021, 44.94336019800005], [9.012653956000065, 44.94341411000005], [9.012805893000063, 44.94353995800003], [9.012768032000054, 44.94406140600006], [9.012400974000059, 44.94434014900003], [9.012185975000023, 44.94532012500008], [9.013375953000036, 44.94526605000004], [9.013553089000027, 44.94485247000006], [9.013654236000036, 44.94431303500005], [9.01409725700006, 44.94409721100004], [9.014603660000034, 44.94423200400007], [9.014515283000037, 44.94517600700004], [9.018389026000023, 44.94502261200006], [9.01870546400005, 44.944878714000026], [9.018844584000021, 44.94446513300005], [9.019148317000031, 44.944195370000045], [9.019958604000067, 44.94447393400003], [9.020224708000057, 44.94521110000005], [9.019376797000064, 44.946020383000075], [9.017490387000066, 44.94561611900008], [9.013806488000057, 44.94573349900003], [9.013198896000063, 44.94603025400005], [9.013097688000073, 44.94633593900005], [9.012996634000046, 44.94732489300003], [9.013477891000036, 44.94809801200006], [9.015199807000045, 44.948637219000034], [9.016389938000032, 44.948888785000065], [9.017073907000054, 44.94994955100003], [9.016010925000046, 44.95174778300003], [9.015897098000039, 44.952188328000034], [9.015606018000028, 44.95263788700004], [9.015479515000038, 44.95304247200005], [9.015163268000038, 44.95411236900003], [9.014467195000066, 44.95532616100007], [9.013378528000032, 44.95635119800005], [9.012745399000039, 44.956198433000054], [9.01290943500004, 44.95366312700003], [9.01233962200007, 44.95341146000004], [9.011491360000036, 44.95362731700004], [9.010814319000076, 44.95542995500006], [9.010928397000043, 44.95607725200006], [9.011232306000068, 44.95620308800005], [9.01154890500004, 44.95646377700007], [9.011435126000038, 44.957362826000065], [9.010757738000052, 44.95755169000006], [9.010435071000074, 44.95875643000005], [9.00996658400004, 44.958895823000034], [9.010301643000048, 44.956122262000065], [9.010136985000031, 44.95581210800003], [9.010111491000032, 44.954845645000034], [9.010440248000066, 44.95240023100007], [9.008927222000068, 44.95218459000006], [9.007971375000068, 44.952607209000064], [9.007724650000057, 44.95385239400008], [9.007503204000045, 44.95482786500003], [9.006509244000029, 44.95459867100004], [9.005686064000031, 44.95276467700006], [9.005591055000025, 44.95223424900007], [9.005426428000021, 44.95187014600003], [9.005559214000073, 44.95029232700006], [9.007325360000038, 44.950256265000064], [9.00720526200007, 44.95166326900005], [9.01083896800003, 44.95184728500004], [9.011098118000064, 44.94978396600004], [9.010623318000057, 44.949604203000035], [9.010420552000028, 44.94849840400008], [9.009800134000045, 44.94809389100004], [9.010008955000046, 44.94768930600003], [9.010914178000064, 44.947864535000065], [9.011154686000054, 44.947693694000066], [9.009762033000072, 44.94738365400008], [9.009837928000024, 44.94701054600006], [9.009350510000047, 44.94692068300003], [9.009407397000075, 44.94642171100003], [9.011470984000027, 44.94667774900006], [9.011578328000041, 44.945365140000035], [9.012216815000045, 44.94151044000006], [9.01160287600004, 44.941537475000075], [9.011495463000074, 44.94246349800005], [9.010761259000049, 44.942522007000036], [9.010539804000075, 44.94293109100005], [9.009539755000048, 44.942980626000065], [9.009564881000074, 44.94182535700003], [9.009020556000053, 44.94182090600003], [9.008521048000034, 44.94528224800007], [9.008945168000025, 44.94545752800008], [9.009280649000061, 44.94548447300008], [9.009514891000038, 44.94573169000006], [9.009369370000059, 44.94612278300008], [9.008926324000072, 44.94639253100007], [9.007666619000076, 44.94591613100005], [9.007698229000027, 44.945637427000065], [9.008204603000024, 44.94557895400004], [9.00841321400003, 44.94371792700008], [9.00738781800004, 44.94367304600007], [9.00762188300007, 44.94269307700006], [9.00837507700004, 44.94262110100004], [9.008666112000071, 44.94182542900006], [8.998994836000065, 44.94280121200006], [8.998342896000054, 44.94299899300006], [8.99805176600006, 44.942221318000065], [8.999115108000069, 44.94205950500003], [8.999279666000064, 44.94250902500005], [9.012178801000061, 44.94133063600003], [9.012248271000033, 44.940611396000065], [9.011609030000045, 44.94066540600005], [9.011691240000061, 44.94031926700006], [9.011374770000032, 44.94026985200003], [9.011412687000075, 44.93997316400004], [9.01232407200007, 44.93991013700003], [9.012412600000062, 44.939541520000034], [9.011539189000075, 44.93956858300004], [9.011431639000023, 44.93979784900006], [9.011102530000073, 44.939829348000046], [9.011336544000073, 44.93899771300005], [9.012171975000058, 44.938979645000074], [9.01205813100006, 44.93935276000008], [9.012425231000066, 44.93942014800007], [9.012703354000053, 44.93779959700004], [9.012557788000038, 44.93779062200008], [9.012159058000066, 44.93775470400004], [9.012038773000029, 44.937579404000076], [9.012174802000061, 44.93738160000004], [9.01219057000003, 44.93712762000007], [9.01163363300003, 44.937132173000066], [9.01151651300006, 44.93695012900008], [9.01174114500003, 44.93675007000007], [9.012222142000041, 44.93678373300003], [9.012304442000072, 44.936902847000056], [9.012788596000064, 44.93690279400005], [9.012889659000052, 44.936017228000026], [9.011877077000065, 44.936082517000045], [9.011858123000025, 44.936235357000044], [9.01180432800004, 44.93623311500005], [9.01161131200007, 44.93628932400003], [9.011551213000075, 44.936406205000026], [9.011105050000026, 44.936480421000056], [9.011025865000022, 44.93609159300007], [9.012190327000042, 44.93597909400006], [9.012209290000044, 44.93586671300005], [9.012497143000076, 44.935392438000065], [9.012908499000048, 44.93536317200005], [9.01296226200003, 44.93522831000007], [9.012468633000026, 44.93525308900007], [9.012490748000062, 44.93508676400006], [9.012639438000065, 44.93493840600007], [9.012541336000027, 44.934900207000055], [9.01245586300007, 44.93472939900005], [9.012389412000061, 44.934724911000046], [9.012392609000074, 44.93487550000003], [9.01223440800004, 44.934942945000046], [9.011762936000025, 44.93498120400005], [9.011595197000076, 44.93483063200006], [9.011370556000031, 44.93494977700004], [9.010883268000043, 44.93503298600007], [9.009870719000048, 44.93519490500006], [9.009547973000053, 44.93528259000004], [9.009693683000023, 44.93617937000005], [9.009174728000062, 44.936186157000066], [9.009010028000034, 44.93521970000006], [9.009642865000046, 44.93505557300006], [9.011209159000032, 44.934864384000036], [9.011342049000064, 44.93480593400005], [9.011459109000043, 44.93471377000003], [9.011345111000026, 44.934293479000075], [9.010924113000044, 44.93349337400008], [9.010316571000033, 44.933430497000074], [9.010313317000055, 44.93292928100004], [9.010977789000037, 44.93288651600005], [9.011097337000024, 44.93236540000004], [9.010832132000075, 44.93233024700004], [9.010681810000051, 44.932202148000044], [9.010124928000039, 44.93224939800007], [9.010116950000054, 44.93186056400003], [9.009713523000073, 44.93185835100007], [9.009885780000047, 44.93076150500008], [9.009833566000054, 44.93072330000007], [9.009461804000068, 44.930823350000026], [9.009341706000043, 44.93166284000006], [9.009044274000075, 44.93163477000007], [9.009213436000039, 44.93089978900008], [9.008928680000054, 44.930966116000036], [9.008605965000072, 44.93110661600008], [9.008289581000042, 44.93129094300008], [9.008308571000043, 44.931321284000035], [9.008465196000031, 44.93134150100008], [9.008515826000064, 44.93135947800005], [9.008519006000029, 44.93147860100004], [9.008446240000069, 44.931526930000075], [9.008256395000046, 44.931544925000026], [9.00806655100007, 44.93156404300004], [9.007936835000066, 44.93165508000004], [9.007821341000067, 44.93162811600007], [9.007558883000058, 44.93287330700008], [9.007629288000032, 44.932895217000066], [9.007613393000042, 44.93291839700004]], [[9.006379052000057, 44.92888809100003], [9.007878425000058, 44.92921170100004], [9.008025485000076, 44.92969202300003], [9.008422386000063, 44.92978597300004], [9.008701838000036, 44.93085103800007], [9.009289789000036, 44.93058994200004], [9.009230900000034, 44.930036519000055], [9.008907489000023, 44.92991124000008], [9.008966155000053, 44.929054990000054], [9.009157230000028, 44.92895055500003], [9.00958341300003, 44.92836576600007], [9.009612478000065, 44.926371337000035], [9.00786333000002, 44.92631926100006], [9.007584233000046, 44.927655859000026], [9.006290743000022, 44.92785433600005], [9.006379052000057, 44.92888809100003]], [[9.012022758000057, 44.92492662800004], [9.01229223300004, 44.924954444000036], [9.012302046000059, 44.92502405700003], [9.012551917000053, 44.92502403000003], [9.012517449000029, 44.92422695800008], [9.01197852200005, 44.92425138100003], [9.012022758000057, 44.92492662800004]]]}, "properties": {"OBJECTID": 93, "GisId": "{1D2FAA2E-D868-4C41-A1DC-EFB10478218C}", "GisDescription": "RIVANAZZANO TERME CENTRO", "GisCode": "DRT09", "Shape_Length": 0.3824423334514543, "Shape_Area": 0.0002876458461352458, "codice_distretto": "DRT09"}}, {"type": "Feature", "id": 94, "geometry": {"type": "Polygon", "coordinates": [[[8.925415002000022, 45.10830797500006], [8.924663671000076, 45.10820143400008], [8.924754909000058, 45.107919828000036], [8.924965476000068, 45.10795553100007], [8.925365585000065, 45.108000537000066], [8.926957152000057, 45.10497278100007], [8.926529997000046, 45.10455949100003], [8.926842234000048, 45.10362352000004], [8.927620603000037, 45.10300908100004], [8.928308457000071, 45.10222019400004], [8.929371740000022, 45.10173441500007], [8.93005875800003, 45.10159716600003], [8.930395915000076, 45.101422987000035], [8.930759420000072, 45.10089087500006], [8.930733856000074, 45.100597159000074], [8.930280990000028, 45.100018660000046], [8.929632992000052, 45.10005497600008], [8.928570166000043, 45.10020116600003], [8.928143368000065, 45.09952171600003], [8.927897506000022, 45.09923703800007], [8.928131560000054, 45.098603893000075], [8.928740552000022, 45.098659343000065], [8.928869774000077, 45.09895312500004], [8.929115867000064, 45.099054238000065], [8.930101411000066, 45.09850415600005], [8.930581861000064, 45.09769677200006], [8.930906544000038, 45.09710038900005], [8.931437882000068, 45.09706399600003], [8.93141141500007, 45.09752288800007], [8.93112519300007, 45.098468066000066], [8.931150470000034, 45.099000413000056], [8.931292940000048, 45.09906474600007], [8.931707995000068, 45.098752938000075], [8.932407746000024, 45.09877171100004], [8.933185241000047, 45.098799702000065], [8.93350880500003, 45.09914866100007], [8.93339147200004, 45.09975435000007], [8.933287350000057, 45.100139772000034], [8.93387050900003, 45.10014011100003], [8.934337425000024, 45.09980078900003], [8.934946769000021, 45.09956250600004], [8.935503964000077, 45.09959953400005], [8.936165096000025, 45.09939798600004], [8.937280285000043, 45.09873777800004], [8.93770799400005, 45.09867376500006], [8.938368525000044, 45.09901371500007], [8.93849767000006, 45.09942680100005], [8.938302901000043, 45.09978464400007], [8.938989474000039, 45.10002364400003], [8.93959845300003, 45.10011575000004], [8.940647900000045, 45.100345753000056], [8.941127247000054, 45.10048367400003], [8.941710521000061, 45.10037383500003], [8.94299340300006, 45.100447908000035], [8.943653959000073, 45.10081536200005], [8.94376985200006, 45.10156802700004], [8.942745261000027, 45.102366016000076], [8.941461943000036, 45.102677422000056], [8.940852754000048, 45.10275971200008], [8.940477305000059, 45.10239239100008], [8.94065921500004, 45.10193357800006], [8.94076314800003, 45.101685823000025], [8.940362054000047, 45.10106150000007], [8.940142025000057, 45.10079521900008], [8.939610899000058, 45.10060219800005], [8.938315316000057, 45.10028944800007], [8.937420897000038, 45.10050923800003], [8.936785493000059, 45.10087601300006], [8.935878900000034, 45.10037988800008], [8.935425320000036, 45.10038881100007], [8.935036161000028, 45.10072818100008], [8.934776851000038, 45.10083817200007], [8.934698678000075, 45.10120525200006], [8.935048100000074, 45.101627646000054], [8.935358608000058, 45.10208673000005], [8.935267124000063, 45.10276586100008], [8.93531871500005, 45.10298616500006], [8.935991994000062, 45.103546411000025], [8.937274426000045, 45.10408863400005], [8.938181189000034, 45.104492966000066], [8.937989001000062, 45.10538082700003], [8.936961893000046, 45.10544682600005], [8.936418375000073, 45.104712274000065], [8.933401006000054, 45.10270054100005], [8.932702165000023, 45.101864920000025], [8.932028915000046, 45.101323010000044], [8.931225568000059, 45.101212392000036], [8.92791647100006, 45.10476229300008], [8.92742307900005, 45.105477875000076], [8.927448209000033, 45.106102004000036], [8.926902852000069, 45.10690015500006], [8.926212915000065, 45.10799076200004], [8.925856318000058, 45.10812361400008], [8.925525404000041, 45.108440044000076], [8.925415002000022, 45.10830797500006]]]}, "properties": {"OBJECTID": 94, "GisId": "{D8EDCA48-270A-45B5-AB19-FD76CEB18EF5}", "GisDescription": "FRAZ. MEZZANO", "GisCode": "DSB04", "Shape_Length": 0.07495521766252711, "Shape_Area": 4.2637390969542994e-05, "codice_distretto": "DSB04"}}, {"type": "Feature", "id": 95, "geometry": {"type": "Polygon", "coordinates": [[[9.303401548000068, 45.067677583000034], [9.303296553000052, 45.068322729000045], [9.30311357200003, 45.06945153600003], [9.301281957000072, 45.06955568800004], [9.29920566100003, 45.069663511000044], [9.297262473000046, 45.06950480900008], [9.294117495000023, 45.06921099300007], [9.293300716000033, 45.06901152100005], [9.292993470000056, 45.06879317900007], [9.293004920000044, 45.06855866300003], [9.292859885000041, 45.06817588600006], [9.289363769000033, 45.06794945400003], [9.285913453000035, 45.06805727900007], [9.285241709000047, 45.06898456500005], [9.285268427000062, 45.06982558000004], [9.285428730000035, 45.069948226000065], [9.286245507000046, 45.07008569800007], [9.286985951000077, 45.070516981000026], [9.287069919000032, 45.07101834200006], [9.286206675000074, 45.07117854200004], [9.284978356000067, 45.07140649100006], [9.284657751000054, 45.07132562700008], [9.284253178000029, 45.071088426000074], [9.284146311000029, 45.069956313000034], [9.282329551000032, 45.06813949600007], [9.281764676000023, 45.06589669700003], [9.281459340000026, 45.063637637000056], [9.281238636000069, 45.062769873000036], [9.281192169000064, 45.062548511000045], [9.281237015000045, 45.06210638500005], [9.281278999000051, 45.061933847000034], [9.281390638000062, 45.061759960000074], [9.282204880000052, 45.06098690700003], [9.282676251000055, 45.060498824000035], [9.285736930000041, 45.05998467000006], [9.288744506000057, 45.05932684100003], [9.290179592000072, 45.058485673000064], [9.29257649300007, 45.05811900600003], [9.294881793000059, 45.05902488500004], [9.295614604000036, 45.06430889400008], [9.298393176000047, 45.067392805000054], [9.298632208000072, 45.067436427000075], [9.29935266700005, 45.067422435000026], [9.29969830300007, 45.067297179000036], [9.300083698000037, 45.06726231300007], [9.301165149000042, 45.06662457200008], [9.302152104000072, 45.065786596000066], [9.303212557000052, 45.066046148000055], [9.303464545000054, 45.066461426000046], [9.303401548000068, 45.067677583000034]]]}, "properties": {"OBJECTID": 95, "GisId": "{ED5C10DE-3471-452A-BE56-2C3038899B2B}", "GisDescription": "MONTEBRUCIATO", "GisCode": "DSTR04", "Shape_Length": 0.0682922051359155, "Shape_Area": 0.00015396143200106712, "codice_distretto": "DSTR04"}}, {"type": "Feature", "id": 96, "geometry": {"type": "Polygon", "coordinates": [[[9.113578098000062, 45.01538616300007], [9.113654938000025, 45.015391710000074], [9.113654530000076, 45.015185270000075], [9.113667511000074, 45.01517935900006], [9.11396994100005, 45.015153990000044], [9.114530235000075, 45.015168913000025], [9.11528394000004, 45.015220502000034], [9.11549976300006, 45.01503006400003], [9.115834504000077, 45.01479158300003], [9.115846356000077, 45.01482803500005], [9.115894919000027, 45.01485419100004], [9.11563753200005, 45.01505056900004], [9.11568544100004, 45.01509770700005], [9.116138610000064, 45.01508250100005], [9.117086495000024, 45.01503729600006], [9.117190578000077, 45.01510501900003], [9.11730400700003, 45.01542267200006], [9.116755463000061, 45.01556479200008], [9.116511540000033, 45.01522441700007], [9.116417481000042, 45.01522967300008], [9.116235067000048, 45.015235020000034], [9.116243223000026, 45.015412698000034], [9.11611851300006, 45.01542462100008], [9.11598392600007, 45.015435816000036], [9.115859317000059, 45.01549787500005], [9.115743156000065, 45.01562628000005], [9.11585159200007, 45.01579132100005], [9.115957941000033, 45.015951940000036], [9.115820197000062, 45.01594397000008], [9.115470902000027, 45.015926629000035], [9.11539644000004, 45.01611544900004], [9.115290123000023, 45.01700619400003], [9.115622459000065, 45.016858401000036], [9.115896477000035, 45.01665758300004], [9.115946062000035, 45.01650417800005], [9.116203943000073, 45.016292315000044], [9.11708363200006, 45.01643739900004], [9.119068539000068, 45.017205070000045], [9.119235058000072, 45.017302218000054], [9.11945759200006, 45.01708951400008], [9.120443630000068, 45.01663739500003], [9.12094200100006, 45.01636259900005], [9.121283744000038, 45.016739726000026], [9.119468781000023, 45.017723699000044], [9.11902862900007, 45.01725893300005], [9.117014598000026, 45.016482444000076], [9.116882170000054, 45.01678929000008], [9.116341391000049, 45.01666597800005], [9.11525294300003, 45.017127146000064], [9.115220188000023, 45.01738080400003], [9.115519774000063, 45.01748667000004], [9.11692593400005, 45.01786272800007], [9.116793322000035, 45.01808109900003], [9.116968174000021, 45.01818708800005], [9.117192707000072, 45.018186858000035], [9.117425254000068, 45.018039163000026], [9.117899291000072, 45.01805047200003], [9.118373752000025, 45.01826821600008], [9.118448999000066, 45.01846278100004], [9.11864904600003, 45.01868670700003], [9.118333496000048, 45.018911168000045], [9.11845104200006, 45.01945368600008], [9.118951211000024, 45.02003119600005], [9.119168609000042, 45.02059720200003], [9.119900031000043, 45.020395895000036], [9.119799177000061, 45.01988875100005], [9.119946728000059, 45.018862299000034], [9.120345870000051, 45.018847133000065], [9.120753211000022, 45.01877592500006], [9.121410259000072, 45.01881061800003], [9.122292697000034, 45.01924614700005], [9.123270080000054, 45.020080438000036], [9.124505889000034, 45.01950696600005], [9.12458255200005, 45.01938596800005], [9.124882809000042, 45.01883120400004], [9.125206379000076, 45.018482852000034], [9.125821290000033, 45.01826394100004], [9.126436478000073, 45.018300959000044], [9.126687341000036, 45.018799725000065], [9.127418910000074, 45.01868684400006], [9.127638071000035, 45.01837325500003], [9.127795006000042, 45.01789237100007], [9.127979227000026, 45.01792137900003], [9.12811944200007, 45.01794214200004], [9.128152943000032, 45.01804827300003], [9.12813522600004, 45.01843058900005], [9.130128187000025, 45.01905134100008], [9.130738114000053, 45.01938719700007], [9.130980801000021, 45.01982412800004], [9.131072868000047, 45.02030989100007], [9.131222750000063, 45.02039229500008], [9.131539149000048, 45.02055708200004], [9.131772657000056, 45.02083992900003], [9.132006330000024, 45.021193554000035], [9.13212396800003, 45.02171836300005], [9.132175564000022, 45.022455586000035], [9.129921221000075, 45.022222242000055], [9.129315489000021, 45.022836348000055], [9.129623526000046, 45.02297755700005], [9.131528270000047, 45.02306975100004], [9.131548185000042, 45.02450300400005], [9.129926237000063, 45.02443998000007], [9.129877202000046, 45.024823422000054], [9.129853211000068, 45.02524812300004], [9.129711821000058, 45.02524828400004], [9.129246186000046, 45.02530189700008], [9.12916351900003, 45.025526124000066], [9.12894744700003, 45.025603045000025], [9.129255857000032, 45.025903507000066], [9.13019597400006, 45.02602630300004], [9.132166733000076, 45.02584709200005], [9.134911690000024, 45.02597364300004], [9.135002722000024, 45.02577889300005], [9.135218758000065, 45.02569016500007], [9.135284948000049, 45.025542630000075], [9.135584391000066, 45.025554071000045], [9.13633330600004, 45.02571243300008], [9.136084758000038, 45.02611970800007], [9.13613564000002, 45.02653252500005], [9.135736566000048, 45.02659788100004], [9.135403111000073, 45.02627387200005], [9.132127726000022, 45.026063898000075], [9.130102950000037, 45.02626676300008], [9.129912149000063, 45.02648521500004], [9.12950475100007, 45.026550558000054], [9.129663552000068, 45.02689247700005], [9.130495146000044, 45.026832547000026], [9.131792640000072, 45.02683105700004], [9.132674898000062, 45.02710135500007], [9.132842362000076, 45.02758481800004], [9.132794449000073, 45.02844601800007], [9.13231238700007, 45.02859993100003], [9.130066895000027, 45.02870867900003], [9.130083985000056, 45.028909200000044], [9.130367344000035, 45.02915660300005], [9.13035132400006, 45.02942794200004], [9.130435332000047, 45.02979353600006], [9.131184652000059, 45.03011118300003], [9.13108580900007, 45.03053597100006], [9.13135324700005, 45.03109009900004], [9.13090577500003, 45.031833791000054], [9.130657282000072, 45.032294139000044], [9.131523036000033, 45.032588058000044], [9.134689583000068, 45.03238404900003], [9.134589362000042, 45.031946738000045], [9.136315703000037, 45.03181680700004], [9.136475148000045, 45.03256769400008], [9.136313347000055, 45.03285302300003], [9.134666590000052, 45.03295524600003], [9.134665789000053, 45.032636007000065], [9.131506779000063, 45.03275322800005], [9.129594433000022, 45.03312110500008], [9.12733144200007, 45.03292311000007], [9.126828198000055, 45.03104213000006], [9.12670160700003, 45.03021651500006], [9.12758285800004, 45.03002089300003], [9.127304751000054, 45.028387388000056], [9.12771104500007, 45.02828666400006], [9.127688486000068, 45.02796007400008], [9.127905743000042, 45.02794361000008], [9.127805004000038, 45.02705898600004], [9.127251949000026, 45.02708024700007], [9.127171812000029, 45.02657308700003], [9.126119682000024, 45.026574253000035], [9.125337900000034, 45.02659280900008], [9.125345174000074, 45.02611504200007], [9.12625984300007, 45.02601376400003], [9.12632587500002, 45.02578366000006], [9.127115935000063, 45.02575329200005], [9.127063704000022, 45.02470051200004], [9.125990615000035, 45.02461027800007], [9.124305965000076, 45.02439683700004], [9.122068287000047, 45.024198710000064], [9.121702094000057, 45.02408113700005], [9.121626212000024, 45.02359461200007], [9.120445182000026, 45.023575219000065], [9.12034684400004, 45.02427426600008], [9.120039149000036, 45.02428933500005], [9.119977635000055, 45.02470227800006], [9.119828047000055, 45.02475846800007], [9.119466222000028, 45.02474115200005], [9.119294952000075, 45.024369741000044], [9.119206975000054, 45.024057226000025], [9.119222483000044, 45.02351457000003], [9.119201446000034, 45.02339662800006], [9.119175938000069, 45.02312828400005], [9.119083746000058, 45.02278628100004], [9.11899625500007, 45.02270674500005], [9.11872160300004, 45.02260971000004], [9.118426247000059, 45.02255398300008], [9.118297217000077, 45.02249513500004], [9.11813879400006, 45.022297707000064], [9.118195336000042, 45.021483689000036], [9.118044639000061, 45.02099723900005], [9.117620332000058, 45.02091510100007], [9.116954687000032, 45.020753583000044], [9.116601115000037, 45.02069201200004], [9.116522337000049, 45.02080416000007], [9.116326702000038, 45.02121944900006], [9.116062985000042, 45.02189727900003], [9.116012374000036, 45.022060270000054], [9.115958680000062, 45.02224022100006], [9.115932216000033, 45.02252041600008], [9.115939043000026, 45.02281237200003], [9.115916683000023, 45.023066020000044], [9.115887723000071, 45.02339708800008], [9.116193972000076, 45.02344027700008], [9.11669328000005, 45.02358722400004], [9.116797408000025, 45.023669694000034], [9.116822549000062, 45.02376404000006], [9.116706270000066, 45.02384083600003], [9.116552504000026, 45.02388817900004], [9.116466158000037, 45.024371924000036], [9.115609479000057, 45.02435509900005], [9.115502065000044, 45.02470615500005], [9.115660111000068, 45.02471779100006], [9.115980326000056, 45.02472336400007], [9.116375430000062, 45.024746555000036], [9.116383963000033, 45.024852716000055], [9.116376123000066, 45.02508865300007], [9.116294321000055, 45.025250939000045], [9.11522141200004, 45.02524686600003], [9.115141756000071, 45.025444537000055], [9.115176094000049, 45.02545924800006], [9.11706308500004, 45.02548387100006], [9.11702641900007, 45.02585771100007], [9.114955426000051, 45.02584654300006], [9.114852886000051, 45.026039077000064], [9.115679564000061, 45.026117869000075], [9.115633346000038, 45.026398820000054], [9.115255988000058, 45.02641689600006], [9.11524726600004, 45.026733199000034], [9.114932268000075, 45.02674236400003], [9.114951229000042, 45.02686620800006], [9.114945305000049, 45.027023255000074], [9.114920565000034, 45.02712944800004], [9.114761886000053, 45.02732425000005], [9.114278229000035, 45.027218566000045], [9.114070420000076, 45.02780491300007], [9.114092380000045, 45.02786903400005], [9.114170520000073, 45.02795079500004], [9.114398293000022, 45.02799259100004], [9.11439230600007, 45.02811867300005], [9.116001895000068, 45.02819667600005], [9.116151691000027, 45.02823633600008], [9.116220597000051, 45.028377824000074], [9.11607228500003, 45.02907249300006], [9.116296950000049, 45.02911650200008], [9.11629778300005, 45.029527904000076], [9.11563650200003, 45.02951530400003], [9.115602817000024, 45.02827670600004], [9.115428141000052, 45.02827245900005], [9.114339427000061, 45.02819171700003], [9.113990027000057, 45.028158888000064], [9.113586664000024, 45.02922761000008], [9.113059297000063, 45.03069237300008], [9.113172321000036, 45.031063851000056], [9.112848479000036, 45.031347287000074], [9.112649143000056, 45.031497889000036], [9.112200078000058, 45.03155141500008], [9.111949935000041, 45.031242004000035], [9.112398618000043, 45.03099383600005], [9.112908202000028, 45.02999358100004], [9.113802486000054, 45.027957797000056], [9.113250175000076, 45.027836695000076], [9.113610539000035, 45.02710642800008], [9.114091040000062, 45.027194423000026], [9.114146945000073, 45.02707492800005], [9.114302031000022, 45.02664125100006], [9.114656292000063, 45.02598840200005], [9.114412901000037, 45.02593113900008], [9.114446945000054, 45.02579839300006], [9.11473710100006, 45.02584676300006], [9.114892331000021, 45.025488288000076], [9.114558427000077, 45.025397938000026], [9.114760466000064, 45.02505268700003], [9.115091214000074, 45.02512534500005], [9.11542982100002, 45.02445260200005], [9.115326828000036, 45.02441731700003], [9.11539194900007, 45.02423035100003], [9.115516754000055, 45.02425566000005], [9.115721533000055, 45.02372737500008], [9.115492204000077, 45.02368005300008], [9.115492000000074, 45.02357886100003], [9.11573844700007, 45.023608472000035], [9.115783671000031, 45.023351483000056], [9.115801827000041, 45.023075721000055], [9.115832478000073, 45.022421906000034], [9.115391621000072, 45.022385487000065], [9.115438772000061, 45.02205218800003], [9.115881681000076, 45.022076807000076], [9.115947830000039, 45.021886522000045], [9.115519450000022, 45.021848617000046], [9.115583223000044, 45.021510877000026], [9.115766220000069, 45.02152691200007], [9.115784765000058, 45.02144431800008], [9.115512349000028, 45.021419526000045], [9.115595072000076, 45.02119973200007], [9.116169003000039, 45.02124633600005], [9.116268338000054, 45.02101767700003], [9.11562987700006, 45.02093132600004], [9.115666888000021, 45.020726324000066], [9.116350996000051, 45.02076691700006], [9.116607412000064, 45.02008098300007], [9.116551285000071, 45.02008546400003], [9.116414037000027, 45.02007085900004], [9.116135303000021, 45.02000331200003], [9.116159984000035, 45.01987057700006], [9.116218186000026, 45.01986461900003], [9.116592526000034, 45.019917322000026], [9.116675383000029, 45.01976683100003], [9.11629265700003, 45.01967874800005], [9.116367007000065, 45.01943389500008], [9.116096593000066, 45.01936634000003], [9.11640273200004, 45.01859630600006], [9.116935221000062, 45.01872257400004], [9.116847661000065, 45.01860469800005], [9.11658516700004, 45.01833954500006], [9.116510267000024, 45.01831307900005], [9.116308524000033, 45.01827347200003], [9.116050657000073, 45.01823981900003], [9.115597258000037, 45.018153280000035], [9.115360074000023, 45.01806504500007], [9.115183081000055, 45.01792661500008], [9.115010144000053, 45.01773657100006], [9.114962513000023, 45.01782951600006], [9.114605608000033, 45.01817197300005], [9.114016095000068, 45.018638526000075], [9.113243606000026, 45.01909935900005], [9.113235592000024, 45.01925272100004], [9.112770510000075, 45.01957168700005], [9.112796050000043, 45.01987247400007], [9.112546828000063, 45.020008379000046], [9.112188790000062, 45.01978459800006], [9.111906300000044, 45.01992053600003], [9.112089973000025, 45.02028604700007], [9.111741169000027, 45.02053411600008], [9.11128324200007, 45.020263242000055], [9.111141979000024, 45.02032236300005], [9.110294132000035, 45.020541421000075], [9.110286405000068, 45.02084813700003], [9.109571519000042, 45.021019875000036], [9.109404741000048, 45.020784105000075], [9.108673812000063, 45.021268459000055], [9.109123261000036, 45.02145677500005], [9.110380242000076, 45.02207488400006], [9.111262612000075, 45.02249280400008], [9.110764636000056, 45.02302413100006], [9.109940852000022, 45.022800794000034], [9.11031403800007, 45.02224599700003], [9.108451423000076, 45.02130848400003], [9.10798969800004, 45.02177709600005], [9.108526528000027, 45.02199482200007], [9.10830667700003, 45.02228109600003], [9.10775325700007, 45.02208697800006], [9.107375878000028, 45.022635871000034], [9.107950199000072, 45.02288600500003], [9.107531249000033, 45.02344378600003], [9.106982110000047, 45.02332043800004], [9.10694477800007, 45.02337060800005], [9.10686638900006, 45.023703932000046], [9.10678805200007, 45.02406674800005], [9.106647372000054, 45.02444731800006], [9.106328352000048, 45.025086101000056], [9.106156319000036, 45.025381174000074], [9.106042485000046, 45.02566587000007], [9.105644532000042, 45.02635633400007], [9.105022183000074, 45.02668009700005], [9.103857506000054, 45.02700678100007], [9.103273735000073, 45.02614026700007], [9.104595404000065, 45.02572028800006], [9.105103968000037, 45.02638632400004], [9.105369858000074, 45.02624452100008], [9.105593827000064, 45.02591991000003], [9.106472426000039, 45.024291177000066], [9.106089696000026, 45.02420895800003], [9.106197390000034, 45.02397882500003], [9.10662161700003, 45.02401382000005], [9.106824163000056, 45.023358924000036], [9.10610454600004, 45.02324310500006], [9.106006119000028, 45.022861284000044], [9.106220184000051, 45.02281242400005], [9.10666085500003, 45.02275008300006], [9.106677282000021, 45.02263947400007], [9.10716379400003, 45.022631646000036], [9.107630375000042, 45.02197355200008], [9.10603767400005, 45.02193375400003], [9.106111515000066, 45.021388097000056], [9.106618909000076, 45.02143481000007], [9.107993470000054, 45.02157212800006], [9.108363774000054, 45.02127446800006], [9.108124473000032, 45.02102862700008], [9.108498089000022, 45.02069797000007], [9.108835166000063, 45.02083625900008], [9.109225661000039, 45.02063829400004], [9.109553966000021, 45.02053771000004], [9.109395327000072, 45.02020755900003], [9.10975275900006, 45.02011874300007], [9.109660735000034, 45.01983276500005], [9.109939194000049, 45.01976171800004], [9.110737492000055, 45.019728507000025], [9.110954398000047, 45.02008219100003], [9.11204274000005, 45.01952079400007], [9.111748931000022, 45.01811139800003], [9.111606075000054, 45.01734771300005], [9.112994599000046, 45.01722838300003], [9.113126916000056, 45.01685371200006], [9.112802635000037, 45.016873203000046], [9.112791592000065, 45.016542910000055], [9.113458817000037, 45.01648326700007], [9.113538009000024, 45.01552767000004], [9.11333843600005, 45.015529343000026], [9.113345071000026, 45.015731351000056], [9.112956346000033, 45.01574795700003], [9.11288558700005, 45.01570968800007], [9.112845396000068, 45.015357307000045], [9.112025647000053, 45.01541912400006], [9.11200033700004, 45.01523335300004], [9.113289851000047, 45.01513863100007], [9.113533149000034, 45.01517230400003], [9.113521097000046, 45.015386128000046], [9.113578098000062, 45.01538616300007]], [[9.122602180000058, 45.02178722700006], [9.123877788000073, 45.022294575000046], [9.12374546500007, 45.022639767000044], [9.123202888000037, 45.02268016700003], [9.123197147000042, 45.02291167900006], [9.121885299000041, 45.022966171000064], [9.121814310000047, 45.02282616300005], [9.121718661000045, 45.02282331600003], [9.12157275100003, 45.02264947300006], [9.121700660000045, 45.02217747600008], [9.121862345000068, 45.021947272000034], [9.122181975000046, 45.02168445800004], [9.121668660000068, 45.02081206400004], [9.121593962000077, 45.020882922000055], [9.121186457000022, 45.02088335500008], [9.12110371600005, 45.021083985000075], [9.121486566000044, 45.021222187000035], [9.121263415000044, 45.02188302900004], [9.118435244000068, 45.02162352400006], [9.118414775000076, 45.02177984900004], [9.118378226000061, 45.02220456100008], [9.118440838000026, 45.02231951300007], [9.118819506000023, 45.02244593200004], [9.119110857000067, 45.02257539000004], [9.119298392000076, 45.02277278500003], [9.119378682000047, 45.023389069000075], [9.12039334800005, 45.023396852000076], [9.121690864000072, 45.023442663000026], [9.12185321100003, 45.02352211600004], [9.121924592000028, 45.02384644400007], [9.12232831800003, 45.02401411200003], [9.124245655000038, 45.02415065100007], [9.125243977000025, 45.02428522100007], [9.12714488000006, 45.02450430500005], [9.127135465000038, 45.02400886200007], [9.126902522000023, 45.02397668100008], [9.125941879000038, 45.023957100000075], [9.125957971000048, 45.02370935600004], [9.125874692000025, 45.02365931300005], [9.125596149000046, 45.02369206000003], [9.125205201000028, 45.02366594700004], [9.125088405000042, 45.02350092300003], [9.125096094000071, 45.023211900000035], [9.125449497000034, 45.023184970000045], [9.12595669700005, 45.02312837900007], [9.12604861400007, 45.023325869000075], [9.126239984000051, 45.02336399700005], [9.128086129000053, 45.02328231400003], [9.127880740000023, 45.02255116100008], [9.127689392000036, 45.02252188300008], [9.127414910000027, 45.02250744500003], [9.127360551000038, 45.022371845000066], [9.127276601000062, 45.02201804400005], [9.127213358000063, 45.021625880000045], [9.12704705300007, 45.021637861000045], [9.126843311000073, 45.02164398700006], [9.126772243000062, 45.02147301600007], [9.126692827000056, 45.02128730900006], [9.12662204000003, 45.02124315000003], [9.126592880000032, 45.021219590000044], [9.12653836100003, 45.02101026200006], [9.126471350000031, 45.02079210100004], [9.12656676100005, 45.02068877600004], [9.126762189000033, 45.020685610000044], [9.126820209000073, 45.020597072000044], [9.126774143000034, 45.02044966600005], [9.12677816400003, 45.02038773000004], [9.126752832000022, 45.02021375900006], [9.126723367000068, 45.02005159000004], [9.126602442000035, 45.01989837000008], [9.126469247000045, 45.019836585000064], [9.126381718000061, 45.01974231000003], [9.12625267900006, 45.019680522000044], [9.126144569000076, 45.019680641000036], [9.126049139000031, 45.01977511800004], [9.125920477000022, 45.01988437800003], [9.125654375000067, 45.01989351800006], [9.125246980000043, 45.01994115200006], [9.124989465000056, 45.02007414500008], [9.124690385000065, 45.02021603000003], [9.124441107000052, 45.02031362300005], [9.124157969000066, 45.02013698300004], [9.12387527200002, 45.020163833000026], [9.123708774000022, 45.020084387000054], [9.123484399000063, 45.02016130700008], [9.122956850000037, 45.02041255200004], [9.122878040000046, 45.020504060000064], [9.122757875000048, 45.02070178100007], [9.122621107000043, 45.020914265000044], [9.122530175000065, 45.02117093700008], [9.122451966000028, 45.02154555900006], [9.122602180000058, 45.02178722700006]]]}, "properties": {"OBJECTID": 96, "GisId": "{F3B22186-3FE4-4050-81F0-7041023C0EE3}", "GisDescription": "ZONA INDUSTRIALE", "GisCode": "DCT01", "Shape_Length": 0.2813004800863198, "Shape_Area": 0.00011683977889320018, "codice_distretto": "DCT01"}}, {"type": "Feature", "id": 97, "geometry": {"type": "Polygon", "coordinates": [[[8.747042777000047, 45.31386266700008], [8.747362300000077, 45.31392885500003], [8.74791917400006, 45.313801917000035], [8.747956393000038, 45.31308906600003], [8.748684145000027, 45.31277412500003], [8.748904589000063, 45.31270042800003], [8.749868026000058, 45.31237833300003], [8.750776253000026, 45.312380318000066], [8.752243930000077, 45.31252770100008], [8.753143502000057, 45.31242350300005], [8.75303262400007, 45.313000619000036], [8.754322837000075, 45.31293343400006], [8.754160974000058, 45.31377613800004], [8.753001288000064, 45.31589908400008], [8.75220863800007, 45.31715234200004], [8.751340996000067, 45.31702591100003], [8.751179139000044, 45.31646034500005], [8.749116084000036, 45.316408627000044], [8.749012710000045, 45.31526425900006], [8.748950106000052, 45.31457119200007], [8.747162827000068, 45.314160050000055], [8.746869029000038, 45.31406060300003], [8.746824533000051, 45.31389421800003], [8.747042777000047, 45.31386266700008]]]}, "properties": {"OBJECTID": 97, "GisId": "{390FECF9-E396-498F-AB55-54129C1979D0}", "GisDescription": "ZONA INDUSTRIALE NORD", "GisCode": "DCL02", "Shape_Length": 0.021491666184009956, "Shape_Area": 2.0868591783366824e-05, "codice_distretto": "DCL02"}}, {"type": "Feature", "id": 98, "geometry": {"type": "Polygon", "coordinates": [[[8.85230731200005, 45.268079466000074], [8.852244556000073, 45.26807118500005], [8.851415946000031, 45.26793712500006], [8.851117356000032, 45.268016861000035], [8.850827628000047, 45.26792152000007], [8.850848959000075, 45.26779987500004], [8.850899879000053, 45.26761298200006], [8.850946627000042, 45.26741421300005], [8.850917404000029, 45.267339985000035], [8.850661331000026, 45.267232817000036], [8.850409384000045, 45.26715532900005], [8.850367678000055, 45.267033602000026], [8.850444001000028, 45.26677552000007], [8.850574652000034, 45.266633246000026], [8.850768182000024, 45.26655040600008], [8.851461130000075, 45.26672639800006], [8.851935677000029, 45.26685462100005], [8.852267358000063, 45.26697672300003], [8.852351383000041, 45.26698573500005], [8.852443923000067, 45.266953210000054], [8.852562268000042, 45.266692213000056], [8.85261752200006, 45.26645190800008], [8.852558903000045, 45.266368740000075], [8.852168307000056, 45.266279206000036], [8.852004567000051, 45.26621964200007], [8.851891217000059, 45.26617498100006], [8.851706426000021, 45.266130227000076], [8.851626735000025, 45.266070771000045], [8.851639442000021, 45.26603220900006], [8.851673163000044, 45.26599367400007], [8.851723761000073, 45.265928452000026], [8.851780703000031, 45.26584354700003], [8.851862179000022, 45.26580976000008], [8.851984454000046, 45.26575905400006], [8.85228044400003, 45.26563630700008], [8.85258318600006, 45.26551076000004], [8.85268730100006, 45.265470090000065], [8.852804933000073, 45.26548359600008], [8.852929885000037, 45.265510465000034], [8.853073653000024, 45.26557371200005], [8.853120125000032, 45.26558172500006], [8.853168142000072, 45.26559905900007], [8.853200814000047, 45.26555903800005], [8.853164177000053, 45.265507057000036], [8.852962739000077, 45.26539996400004], [8.853211325000075, 45.26514952000008], [8.853541606000022, 45.264995629000055], [8.853674437000052, 45.26481774200005], [8.854042123000056, 45.26447404600003], [8.85427681300007, 45.264254667000046], [8.854659924000032, 45.26397916700006], [8.854749926000068, 45.26381677300003], [8.854737842000077, 45.26370476100004], [8.85429270800006, 45.263585490000025], [8.854338373000076, 45.263365613000076], [8.85435196000003, 45.26330020100005], [8.854382054000041, 45.26315530000005], [8.852513051000074, 45.262625333000074], [8.851791201000026, 45.26241896700003], [8.851946825000027, 45.26216210000007], [8.851805236000075, 45.26207214600004], [8.851895410000054, 45.261936494000054], [8.853294320000032, 45.26229478500005], [8.853328182000041, 45.26219986400008], [8.853336949000038, 45.26205891300003], [8.852136020000046, 45.26171905700005], [8.852296846000058, 45.26127709100007], [8.853376207000053, 45.26149956900008], [8.853469028000063, 45.26135427500003], [8.853338958000052, 45.261278434000076], [8.853522939000072, 45.260815723000064], [8.853615757000057, 45.260670428000026], [8.853901201000042, 45.26078504600008], [8.854222607000054, 45.260804747000066], [8.854470048000053, 45.260169993000034], [8.854575276000048, 45.26010038800007], [8.854894468000055, 45.26016311400008], [8.854900861000033, 45.260127511000064], [8.855012546000069, 45.259997078000026], [8.855060343000048, 45.259927289000075], [8.855184415000053, 45.25974579000007], [8.855158234000044, 45.25971385500003], [8.854795099000057, 45.25958281900006], [8.854835276000074, 45.25948122900007], [8.854741991000026, 45.259399501000075], [8.854829529000028, 45.25926310300008], [8.855467822000037, 45.25942119600006], [8.855583727000067, 45.25928186500005], [8.855773675000023, 45.25935703700003], [8.85580317800003, 45.25932628100003], [8.855846385000063, 45.259267358000045], [8.855844448000028, 45.25920281000003], [8.85573540100006, 45.25912254700006], [8.855727154000022, 45.25906021600008], [8.85576089400007, 45.25901129300007], [8.85580724600004, 45.258959418000074], [8.855691853000053, 45.25889695300003], [8.855660470000032, 45.25884498000005], [8.855610167000066, 45.258797435000076], [8.855414757000062, 45.258806090000064], [8.855259144000058, 45.25886227800004], [8.855038749000073, 45.25878187300003], [8.85483184900005, 45.25868972200004], [8.85464154400006, 45.25860176700007], [8.854454039000075, 45.258506658000044], [8.854365159000054, 45.258463481000035], [8.853351187000044, 45.25836135800006], [8.852586225000039, 45.25824753100005], [8.852258729000027, 45.258152144000064], [8.851576794000039, 45.25761787700003], [8.85073746200004, 45.257225058000074], [8.850654298000052, 45.25689257700003], [8.85089040300005, 45.25658425300003], [8.850958376000051, 45.25629945000003], [8.850639452000053, 45.25614471800003], [8.850218502000075, 45.256440928000075], [8.849764248000042, 45.25661838900004], [8.849293500000044, 45.25667712000006], [8.84863875600007, 45.25640323400006], [8.849160898000036, 45.25597658800007], [8.849531115000048, 45.25579901900005], [8.850338582000063, 45.25551518900005], [8.850876889000062, 45.255325965000054], [8.851263718000041, 45.25521963600005], [8.85186933700004, 45.25499488400004], [8.852071169000055, 45.25493579400006], [8.852478946000076, 45.25485026000007], [8.852663923000023, 45.254808952000076], [8.85222728900004, 45.25468078000006], [8.851895734000038, 45.25453790500006], [8.851555717000053, 45.25441875900003], [8.851295662000041, 45.254249267000034], [8.851039693000075, 45.254124293000075], [8.850859128000025, 45.254085479000025], [8.84984288100003, 45.25388531600004], [8.849086686000021, 45.25385464400006], [8.848607730000026, 45.253848075000064], [8.84813736600006, 45.25377029200007], [8.847725617000037, 45.25376974400007], [8.847498625000071, 45.253810988000055], [8.84726332300005, 45.25381660900007], [8.84690151500007, 45.25399418200004], [8.84669099100006, 45.25416008600007], [8.846312405000049, 45.254325763000054], [8.84612696000005, 45.25453918200003], [8.846672556000044, 45.25476545500004], [8.847210136000058, 45.254849268000044], [8.847646895000025, 45.254927010000074], [8.847831686000063, 45.254956933000074], [8.848470424000027, 45.25492217000004], [8.848890631000074, 45.25490492100005], [8.849024610000072, 45.25508315500008], [8.848880842000028, 45.25542720900006], [8.848544175000029, 45.25562856100004], [8.84785474000006, 45.255764155000065], [8.847308207000026, 45.25588213000003], [8.846652539000047, 45.25595841000006], [8.846056222000072, 45.25583890300004], [8.84575441000004, 45.25557734600005], [8.845763280000028, 45.25540523500007], [8.84557889000007, 45.25522693000005], [8.845310599000072, 45.25500102700005], [8.845226873000058, 45.25488814400006], [8.84512658400007, 45.254686211000035], [8.845076714000072, 45.25448434500004], [8.844892734000041, 45.254157658000054], [8.844851171000073, 45.25399141500003], [8.844910138000046, 45.25393807700004], [8.84532190300007, 45.25393270100005], [8.845406240000045, 45.253820045000055], [8.844885542000043, 45.25371250500007], [8.844583584000077, 45.25351029700005], [8.844878771000026, 45.25311303700005], [8.845181503000049, 45.25303035400003], [8.845466638000062, 45.25323847400006], [8.845407383000065, 45.25339864600005], [8.845684005000066, 45.253648299000076], [8.846070238000038, 45.25376159000007], [8.846288973000071, 45.25366692100005], [8.846566736000057, 45.253495172000044], [8.846642730000042, 45.25335876400004], [8.846710561000066, 45.25313331600006], [8.846836955000072, 45.25300291000008], [8.847081468000056, 45.252694606000034], [8.847115382000027, 45.25258188200007], [8.847225447000028, 45.25227339700007], [8.847924383000077, 45.25171048200008], [8.848285685000064, 45.25171689800004], [8.848402217000057, 45.25213251900004], [8.848309328000028, 45.252304518000074], [8.848383580000075, 45.25282098200006], [8.848399770000071, 45.25305247700004], [8.848508013000071, 45.25342654100007], [8.84862581300007, 45.25336734500007], [8.848676860000069, 45.25313000300008], [8.848795084000074, 45.252910556000074], [8.848971687000073, 45.25285737300004], [8.849357749000035, 45.25303593900003], [8.849416255000051, 45.253154721000044], [8.849457941000026, 45.253279416000055], [8.849608849000049, 45.25341019000007], [8.850079306000055, 45.253452355000036], [8.851397753000072, 45.253768646000026], [8.853093632000025, 45.254364363000036], [8.853647445000036, 45.25467370600006], [8.854496634000043, 45.25449079900005], [8.855127035000066, 45.25442631200008], [8.85516162700003, 45.25404056600007], [8.855296484000064, 45.25388048600007], [8.855498262000026, 45.25383919500007], [8.855926667000062, 45.253899088000026], [8.856607298000029, 45.25390588100004], [8.857195510000054, 45.25390661700004], [8.857708111000022, 45.25390132200005], [8.858212103000028, 45.25397910700008], [8.858615316000055, 45.254033023000034], [8.858926127000075, 45.25407495400003], [8.859018825000021, 45.25396823400007], [8.858884964000026, 45.25373066000003], [8.85886024000007, 45.25353476600003], [8.85937302800005, 45.25345230600004], [8.859776575000069, 45.253369709000026], [8.860070663000045, 45.253376005000064], [8.860229957000058, 45.25352458000003], [8.860296874000028, 45.25364930300003], [8.86038923500007, 45.25367909200003], [8.860793246000071, 45.253406564000045], [8.861087800000064, 45.25322293000005], [8.861331832000076, 45.25308078100005], [8.861483531000033, 45.25289697300008], [8.861500755000066, 45.252724872000044], [8.861517965000075, 45.25255870600006], [8.86143458600003, 45.25229151900004], [8.861067105000075, 45.251371111000026], [8.861009445000036, 45.25089622200005], [8.86109387600004, 45.25073013800005], [8.861522292000075, 45.25077814000008], [8.862034490000042, 45.250927141000034], [8.862219763000041, 45.25075524300007], [8.862169549000043, 45.250672088000044], [8.862094271000046, 45.250529552000046], [8.861951730000044, 45.25040474000008], [8.861582321000071, 45.250279653000064], [8.861254927000061, 45.25015461500004], [8.861120963000076, 45.24995859000006], [8.861079501000063, 45.24973300100004], [8.861130335000041, 45.24956094100003], [8.861248229000068, 45.24945424900005], [8.861449987000071, 45.24941294800004], [8.86191186000002, 45.24952034100005], [8.862440724000066, 45.249722777000045], [8.862625463000029, 45.24977048200003], [8.862701027000071, 45.24979431300005], [8.862811488000034, 45.24928401600005], [8.862652100000048, 45.249176989000034], [8.862551630000041, 45.24902848800008], [8.86266118900005, 45.24889210900005], [8.86287963500007, 45.24889830700005], [8.863022788000023, 45.24876790400003], [8.863149236000027, 45.24859593300005], [8.863216668000064, 45.24850698500006], [8.863578305000033, 45.24836497200005], [8.863822296000023, 45.248228752000045], [8.86422582800003, 45.24813426900005], [8.864494233000073, 45.24833045100007], [8.864493597000035, 45.248597536000034], [8.864342202000046, 45.248662644000035], [8.864073188000077, 45.24872167600006], [8.86388798300004, 45.24886983700003], [8.863862464000022, 45.24900038200008], [8.863903668000034, 45.24933873900005], [8.864314451000041, 45.24973095400003], [8.864347820000035, 45.24983189300008], [8.86429658700007, 45.25017607600006], [8.864136684000073, 45.25028272000003], [8.863767031000066, 45.250258538000026], [8.863246445000073, 45.250103600000045], [8.863229298000022, 45.25024602500008], [8.863657528000033, 45.25037117800008], [8.863867010000035, 45.25061477200006], [8.863833002000035, 45.25078091800003], [8.863589256000068, 45.25081030400003], [8.863496800000064, 45.250822063000044], [8.86342938000007, 45.25090507600004], [8.863353330000052, 45.25108304200006], [8.86334458500005, 45.25122547800004], [8.863646725000024, 45.25137422000006], [8.863738900000044, 45.25148116400004], [8.863763824000046, 45.25159989800005], [8.863519051000026, 45.25205661900003], [8.863350469000068, 45.252276022000046], [8.863333350000062, 45.252406576000055], [8.863719539000044, 45.25254948300005], [8.864131150000048, 45.252603392000026], [8.864299109000058, 45.25264513800005], [8.864559654000061, 45.25262170500008], [8.865324104000024, 45.25271163800005], [8.865568039000038, 45.25260509200007], [8.865660834000039, 45.25245088400004], [8.865912989000037, 45.25242150400004], [8.866198629000053, 45.252445581000075], [8.866266131000032, 45.25232695500006], [8.866359049000039, 45.25211933000003], [8.866695313000037, 45.25205443600004], [8.867333992000056, 45.25202550300003], [8.867888245000074, 45.25216859100004], [8.86831663700002, 45.25223437400007], [8.868795378000073, 45.25232988800008], [8.86909752500003, 45.252484551000066], [8.869377537000048, 45.25313181200005], [8.86964510000007, 45.25371377100004], [8.869929827000021, 45.25414143300003], [8.869945495000024, 45.25464001100005], [8.869927416000053, 45.25519790200008], [8.869690957000046, 45.25570806200005], [8.869537605000062, 45.25662191300006], [8.869217048000053, 45.257155717000046], [8.869132140000033, 45.257535475000054], [8.868980111000042, 45.25786767400007], [8.869400265000024, 45.25788002500008], [8.86983293000003, 45.25793393600003], [8.869821645000059, 45.25821786100005], [8.869739242000037, 45.25847987000003], [8.869436674000042, 45.25849436300007], [8.869377862000022, 45.25848836000006], [8.869272754000065, 45.25851494900007], [8.869263451000052, 45.25890666300006], [8.86941829500006, 45.259179861000064], [8.869712239000023, 45.259263290000035], [8.869821259000048, 45.25936431400004], [8.869619213000021, 45.25951839900006], [8.869190738000043, 45.25946449200006], [8.868980703000034, 45.25943754300005], [8.86878321200004, 45.25943731600006], [8.868661042000042, 45.25957368600007], [8.868345738000073, 45.259641577000025], [8.86817768700007, 45.25962951300005], [8.86792468300007, 45.260012044000064], [8.86778130700003, 45.26023148100006], [8.868015545000048, 45.260694699000055], [8.868292576000044, 45.26082559400004], [8.868779480000057, 45.26105762900005], [8.868955515000039, 45.26125369300007], [8.869266210000035, 45.261366819000045], [8.869433230000027, 45.26182995700003], [8.869440955000073, 45.262126728000055], [8.868944789000068, 45.26226266900005], [8.868701530000067, 45.26206059200007], [8.868534022000063, 45.26181112100005], [8.868517541000074, 45.26166865600004], [8.868543192000061, 45.26147875800007], [8.868476136000027, 45.261401523000075], [8.867988792000062, 45.261359414000026], [8.868014459000051, 45.26116358200005], [8.867687635000038, 45.26075960800006], [8.867620761000069, 45.260605214000066], [8.867562099000054, 45.260533923000025], [8.867410247000066, 45.26078302700006], [8.867174918000046, 45.26078868900004], [8.86706577700005, 45.26074108000006], [8.86690608500004, 45.26074682900003], [8.866729142000054, 45.26094248600003], [8.866417871000067, 45.26107863200008], [8.865373602000034, 45.26199143100007], [8.865188077000028, 45.26225829700007], [8.864960712000027, 45.262447956000074], [8.865161895000028, 45.26266779700006], [8.865287890000047, 45.262697622000076], [8.865658212000028, 45.262472520000074], [8.866069702000061, 45.26260951300003], [8.865783284000031, 45.26289406700005], [8.865690640000025, 45.26297705200005], [8.86530300000004, 45.263415802000054], [8.865025400000036, 45.26352230800006], [8.864546360000077, 45.26351580600004], [8.864311359000055, 45.263379017000034], [8.864067871000032, 45.26327782900006], [8.863899883000045, 45.26323608100006], [8.863596854000036, 45.263431583000056], [8.863730843000042, 45.26363354000006], [8.86356265300003, 45.26367488600005], [8.863419763000024, 45.26368065100007], [8.863226403000056, 45.26370416000003], [8.862948755000048, 45.26382846700005], [8.862359077000065, 45.264391604000025], [8.862509916000022, 45.26457577700006], [8.862441732000036, 45.26496742000006], [8.86239050100005, 45.26529973100003], [8.86228101000006, 45.26539456200004], [8.86171816600006, 45.26528111300007], [8.86151656800007, 45.26523338800007], [8.861373240000034, 45.26541720600005], [8.86129709200003, 45.26562484500005], [8.861162224000054, 45.26578493300008], [8.86081774400003, 45.26573703200006], [8.86064979400004, 45.265677475000075], [8.859950489000028, 45.26637104000008], [8.859360873000071, 45.266886681000074], [8.859032389000049, 45.267165231000035], [8.858779812000023, 45.26733704000003], [8.858510438000053, 45.26750289300003], [8.858264086000077, 45.26749419500004], [8.858217383000067, 45.267451434000066], [8.858123431000024, 45.26744208700006], [8.85797386400003, 45.26759325000006], [8.857953764000058, 45.26763959300007], [8.857864856000049, 45.26770616600004], [8.85771274900003, 45.267816237000034], [8.857393879000028, 45.267818238000075], [8.85717325500002, 45.26781962200005], [8.856923706000032, 45.26782118600005], [8.856898121000029, 45.267968051000025], [8.855855829000063, 45.26798960000008], [8.855447108000021, 45.26799798600007], [8.855141360000061, 45.268002050000064], [8.85484514500007, 45.26797584700006], [8.854795213000045, 45.267779922000045], [8.85469515400007, 45.26777624400006], [8.854559720000054, 45.26783897300004], [8.854571497000052, 45.267958296000074], [8.853546837000067, 45.26785036800004], [8.853463993000048, 45.26821149300008], [8.852411517000064, 45.26810627100008], [8.85230731200005, 45.268079466000074]], [[8.864137749000065, 45.26232080500006], [8.864288836000071, 45.26240111000004], [8.865752591000046, 45.26113752400005], [8.86551668900006, 45.26094027000005], [8.86524257700006, 45.26090990000006], [8.864934899000048, 45.261079804000076], [8.86447617600004, 45.261152709000044], [8.864088942000024, 45.26098198200003], [8.863714352000045, 45.26145561200008], [8.863468025000032, 45.26166564700003], [8.863439061000065, 45.261916005000046], [8.864137749000065, 45.26232080500006]], [[8.867228154000031, 45.25883563800005], [8.867994063000026, 45.258786447000034], [8.868017978000069, 45.25866628600005], [8.868179742000052, 45.25821576700008], [8.867773206000038, 45.25821863500005], [8.867716250000058, 45.25831872600003], [8.867338036000035, 45.258338319000075], [8.867228154000031, 45.25883563800005]], [[8.865255948000026, 45.255756838000025], [8.865331341000058, 45.25585708400007], [8.865520503000027, 45.25582058300006], [8.865780520000044, 45.25580419600004], [8.866106720000062, 45.255784547000076], [8.866187259000071, 45.255707854000036], [8.86623967600002, 45.25552763300004], [8.866136047000055, 45.25537393800005], [8.86589968100003, 45.255383676000065], [8.865568678000045, 45.25543670400003], [8.86537935900003, 45.25553997700007], [8.865255948000026, 45.255756838000025]], [[8.866644068000028, 45.25643285800004], [8.867291548000026, 45.25648035300003], [8.867299609000042, 45.257077965000065], [8.867294625000056, 45.25718813200007], [8.867427004000035, 45.257178270000054], [8.867550932000029, 45.25673772300007], [8.867556714000045, 45.25628368500003], [8.867689897000048, 45.25592661200005], [8.867705968000053, 45.25511202000007], [8.86737032600007, 45.255128324000054], [8.867317421000052, 45.255518874000074], [8.866759693000063, 45.25550153300003], [8.866778319000048, 45.25562174300006], [8.867350136000027, 45.25567916400007], [8.867282786000033, 45.25618320900003], [8.866691853000077, 45.25621256800008], [8.866644068000028, 45.25643285800004]], [[8.858238778000043, 45.25580343000007], [8.858873972000026, 45.256034578000026], [8.859156129000041, 45.25566768400006], [8.858532615000058, 45.25549330800004], [8.858238778000043, 45.25580343000007]]]}, "properties": {"OBJECTID": 98, "GisId": "{85B50C81-10C9-4794-A1BA-BBF102A4D9DF}", "GisDescription": "GAMBOLO CENTRO", "GisCode": "DGM05", "Shape_Length": 0.16213657166317633, "Shape_Area": 0.00021513999330146207, "codice_distretto": "DGM05"}}, {"type": "Feature", "id": 99, "geometry": {"type": "Polygon", "coordinates": [[[9.278769625000052, 45.07922566500008], [9.277456673000074, 45.077888882000025], [9.277349804000039, 45.07691861700005], [9.278540621000047, 45.07477858500005], [9.277105534000043, 45.073883737000074], [9.278151316000049, 45.072999657000025], [9.284706415000073, 45.07256013800003], [9.285301823000054, 45.073002184000075], [9.286141501000031, 45.073293284000044], [9.287668190000034, 45.07346578800008], [9.288736871000026, 45.07332562900007], [9.289973489000033, 45.07284585000008], [9.290920037000035, 45.072948276000034], [9.291656663000026, 45.07286741400003], [9.29243145700002, 45.07223938300007], [9.292477585000029, 45.07209904000007], [9.29345492300007, 45.07257783400007], [9.293465011000023, 45.07258277600005], [9.293531537000035, 45.072615367000026], [9.29379796400002, 45.07276920000004], [9.294599475000041, 45.072672166000075], [9.29488370100006, 45.07250757700007], [9.295051637000029, 45.073154472000056], [9.295921849000024, 45.07379057900005], [9.296257721000075, 45.07403855100006], [9.297044134000032, 45.07411147600004], [9.297288235000053, 45.074070894000045], [9.297578306000048, 45.073677374000056], [9.298219515000028, 45.07344018200007], [9.298643171000037, 45.073494090000054], [9.299158428000055, 45.07356147400003], [9.299933223000039, 45.07384448600004], [9.30091030400007, 45.07422183300008], [9.301409570000033, 45.07423280000006], [9.301517163000028, 45.074109977000035], [9.301366402000042, 45.07391052200006], [9.30139693600006, 45.073576298000035], [9.301732807000064, 45.07297253400003], [9.302480884000033, 45.072875500000066], [9.30285426000006, 45.07265780900008], [9.30324325500004, 45.07297295200004], [9.303061626000044, 45.07314533400006], [9.302730891000067, 45.07348641400006], [9.302515651000022, 45.07387939500006], [9.302237414000047, 45.07441695800003], [9.302132418000042, 45.075210319000064], [9.302471062000052, 45.07548380500003], [9.302472668000064, 45.07549438800004], [9.302472942000065, 45.07552240900003], [9.302492027000028, 45.07559911700008], [9.302485648000072, 45.075910133000036], [9.302484738000032, 45.07595450900004], [9.302846385000066, 45.076147786000035], [9.302825387000041, 45.07654445600008], [9.30257339800005, 45.07691517300003], [9.302088410000067, 45.07743887600003], [9.302618022000047, 45.07750275400008], [9.302665269000045, 45.07781785800006], [9.303121998000051, 45.078514788000064], [9.303457984000033, 45.07885954400007], [9.30363122500006, 45.07910050000004], [9.303817780000031, 45.07915836700005], [9.30390421200002, 45.07967508400003], [9.307369057000074, 45.07974922300008], [9.309951940000076, 45.07992715800003], [9.309650714000043, 45.08234245700004], [9.306154597000045, 45.08613681700007], [9.29616993600007, 45.08484179800007], [9.294490579000069, 45.08320331800007], [9.289208237000025, 45.08281525000007], [9.286735001000068, 45.081812729000035], [9.28439916900004, 45.07988309600006], [9.283916506000025, 45.079067949000034], [9.28220073700004, 45.07911769300006], [9.279272624000043, 45.07978916900004], [9.278769625000052, 45.07922566500008]]]}, "properties": {"OBJECTID": 99, "GisId": "{83311459-1C99-4B94-B93E-2BD8BC8D065D}", "GisDescription": "MONTALINO", "GisCode": "DSTR09", "Shape_Length": 0.0888951711319633, "Shape_Area": 0.00026920190672412834, "codice_distretto": "DSTR09"}}, {"type": "Feature", "id": 100, "geometry": {"type": "Polygon", "coordinates": [[[8.802204978000077, 45.25151298800006], [8.802162769000063, 45.251491713000064], [8.802260027000045, 45.25138671600007], [8.803051745000062, 45.25069533100003], [8.803616049000027, 45.250157123000065], [8.803682414000036, 45.25010048100006], [8.803753579000045, 45.25002214700004], [8.803820030000054, 45.249940466000055], [8.803858140000045, 45.24985372900005], [8.803875107000067, 45.24973023100006], [8.803910923000046, 45.24962345800003], [8.80382006900004, 45.24924270500003], [8.803703556000073, 45.248765089000074], [8.803665436000074, 45.248169088000054], [8.803592968000032, 45.24725419500004], [8.803571821000048, 45.24721910300008], [8.803522272000066, 45.24719731700003], [8.803458602000035, 45.247158814000045], [8.803456606000054, 45.24705197600008], [8.803570293000064, 45.24697705400007], [8.803561243000047, 45.24686018800003], [8.803606154000022, 45.246170850000055], [8.803772381000044, 45.245248020000076], [8.803675464000037, 45.245257869000056], [8.803481538000028, 45.24530427500008], [8.803183663000027, 45.24534382500008], [8.802670737000028, 45.245388011000045], [8.802632842000037, 45.24541298500003], [8.802609102000076, 45.24544466000003], [8.802554366000038, 45.24555640800003], [8.802516228000059, 45.24565149100005], [8.802445169000066, 45.24569977700003], [8.80227037000003, 45.245681113000046], [8.802218847000063, 45.245547481000074], [8.802340079000032, 45.24534069900005], [8.802592925000056, 45.245339467000065], [8.803171933000044, 45.245318766000025], [8.803629555000043, 45.24520854600007], [8.803949687000056, 45.244194169000025], [8.803798791000077, 45.24409709100007], [8.803483239000059, 45.24378272300004], [8.803290366000056, 45.24352532000006], [8.80304019700003, 45.243095882000034], [8.802873551000062, 45.242771753000056], [8.802759029000072, 45.242407650000075], [8.802554610000072, 45.24207510900004], [8.802517029000057, 45.24200994100005], [8.80246782000006, 45.24189133600004], [8.802390401000025, 45.24173095200007], [8.802364786000055, 45.241622404000054], [8.802395937000028, 45.241497260000074], [8.802474565000068, 45.24130876700008], [8.802588176000029, 45.24125220700006], [8.802881722000052, 45.24109246300003], [8.802896256000054, 45.24098899200004], [8.802891854000052, 45.24089550400004], [8.80278817900006, 45.240811860000065], [8.802424029000065, 45.240891357000066], [8.802363372000059, 45.24066756800005], [8.802193574000057, 45.24057379300007], [8.802052445000072, 45.24038992700008], [8.801878758000043, 45.24005576900004], [8.80145562100006, 45.23943405800003], [8.801381712000023, 45.23894649700003], [8.801288040000031, 45.238705957000036], [8.801156985000034, 45.23834516200003], [8.800969717000044, 45.237844049000046], [8.800933360000045, 45.23743000200005], [8.800964718000046, 45.236568703000046], [8.801135295000051, 45.23643545600004], [8.801419553000073, 45.23622228200003], [8.80125954700003, 45.23603504300007], [8.800749153000027, 45.23605418600005], [8.800456027000052, 45.23610041400008], [8.800086967000027, 45.23623998900007], [8.79984995600006, 45.23645324300003], [8.799386082000069, 45.23667945200003], [8.798979121000059, 45.23684566600008], [8.798677221000048, 45.23669823700004], [8.798355711000056, 45.23607150500004], [8.79861526600007, 45.235509593000074], [8.799097987000039, 45.23529677400006], [8.79921360000003, 45.23466932400004], [8.799261932000036, 45.23436226000007], [8.799584482000057, 45.234008936000066], [8.800132376000022, 45.23406999100007], [8.800319835000039, 45.23451101200004], [8.801833698000053, 45.233986153000046], [8.801787051000076, 45.23381246500003], [8.801759490000052, 45.233585394000045], [8.801826197000025, 45.23342525800007], [8.801978070000075, 45.23323188300003], [8.802205379000043, 45.233085380000034], [8.802507985000034, 45.233025808000036], [8.802999704000058, 45.23293317700006], [8.80315207800004, 45.23259290500005], [8.803058755000052, 45.23225220900008], [8.80275800100003, 45.23177761100004], [8.802542022000068, 45.23138328500005], [8.803006509000056, 45.23096342500003], [8.80314857600007, 45.230870190000076], [8.804170438000028, 45.23049134900003], [8.804861029000051, 45.23026550700007], [8.805248411000036, 45.230279522000046], [8.805596790000038, 45.230647360000034], [8.805529619000026, 45.23094771800004], [8.804951778000031, 45.23136071700003], [8.804544344000021, 45.23168052500006], [8.804561962000037, 45.23205447600003], [8.805231390000074, 45.23249631300007], [8.804909205000058, 45.23275617200005], [8.804293794000046, 45.23309565400007], [8.80345210400003, 45.233281169000065], [8.802204244000052, 45.233412559000044], [8.802221012000075, 45.23402688600004], [8.802343309000037, 45.23418735000007], [8.80271156300006, 45.234274791000075], [8.802777160000062, 45.23443515500003], [8.802946224000038, 45.23473592000005], [8.803152976000035, 45.23507013400007], [8.803218138000034, 45.23535736400004], [8.80335887800004, 45.23565140200003], [8.803680145000044, 45.23566530900007], [8.803944779000062, 45.235659086000055], [8.804710053000065, 45.23572049100005], [8.80483490000006, 45.23582920900003], [8.805134721000059, 45.23589649200005], [8.80529726800006, 45.23603532000004], [8.805518431000053, 45.23630612300008], [8.805420760000061, 45.236541326000065], [8.805290336000041, 45.236681324000074], [8.805327865000038, 45.23676151400008], [8.805553380000049, 45.237142497000036], [8.80560962900006, 45.23727613500006], [8.805883118000054, 45.23744686800006], [8.806265836000023, 45.237457533000054], [8.806327107000072, 45.23750437800004], [8.806355198000063, 45.237581213000055], [8.806359073000067, 45.237831613000026], [8.806221503000074, 45.23798829200007], [8.806207009000047, 45.23808174800007], [8.806249311000045, 45.23814859100003], [8.80625357100007, 45.23828548000006], [8.806210373000056, 45.238482383000076], [8.80622895700003, 45.238575895000054], [8.806261672000062, 45.23868278500004], [8.806247007000024, 45.238826319000054], [8.806090591000043, 45.23896627400006], [8.805995366000047, 45.23917644200003], [8.805682733000026, 45.23939625700007], [8.80525698300005, 45.239529075000064], [8.804817077000052, 45.239655190000065], [8.80462299800007, 45.23975167700007], [8.804570605000038, 45.23987177600003], [8.804763815000058, 45.240029020000065], [8.804900651000025, 45.240089348000026], [8.804918250000071, 45.24046997600004], [8.805126096000038, 45.24049370100005], [8.805370764000031, 45.24011352000008], [8.805562274000067, 45.24007712200006], [8.805749126000023, 45.24002068400006], [8.805676062000032, 45.23996714300006], [8.805605247000074, 45.23994699100007], [8.805496645000062, 45.239921766000066], [8.805485116000057, 45.23983828300004], [8.805570603000035, 45.23971323100005], [8.805852493000032, 45.23950171200005], [8.806140613000025, 45.23954226300003], [8.806334358000072, 45.23954259200008], [8.806499945000041, 45.23948611700007], [8.806566299000053, 45.23942780400006], [8.80652894900004, 45.23929419800004], [8.80653385000005, 45.239242458000035], [8.806579138000075, 45.23912568500003], [8.806754020000028, 45.239114296000025], [8.807091632000038, 45.23919165400008], [8.807278865000058, 45.23902170200006], [8.807667929000047, 45.238554957000076], [8.808078426000066, 45.23803649900003], [8.808507896000037, 45.23749470000007], [8.808569925000029, 45.23731619100005], [8.80857063700006, 45.23710419200006], [8.808599493000031, 45.23695400400004], [8.808701428000063, 45.23685234800007], [8.809054027000059, 45.23668434000007], [8.809653062000052, 45.236299734000056], [8.809597206000035, 45.23604590800005], [8.809996238000053, 45.23541224300004], [8.810204945000066, 45.235172212000066], [8.810715395000045, 45.23513299700005], [8.810808679000047, 45.23550039500003], [8.810910551000063, 45.236128217000044], [8.810957582000071, 45.23619506600005], [8.811070545000064, 45.236328796000066], [8.811013178000053, 45.23652901600008], [8.810795129000041, 45.236735647000046], [8.81065306000005, 45.23682889100007], [8.81063318300005, 45.237122654000075], [8.810632318000046, 45.23738306200005], [8.810679150000055, 45.237510006000036], [8.810612175000074, 45.23775694900007], [8.810696722000046, 45.237910664000026], [8.810705419000044, 45.23813770100003], [8.810638531000052, 45.238357937000046], [8.81054828200007, 45.23849800800008], [8.81033952000007, 45.23875139300003], [8.810145109000075, 45.238951384000075], [8.809998109000048, 45.239104714000064], [8.809870232000037, 45.23919130500008], [8.809685681000076, 45.23926778500004], [8.809581609000077, 45.23930099700004], [8.80937821200007, 45.23936075200004], [8.809104111000067, 45.23936697200003], [8.808801892000076, 45.239303033000056], [8.808627318000049, 45.239222615000074], [8.808424279000064, 45.23917553500007], [8.80831997100006, 45.239278856000055], [8.80809204600007, 45.23960565300007], [8.80773381900002, 45.23933462600007], [8.807530521000047, 45.23936433100005], [8.807388588000038, 45.23941417000003], [8.807350343000053, 45.23954431000004], [8.807250690000046, 45.23966766900003], [8.806967091000047, 45.23968722200004], [8.80685341900005, 45.23976381700004], [8.806966401000068, 45.239890874000025], [8.807121927000026, 45.24001466400006], [8.807310372000074, 45.24018525000008], [8.807452365000074, 45.240118718000076], [8.807830894000062, 45.239975797000056], [8.808213865000027, 45.23991634500004], [8.80855757300003, 45.240290843000025], [8.808698444000072, 45.24055816600003], [8.80881086100004, 45.24085548700003], [8.808994422000069, 45.241076140000075], [8.80916374000003, 45.24131680100004], [8.80918686700005, 45.24146707600005], [8.809205389000056, 45.24158061800006], [8.809308606000059, 45.24180447500004], [8.809515376000036, 45.242152032000035], [8.809443810000062, 45.242355565000025], [8.809306584000069, 45.24240875400005], [8.808966230000067, 45.24243823300003], [8.808748409000032, 45.24256807300003], [8.808729270000072, 45.24263815000006], [8.808709918000034, 45.24277166100006], [8.808789653000076, 45.24295207700004], [8.809068105000051, 45.24306271700004], [8.809445879000066, 45.243150150000076], [8.809601473000043, 45.24325724500005], [8.809742981000056, 45.24333760600007], [8.80981336800005, 45.24348795900005], [8.809798856000043, 45.24358809200004], [8.809680140000069, 45.24375816200006], [8.809538064000037, 45.243848067000044], [8.809240155000055, 45.243900987000075], [8.808767333000048, 45.24397030600005], [8.808403249000037, 45.24402645200007], [8.807944761000044, 45.24404905100005], [8.807912208000062, 45.24389208400004], [8.807917451000037, 45.24373851800004], [8.807799913000053, 45.24355803700007], [8.807464650000043, 45.243477347000066], [8.807138804000033, 45.24340668700006], [8.806850584000074, 45.243389507000074], [8.80663349100007, 45.243302337000046], [8.806605170000068, 45.243292273000066], [8.806298151000021, 45.243245013000035], [8.806071380000049, 45.24322459700005], [8.80599541500004, 45.24332796300007], [8.805947634000063, 45.24348145600004], [8.805970660000071, 45.243658441000036], [8.806012568000028, 45.243842133000044], [8.80579464300007, 45.24399867600005], [8.805690447000075, 45.24406527000008], [8.805572151000035, 45.24410847000007], [8.80536876800005, 45.24415820300004], [8.80529292600005, 45.24422484400003], [8.805160304000026, 45.24431142200007], [8.804966404000027, 45.244351153000025], [8.804611789000035, 45.24440062600007], [8.804427295000039, 45.244453727000064], [8.804379555000025, 45.24459386600006], [8.804412281000054, 45.244697417000054], [8.804421103000038, 45.244881054000075], [8.804420759000038, 45.24498121100004], [8.804387071000065, 45.24515809800005], [8.804386544000067, 45.24531167200007], [8.804362433000051, 45.24545185000005], [8.804347567000036, 45.24565213900007], [8.804308991000028, 45.24587575800007], [8.80439381900004, 45.24594601300004], [8.804364900000053, 45.24610955400004], [8.804118859000027, 45.24619259600007], [8.803740718000029, 45.24620864000008], [8.803735808000056, 45.24626204900005], [8.803754205000075, 45.246408978000034], [8.803753803000063, 45.24652582700003], [8.803772030000061, 45.24672283500007], [8.803790026000058, 45.24698661200006], [8.803784644000075, 45.247176902000035], [8.803788600000075, 45.247400593000066], [8.803789981000023, 45.247686043000044], [8.803792120000026, 45.247751150000056], [8.803784606000022, 45.24787466400005], [8.803788895000025, 45.24800153700005], [8.80380507500007, 45.248106730000075], [8.803792920000035, 45.24820519700006], [8.803795510000043, 45.24848230300006], [8.803797699000029, 45.24853322000007], [8.803802135000069, 45.24861752600003], [8.80380180700007, 45.248712675000036], [8.803847431000065, 45.24884546100003], [8.80396001500003, 45.24909187500003], [8.803969175000077, 45.24917702400006], [8.803990105000025, 45.24927554800007], [8.804022408000037, 45.24950262600004], [8.804045873000064, 45.249551076000046], [8.804062277000071, 45.24959116700006], [8.804073927000047, 45.249639596000065], [8.80406664800006, 45.24969467000005], [8.804030828000066, 45.24980311300004], [8.803959535000047, 45.24991817000006], [8.803881244000024, 45.25000734300005], [8.803748400000075, 45.25015401200005], [8.803749526000047, 45.25016987200007], [8.803834857000027, 45.25009573600005], [8.803979359000039, 45.24999499200004], [8.80408951100003, 45.24991839300003], [8.804141533000063, 45.24990930200005], [8.804181612000036, 45.249936914000045], [8.804198022000037, 45.249975336000034], [8.80422009800003, 45.250084712000046], [8.804253976000041, 45.25019744600007], [8.804256036000027, 45.250285922000046], [8.804225205000023, 45.25031758600005], [8.804049005000024, 45.25035818100008], [8.803884665000055, 45.250386277000075], [8.80370040500003, 45.250365929000054], [8.803705686000058, 45.25020485200008], [8.803446128000076, 45.25043309700004], [8.803049045000023, 45.25079297900004], [8.802816782000036, 45.25098538100008], [8.80248726000002, 45.251282779000064], [8.80225039000004, 45.25148216200006], [8.802253507000046, 45.251520353000046], [8.802204978000077, 45.25151298800006]]]}, "properties": {"OBJECTID": 100, "GisId": "{2EE6DFF8-AC20-445C-A701-2837A0D2F74C}", "GisDescription": "REMONDÒ", "GisCode": "DGM06", "Shape_Length": 0.09612872305718151, "Shape_Area": 6.971546227871764e-05, "codice_distretto": "DGM06"}}, {"type": "Feature", "id": 101, "geometry": {"type": "Polygon", "coordinates": [[[9.285241709000047, 45.06898456500005], [9.285913453000035, 45.06805727900007], [9.289363769000033, 45.06794945400003], [9.292859885000041, 45.06817588600006], [9.293004920000044, 45.06855866300003], [9.292993470000056, 45.06879317900007], [9.293300716000033, 45.06901152100005], [9.294117495000023, 45.06921099300007], [9.294112724000058, 45.06969754100004], [9.293211978000045, 45.069880838000074], [9.293257777000065, 45.07034986000008], [9.29301059200003, 45.07127471200005], [9.293944788000033, 45.07154800200004], [9.29441042700006, 45.07217873700006], [9.294654698000045, 45.072238035000055], [9.29488370100006, 45.07250757700007], [9.294599475000041, 45.072672166000075], [9.29379796400002, 45.07276920000004], [9.293531537000035, 45.072615367000026], [9.292477585000029, 45.07209904000007], [9.29243145700002, 45.07223938300007], [9.291656663000026, 45.07286741400003], [9.290920037000035, 45.072948276000034], [9.289973489000033, 45.07284585000008], [9.288736871000026, 45.07332562900007], [9.287668190000034, 45.07346578800008], [9.286141501000031, 45.073293284000044], [9.285301823000054, 45.073002184000075], [9.284706415000073, 45.07256013800003], [9.284978356000067, 45.07140649100006], [9.286206675000074, 45.07117854200004], [9.287069919000032, 45.07101834200006], [9.286985951000077, 45.070516981000026], [9.286245507000046, 45.07008569800007], [9.285428730000035, 45.069948226000065], [9.285307621000072, 45.06985556800004], [9.285268427000062, 45.06982558000004], [9.285241709000047, 45.06898456500005]]]}, "properties": {"OBJECTID": 101, "GisId": "{28869050-65AA-412A-B532-3936ED958629}", "GisDescription": "TACCANA", "GisCode": "DSTR06", "Shape_Length": 0.03273460553344908, "Shape_Area": 3.985115816677551e-05, "codice_distretto": "DSTR06"}}, {"type": "Feature", "id": 102, "geometry": {"type": "Polygon", "coordinates": [[[8.791448579000075, 45.25388516400005], [8.79153126500006, 45.25388755800003], [8.791606458000047, 45.253853452000044], [8.792246055000021, 45.25386455900008], [8.792206195000063, 45.25407325900005], [8.791511872000058, 45.254058738000026], [8.791469686000028, 45.254475101000025], [8.79146284500007, 45.254635257000075], [8.79154344400007, 45.254833131000055], [8.791504763000034, 45.25514677000007], [8.791449584000077, 45.25569455900006], [8.791511495000066, 45.255871410000054], [8.792038264000041, 45.25637828400005], [8.79209415500003, 45.25649105600007], [8.792450358000053, 45.257454927000026], [8.792503132000036, 45.25756548500004], [8.792721577000066, 45.25770727300005], [8.792902906000052, 45.25773411200004], [8.793040168000061, 45.25783598500004], [8.793275083000026, 45.25800029800007], [8.793444719000036, 45.25841332600004], [8.793929062000075, 45.25855338200006], [8.794237877000057, 45.25792651900008], [8.794682134000027, 45.25790522600005], [8.794510600000024, 45.25863175300003], [8.794453244000067, 45.258923268000046], [8.794368219000035, 45.25907997000007], [8.79444886300007, 45.259270109000056], [8.794523109000068, 45.25950000300003], [8.794408887000031, 45.25994606100005], [8.794189886000026, 45.259954503000074], [8.793600710000021, 45.26025389500006], [8.793350026000041, 45.26037274000004], [8.79318065700005, 45.26049615000005], [8.792748761000041, 45.26055280700007], [8.792629458000022, 45.26067188900004], [8.792364808000059, 45.261188367000045], [8.792082093000033, 45.26151040000008], [8.791410812000038, 45.26201288000004], [8.790846284000054, 45.26240509000007], [8.790305801000045, 45.263062449000074], [8.792026460000045, 45.26303908400007], [8.79230786100004, 45.26307936200004], [8.792651653000064, 45.26316835600005], [8.792594619000056, 45.26336708200006], [8.792556581000042, 45.263503986000046], [8.79208757400005, 45.263436856000055], [8.791850307000061, 45.26330387000007], [8.791976100000056, 45.26312294300004], [8.790305541000066, 45.26313314300006], [8.79023360900004, 45.26397693500007], [8.790314882000075, 45.26399475800008], [8.790452447000064, 45.26401710300007], [8.790633713000034, 45.26406603800007], [8.79065851300004, 45.26412794200007], [8.79061385500006, 45.26436203800006], [8.79072000900004, 45.26441967300008], [8.790944505000027, 45.26462333300003], [8.79108040400007, 45.265100774000075], [8.791687040000056, 45.26517699600004], [8.79185909000006, 45.26432454800005], [8.792440918000068, 45.264338863000035], [8.792891050000037, 45.264436886000055], [8.793109314000048, 45.26463611100007], [8.79371564400003, 45.26479627300006], [8.793896930000074, 45.26484078400006], [8.79415530600005, 45.26525133100006], [8.794170605000033, 45.265426879000074], [8.794246031000057, 45.26560945700004], [8.794258671000023, 45.26602668600003], [8.794136282000068, 45.26613140400008], [8.793926698000064, 45.266124398000045], [8.793416759000024, 45.266123477000065], [8.793129221000072, 45.26604563300003], [8.79304186500002, 45.26597919900007], [8.792892133000066, 45.26585962900003], [8.792529562000027, 45.26576839300003], [8.792350500000055, 45.26597131600005], [8.792028342000037, 45.265950847000056], [8.792042687000048, 45.265449379000074], [8.790738823000027, 45.265259213000036], [8.790647010000043, 45.26555508100006], [8.790158975000054, 45.26555418600003], [8.79002805500005, 45.267122494000034], [8.790842619000045, 45.26719792400007], [8.790798002000031, 45.267459709000036], [8.790953561000038, 45.267491661000065], [8.790932010000063, 45.26760134600005], [8.79175305800004, 45.26765586600004], [8.793016607000027, 45.26776420600004], [8.793140851000032, 45.26801186500006], [8.793258902000048, 45.26824183700006], [8.793496162000054, 45.26838365800006], [8.793721004000076, 45.268498943000054], [8.793701561000034, 45.26868448300007], [8.794107225000062, 45.26897683300007], [8.794232535000049, 45.26902758300008], [8.794406536000054, 45.269264571000065], [8.794273106000048, 45.26982547400007], [8.79412674300005, 45.27050123300006], [8.793695606000028, 45.27032813400007], [8.79334543300007, 45.27026122500007], [8.792807571000026, 45.270185137000055], [8.79233197800005, 45.27019311000004], [8.791518584000073, 45.27017395400003], [8.791255385000056, 45.27027951700006], [8.79120451700004, 45.27050034600006], [8.790827871000033, 45.27082662200007], [8.78978858000005, 45.27097494100008], [8.789811817000043, 45.27146101300008], [8.790888206000034, 45.271436478000055], [8.791095386000052, 45.272956803000056], [8.790781820000063, 45.273141803000044], [8.789392447000068, 45.27318343400003], [8.789295626000069, 45.272290730000066], [8.789400879000027, 45.270903531000044], [8.789648589000024, 45.269063705000065], [8.789717635000045, 45.26815805000007], [8.788567409000052, 45.26786210000006], [8.788299552000069, 45.26753905600003], [8.78868772100003, 45.267477917000065], [8.789059491000046, 45.26677607100004], [8.789447245000076, 45.266825389000076], [8.78959896400005, 45.26640591600005], [8.789593686000046, 45.26614079900003], [8.789419782000039, 45.265791421000074], [8.789583931000038, 45.26539406300003], [8.789677897000047, 45.26536330700003], [8.789672930000052, 45.26501424000003], [8.789523828000029, 45.26472676700007], [8.789532175000033, 45.26416122000006], [8.788656710000055, 45.26403146800004], [8.788618301000042, 45.26426557600007], [8.788005092000049, 45.26427769400004], [8.787925993000044, 45.26367663800005], [8.788576652000074, 45.26368668100008], [8.788565041000027, 45.26344364500005], [8.789503405000062, 45.26348072500008], [8.789573305000033, 45.26318923600007], [8.789961394000045, 45.26314134800003], [8.79005602500007, 45.262929436000036], [8.790169294000066, 45.26275290600006], [8.790960248000033, 45.26203856700005], [8.791785163000043, 45.261441373000025], [8.792036315000075, 45.261196606000055], [8.792287771000076, 45.26086788900005], [8.792446699000038, 45.26017669000004], [8.792560068000057, 45.259969229000035], [8.792519402000039, 45.25996915500008], [8.79233176300005, 45.25995555900005], [8.792131386000051, 45.26000379700008], [8.791524610000067, 45.25998059800003], [8.791794937000077, 45.25962319700005], [8.792662986000039, 45.25962477600007], [8.792689664000022, 45.259600523000074], [8.79273194600006, 45.25958623900004], [8.792613432000053, 45.25905912400003], [8.792330582000034, 45.25770545800003], [8.791055414000027, 45.25784120800006], [8.790947348000032, 45.25788188200005], [8.790886186000023, 45.25792705900005], [8.790755854000054, 45.25806821100008], [8.790780831000063, 45.258506788000034], [8.790815101000021, 45.258544408000034], [8.790838784000073, 45.25848369700003], [8.791073320000066, 45.25850290500006], [8.791052368000067, 45.258671873000026], [8.79081933200007, 45.25867034200007], [8.790822859000059, 45.258987373000025], [8.790864423000073, 45.25916860500007], [8.791012992000049, 45.25917329600003], [8.79124132100003, 45.25917923600008], [8.791408721000039, 45.25916628700003], [8.791457575000038, 45.25906585600006], [8.791434620000075, 45.25892773700008], [8.791246981000029, 45.25891524300005], [8.791216149000036, 45.258792576000076], [8.79149304300006, 45.258776512000054], [8.791483069000037, 45.25893776700008], [8.791586197000072, 45.258964467000055], [8.791619290000028, 45.25932463100003], [8.790790447000063, 45.259295500000064], [8.790733137000075, 45.25914295900003], [8.790718459000061, 45.25888113800005], [8.790637041000025, 45.25805363300003], [8.790660733000038, 45.25799071400007], [8.790729845000044, 45.25791020300005], [8.790834829000062, 45.257857374000025], [8.791083804000039, 45.25777608800007], [8.792319895000048, 45.25763363800007], [8.792253199000072, 45.25748108000005], [8.79221929800002, 45.25734183700007], [8.792121762000022, 45.25706882000003], [8.792018218000067, 45.25672841000005], [8.792004425000073, 45.25665106200006], [8.791914330000054, 45.25648189200007], [8.791838043000041, 45.25638675600004], [8.791663409000023, 45.25624173300008], [8.791407671000059, 45.256035808000036], [8.791342547000056, 45.25588214800007], [8.791327592000073, 45.25569544100006], [8.791366143000062, 45.25499076700004], [8.791344260000074, 45.25498741300004], [8.790973586000064, 45.25499336300004], [8.791001392000055, 45.255087306000064], [8.79077761600007, 45.25512334800004], [8.790732619000039, 45.255026060000034], [8.79087204700005, 45.25496114300006], [8.791352173000064, 45.25496202100004], [8.791387420000035, 45.25473232600007], [8.79132330400006, 45.25473110400003], [8.791306304000045, 45.25467584200004], [8.791317007000032, 45.25388827100005], [8.791448579000075, 45.25388516400005]]]}, "properties": {"OBJECTID": 102, "GisId": "{EB490583-AF79-4228-AF67-AB7684D97FD6}", "GisDescription": "CATTANEA", "GisCode": "DMR08", "Shape_Length": 0.09141322875212114, "Shape_Area": 3.199905860750231e-05, "codice_distretto": "DMR08"}}, {"type": "Feature", "id": 103, "geometry": {"type": "Polygon", "coordinates": [[[8.752596322000045, 45.25042833800006], [8.75258162800003, 45.250397994000025], [8.753159492000066, 45.250221811000074], [8.753560480000033, 45.250070608000044], [8.753697631000023, 45.24981573800005], [8.753501484000026, 45.249609855000074], [8.753325509000035, 45.24907926000003], [8.752992807000055, 45.24790875300005], [8.752571257000056, 45.24694599600008], [8.752385650000065, 45.24701684200005], [8.75220481100007, 45.24706947100003], [8.751960448000034, 45.24716669900005], [8.75118053500006, 45.24743673800003], [8.751013783000076, 45.24748608200008], [8.750828424000076, 45.24749893400008], [8.75065967300003, 45.247468741000034], [8.750422814000046, 45.247458281000036], [8.749956350000048, 45.24738767100007], [8.749768836000044, 45.24735743600007], [8.749606941000025, 45.24736867900003], [8.749467627000058, 45.24743941500003], [8.749442079000062, 45.24739359200004], [8.74940181200003, 45.24734337500007], [8.749566198000025, 45.247298999000066], [8.749707053000066, 45.247271968000064], [8.749980227000037, 45.247291621000045], [8.750547681000057, 45.24733262800004], [8.750743300000067, 45.24738690500004], [8.751000089000058, 45.247399063000046], [8.752516800000024, 45.24679344000003], [8.752439799000058, 45.246700486000066], [8.75222849000005, 45.24676833900003], [8.752046274000065, 45.24657867700006], [8.751461106000022, 45.24576054100004], [8.75119982700005, 45.24543521500004], [8.75136714200005, 45.24525580300008], [8.751386333000028, 45.24515808600006], [8.751349484000059, 45.24500225500003], [8.751314024000067, 45.244528297000045], [8.750848123000026, 45.24459674600007], [8.750656051000021, 45.24427583900007], [8.750273808000031, 45.24372490400003], [8.750367856000025, 45.24367208800004], [8.751040706000026, 45.243739006000055], [8.751570352000044, 45.24383626000008], [8.751667737000048, 45.24349214100005], [8.752327277000063, 45.24344687000007], [8.75315561900004, 45.24335339000004], [8.753323713000043, 45.24353270100005], [8.753172517000053, 45.24378422700005], [8.752089025000032, 45.24483899900008], [8.75146273200005, 45.245387737000044], [8.751877531000048, 45.24600832800007], [8.752037330000064, 45.24593908400004], [8.752224798000043, 45.245979257000045], [8.75234135200003, 45.246145203000026], [8.752402337000035, 45.24614533500005], [8.752773346000026, 45.24605003700003], [8.75285830100006, 45.24593092200007], [8.752887439000062, 45.24570233000003], [8.75288794200003, 45.24558634600004], [8.752843617000053, 45.245530743000074], [8.752801772000055, 45.245444493000036], [8.753016106000075, 45.24523866900006], [8.75318937000003, 45.24530863500007], [8.75347990900002, 45.245378853000034], [8.75374662300004, 45.24553517900006], [8.754039508000062, 45.24614887300004], [8.75420845800005, 45.24613266700004], [8.754701688000068, 45.24597797700005], [8.754950767000025, 45.24587246800007], [8.755016755000042, 45.24579970500008], [8.754453463000061, 45.245884656000044], [8.754337315000043, 45.245622611000044], [8.755074471000057, 45.24546844400004], [8.755088302000047, 45.24552480800003], [8.755229017000033, 45.24552842500003], [8.75539790800002, 45.245525472000054], [8.755518978000055, 45.24573450400004], [8.755551346000061, 45.245843930000035], [8.755419571000061, 45.24594306400007], [8.755109408000067, 45.246071639000036], [8.75480384900004, 45.246220107000056], [8.754493898000021, 45.24629897300008], [8.754141511000057, 45.24642745500006], [8.753634074000047, 45.24661193700007], [8.752736958000071, 45.246868480000046], [8.753133492000075, 45.247920656000076], [8.753438045000053, 45.24882102300006], [8.755044201000032, 45.24841853200007], [8.755377260000046, 45.249516130000075], [8.756467034000025, 45.24919370200007], [8.756397069000059, 45.24909910800005], [8.757555042000035, 45.248732078000046], [8.756608966000044, 45.24726700100007], [8.75577769900002, 45.24748394200003], [8.755182740000066, 45.24620020800006], [8.755867127000045, 45.246045922000064], [8.756095579000032, 45.24664953000007], [8.756346971000028, 45.24710075100006], [8.75661457600006, 45.24705161400004], [8.757627833000072, 45.24871400600006], [8.760847256000034, 45.247590771000034], [8.760712020000028, 45.24739828400004], [8.760284568000031, 45.24752994200003], [8.76019201500003, 45.24725212700008], [8.760114714000053, 45.246924808000074], [8.762714049000067, 45.24625586900004], [8.762842370000044, 45.24642017100007], [8.763753680000036, 45.24612215600007], [8.763902894000068, 45.246339523000074], [8.763623007000035, 45.24652451900005], [8.763699516000031, 45.24674007700003], [8.76385444500005, 45.24671057300003], [8.76499814400006, 45.24636912100004], [8.76505065200007, 45.24643384800004], [8.765174794000075, 45.24647552700003], [8.765287408000063, 45.24646913000004], [8.765357773000062, 45.24646927500004], [8.765496044000031, 45.246497727000076], [8.765570386000036, 45.246671856000034], [8.765746130000025, 45.24671364000005], [8.765796555000065, 45.247571202000074], [8.767381059000058, 45.24784617600005], [8.767713087000061, 45.24695211200003], [8.768866671000069, 45.247060496000074], [8.768355504000056, 45.248172914000065], [8.765730406000046, 45.24768622300007], [8.765136665000057, 45.24775956500008], [8.764963607000027, 45.24649663200006], [8.763617760000045, 45.24694122500006], [8.763592206000055, 45.24688152200008], [8.756616196000039, 45.249144312000055], [8.756639390000032, 45.24920566800006], [8.755756078000047, 45.249518598000066], [8.755849499000021, 45.249613243000056], [8.756889872000045, 45.24932384300007], [8.757302706000075, 45.24932472100005], [8.758105538000052, 45.24918061400007], [8.758476600000051, 45.24907535700004], [8.758779577000041, 45.249538279000035], [8.758399151000049, 45.249638547000075], [8.757919186000038, 45.24997885700003], [8.757617529000072, 45.25030960200007], [8.75670205800003, 45.250460092000026], [8.75622880900005, 45.25032321600003], [8.75540249900007, 45.25046725800007], [8.754699580000022, 45.249918782000066], [8.752629342000034, 45.250547469000026], [8.752579412000046, 45.25048132400008], [8.752596322000045, 45.25042833800006]]]}, "properties": {"OBJECTID": 103, "GisId": "{8341CABD-5FB3-41F7-8BE2-28E71D2F653D}", "GisDescription": "DEPURATORE", "GisCode": "DMR06", "Shape_Length": 0.08976394302250294, "Shape_Area": 1.9591031399212243e-05, "codice_distretto": "DMR06"}}, {"type": "Feature", "id": 104, "geometry": {"type": "Polygon", "coordinates": [[[8.74759967500006, 45.25710279800006], [8.74763759800004, 45.25695212900007], [8.747759338000037, 45.25700873300008], [8.748000870000055, 45.25650224900005], [8.748479091000036, 45.256582835000074], [8.748426881000057, 45.25671858800007], [8.748825401000033, 45.256785741000044], [8.749047584000039, 45.25640845200007], [8.749824895000074, 45.256761425000036], [8.749423298000067, 45.25739348800005], [8.750421438000046, 45.25768066400008], [8.75077158800002, 45.257008718000066], [8.751531103000048, 45.257142927000075], [8.751204204000032, 45.257864633000054], [8.751447812000038, 45.25795132300004], [8.751773843000024, 45.25742844600006], [8.752139297000042, 45.25754853700005], [8.75190708100007, 45.25807824800006], [8.752773825000077, 45.25837505900006], [8.754079731000047, 45.25911355200003], [8.754911388000039, 45.258846918000074], [8.754898652000065, 45.25853539000008], [8.755250642000021, 45.25851626200006], [8.755536474000053, 45.25860634700007], [8.75593032200004, 45.25867346700005], [8.755901702000074, 45.25878276200007], [8.755282248000071, 45.25880463400006], [8.754164088000039, 45.25913693100006], [8.755179528000042, 45.259778683000036], [8.755569844000036, 45.25957737500005], [8.755664370000034, 45.25941851300007], [8.75555657800004, 45.25938845700006], [8.755619210000077, 45.25900750000005], [8.75593787500003, 45.25910096900003], [8.75565418900004, 45.259604065000076], [8.755939402000024, 45.25983995900003], [8.757571510000048, 45.26112589100006], [8.758624085000065, 45.261880362000056], [8.75947519400006, 45.26256812200006], [8.760610710000037, 45.26369721300006], [8.761020597000027, 45.26330703900004], [8.761722955000039, 45.26366971500005], [8.761228118000076, 45.26417569800003], [8.76164875400002, 45.26458086500003], [8.76308044600006, 45.265601193000066], [8.766174080000042, 45.267605812000056], [8.766352408000046, 45.26760617700006], [8.766668007000021, 45.26731851900007], [8.766981909000037, 45.26744508500008], [8.766467975000069, 45.268033899000045], [8.765812517000029, 45.26765809300008], [8.765690176000021, 45.267737374000035], [8.765370546000042, 45.26786264400005], [8.764747234000026, 45.26765921700007], [8.764261266000062, 45.26715451200005], [8.764581772000042, 45.26681716200005], [8.762007741000048, 45.26514165300006], [8.761104987000067, 45.264443862000064], [8.759436073000074, 45.26294250400008], [8.75823921500006, 45.26190274500004], [8.755624785000066, 45.259895621000055], [8.755530842000042, 45.25991861700004], [8.755638194000028, 45.260051400000066], [8.755974923000053, 45.260310600000025], [8.756123585000068, 45.26065887100003], [8.75618272500003, 45.26109311000005], [8.75608330800003, 45.261298356000054], [8.75626495900002, 45.262710439000045], [8.75483738500003, 45.26295923600003], [8.755559621000032, 45.26305357200005], [8.755746664000071, 45.26320640800003], [8.755811051000023, 45.26351142000004], [8.75508078200005, 45.26746657800004], [8.755333396000026, 45.26765269500004], [8.756167752000067, 45.267879820000076], [8.756429529000059, 45.26811897400006], [8.755845031000035, 45.268720845000075], [8.755160208000063, 45.26863984700003], [8.754905509000025, 45.268937546000075], [8.754604134000033, 45.26917549500007], [8.754284957000039, 45.26918806400005], [8.753534891000072, 45.26900087400003], [8.753207966000048, 45.268635646000064], [8.752890086000036, 45.26834996800005], [8.752816842000072, 45.267925639000055], [8.752170557000056, 45.26761936500003], [8.751928870000029, 45.26708199800004], [8.752352832000042, 45.26671176900004], [8.752831490000062, 45.266712806000044], [8.753085788000021, 45.26650789800004], [8.75391313800003, 45.266178300000036], [8.754897805000041, 45.26636599200003], [8.755294566000032, 45.263583218000065], [8.755248381000058, 45.26341080000003], [8.754704855000057, 45.26322405900004], [8.754142449000028, 45.26306378500004], [8.753671588000032, 45.261266670000055], [8.754663875000062, 45.25966490600007], [8.753255255000056, 45.258803586000056], [8.753179808000027, 45.25888958300004], [8.753019960000074, 45.258962143000076], [8.752790480000044, 45.25886223100008], [8.752800841000067, 45.25863691200004], [8.752505875000054, 45.25849046400003], [8.752051408000057, 45.25833704200005], [8.751662301000067, 45.25825997800007], [8.751071423000042, 45.25818578700006], [8.750058570000022, 45.258041079000066], [8.749726252000073, 45.257854776000045], [8.749408304000042, 45.25760222800005], [8.747542600000031, 45.257213713000056], [8.74759967500006, 45.25710279800006]]]}, "properties": {"OBJECTID": 104, "GisId": "{287BE6FE-A906-4807-9F2E-5984D53510E2}", "GisDescription": "MEDAGLIA", "GisCode": "DMR05", "Shape_Length": 0.0862772846763357, "Shape_Area": 2.509899794228406e-05, "codice_distretto": "DMR05"}}, {"type": "Feature", "id": 105, "geometry": {"type": "Polygon", "coordinates": [[[9.132171237000023, 45.22856452900004], [9.131937996000033, 45.22918980900005], [9.133667900000034, 45.22958532400003], [9.133667867000042, 45.22958541500003], [9.13366658800004, 45.22958863000008], [9.13555699400007, 45.230417104000026], [9.136183003000042, 45.23617962900005], [9.134502904000044, 45.24143059700003], [9.134081403000039, 45.24460194100004], [9.133477751000044, 45.24748255800006], [9.13274973700004, 45.24994739600004], [9.131950519000043, 45.249747126000045], [9.131430647000059, 45.249616855000056], [9.130977908000034, 45.249534219000054], [9.130472071000042, 45.24941813600003], [9.129824007000025, 45.24928530600005], [9.129769208000027, 45.24927450700005], [9.12978318200004, 45.24903348500004], [9.12935839000005, 45.24881312100007], [9.128642951000074, 45.248702939000054], [9.126742568000054, 45.24846289800007], [9.12439503500002, 45.24833697500003], [9.124221765000073, 45.24758487200006], [9.124079345000041, 45.24565310200006], [9.12011498000004, 45.247074774000055], [9.114704476000043, 45.248255321000045], [9.11059070500005, 45.24776736500007], [9.109517548000042, 45.24663403000005], [9.110300058000064, 45.244682125000054], [9.113743106000072, 45.241266127000074], [9.11550934500002, 45.23696829000005], [9.118371099000058, 45.23303225700005], [9.121501143000046, 45.230812213000036], [9.123748066000076, 45.23053667000005], [9.124273466000034, 45.22963524000005], [9.124571868000032, 45.22947422200008], [9.12516217600006, 45.22913925100005], [9.128661117000036, 45.22832833900003], [9.131098079000026, 45.22799767300006], [9.132171237000023, 45.22856452900004]]]}, "properties": {"OBJECTID": 105, "GisId": "{EF8F51AC-FF64-4DBC-9519-FE96A6BACFC0}", "GisDescription": "SAMPERONE", "GisCode": "DCPV03", "Shape_Length": 0.08335295062826818, "Shape_Area": 0.00037528462528117035, "codice_distretto": "DCPV03"}}, {"type": "Feature", "id": 106, "geometry": {"type": "Polygon", "coordinates": [[[9.164288419000059, 45.27956086000006], [9.161337235000076, 45.27691785900004], [9.15498771800003, 45.27257551800005], [9.154361709000057, 45.26917693400003], [9.155792587000064, 45.26546343100006], [9.157581182000058, 45.262945665000075], [9.161247805000073, 45.26168674000007], [9.166971314000023, 45.26187558000004], [9.171711094000045, 45.26420456200003], [9.174841137000044, 45.26672227300003], [9.179849207000075, 45.26917693300004], [9.19040192600005, 45.27364540100007], [9.187271881000072, 45.276036831000056], [9.174304559000063, 45.274526466000054], [9.171353375000024, 45.277861802000075], [9.164288419000059, 45.27956086000006]]]}, "properties": {"OBJECTID": 106, "GisId": "{2BEF579D-B209-494F-8022-771412268A94}", "GisDescription": "NOVEDO", "GisCode": "DGSG02", "Shape_Length": 0.0868302658909749, "Shape_Area": 0.0003504500328944016, "codice_distretto": "DGSG02"}}, {"type": "Feature", "id": 108, "geometry": {"type": "Polygon", "coordinates": [[[9.10904733600006, 45.01425758100004], [9.109050009000043, 45.01424747500005], [9.109656035000057, 45.01424907300003], [9.10970732900006, 45.01424280200007], [9.109728332000032, 45.01421914300005], [9.109792265000067, 45.01417180400006], [9.10987486700003, 45.01379785300003], [9.110412586000052, 45.01385394300007], [9.110346546000073, 45.01417375800003], [9.110556209000038, 45.01420217000003], [9.110866590000057, 45.01415832400005], [9.111408434000055, 45.01407817000006], [9.111393435000025, 45.01403215000005], [9.111531085000024, 45.01401024300003], [9.11143661400007, 45.01368560900005], [9.111986392000063, 45.013629706000074], [9.112052857000037, 45.01398298300006], [9.113097191000065, 45.01388366500004], [9.113081994000026, 45.01373749000004], [9.113116683000044, 45.013538389000075], [9.112863909000055, 45.01343910600008], [9.112638984000057, 45.01323030800006], [9.11287012300005, 45.013031014000035], [9.11291112400005, 45.012473588000034], [9.112735032000046, 45.01212041800005], [9.112299832000076, 45.01201136000003], [9.111709684000061, 45.01159389900005], [9.11154749800005, 45.01117104200006], [9.111720624000043, 45.01000384500003], [9.111894451000069, 45.009199944000045], [9.11184154800003, 45.00905318300005], [9.111883428000056, 45.00894365600004], [9.111988676000067, 45.00895101800006], [9.112044684000068, 45.00889124300005], [9.11203397600002, 45.00879669700004], [9.11189984300006, 45.00836634700005], [9.111741173000041, 45.007943485000055], [9.112032162000048, 45.00786606200006], [9.112235836000025, 45.00798281400006], [9.112299685000039, 45.00834604800008], [9.112528983000061, 45.00900771800008], [9.11259953800004, 45.009211692000065], [9.113347376000036, 45.009556830000065], [9.113515961000076, 45.00966366100005], [9.11377922400004, 45.00975297900004], [9.114028224000037, 45.00972536000006], [9.114151126000024, 45.009789934000025], [9.114242774000047, 45.01001379200005], [9.11425379800005, 45.01026510200006], [9.114833546000057, 45.010742280000045], [9.114725666000027, 45.01029697800004], [9.114661051000041, 45.009558008000056], [9.114534245000073, 45.009294372000056], [9.114118923000035, 45.00858810100004], [9.113810114000046, 45.008523712000056], [9.113391101000047, 45.00727140500004], [9.113669061000053, 45.00724777700003], [9.11429866800006, 45.00719425500006], [9.114390041000036, 45.00733868700007], [9.114600848000066, 45.00751265900004], [9.11477734500005, 45.008069868000064], [9.11418124100004, 45.00817497600008], [9.114709196000035, 45.009075223000025], [9.114800309000032, 45.009030342000074], [9.116209494000032, 45.00856608700008], [9.116368833000024, 45.008694680000076], [9.116544283000053, 45.009110329000066], [9.116825220000067, 45.009264872000074], [9.117185487000029, 45.009330858000055], [9.117419533000032, 45.009425727000064], [9.117506418000062, 45.00945298500005], [9.117618548000053, 45.009488162000025], [9.117722783000033, 45.009520862000045], [9.117795499000067, 45.00954367500003], [9.117837758000064, 45.009562430000074], [9.11787881500004, 45.00958065000003], [9.117942181000046, 45.009608773000025], [9.11801151000003, 45.00964716400006], [9.118063960000029, 45.00967620900008], [9.118112574000065, 45.00970312900006], [9.11820315500006, 45.00975328800007], [9.118308969000054, 45.009811883000054], [9.118368573000055, 45.00985980000007], [9.11846704800007, 45.00993896700004], [9.118560391000074, 45.01001400700005], [9.118663200000071, 45.009971875000076], [9.118581920000054, 45.009870214000046], [9.118539207000026, 45.00982519300004], [9.11841630400005, 45.009695650000026], [9.11843379000004, 45.00965519600004], [9.118472309000026, 45.00963808300003], [9.118647255000042, 45.00980047400003], [9.118847234000043, 45.01000486100003], [9.118996848000052, 45.00997926900004], [9.119242946000043, 45.00986842000003], [9.119324186000028, 45.00995017400004], [9.119392814000037, 45.00990258400003], [9.11942386000004, 45.009917045000066], [9.119520462000025, 45.009982885000056], [9.119615253000063, 45.01002135500005], [9.119781696000075, 45.009935333000044], [9.120282820000057, 45.00969841500006], [9.120279108000034, 45.009601374000056], [9.120047381000063, 45.00949959600007], [9.120197555000061, 45.009183420000056], [9.120455968000044, 45.00862825000007], [9.120378667000068, 45.00856612300004], [9.120276671000056, 45.00843683700003], [9.120739571000058, 45.00837911700006], [9.12111821700006, 45.00828913600003], [9.12110391400006, 45.008159757000044], [9.120805611000037, 45.00809040000007], [9.12032518500007, 45.00815311500003], [9.120212705000029, 45.00804125900004], [9.120507127000053, 45.00793395000005], [9.12057704700004, 45.00782190100006], [9.120432735000065, 45.00758566300004], [9.11985405200005, 45.00762608400004], [9.119790531000035, 45.00744201500004], [9.120106090000036, 45.00737947500005], [9.120133886000076, 45.00725254000008], [9.119741102000035, 45.00728779000008], [9.119712657000036, 45.007103683000025], [9.119949280000071, 45.00703500600008], [9.120161448000033, 45.00701363200005], [9.120229727000037, 45.00695632800006], [9.120187314000077, 45.00680209500007], [9.120206168000038, 45.00659305600004], [9.120335905000047, 45.00657176900006], [9.120348448000072, 45.006489018000025], [9.12033688400004, 45.00641064800004], [9.120356836000042, 45.006406810000044], [9.120372753000026, 45.00647372600008], [9.120388629000047, 45.00654499400008], [9.120429640000054, 45.00672853200007], [9.120489789000032, 45.00698511600007], [9.120565025000076, 45.00723022900007], [9.120708957000033, 45.00747199800003], [9.120787258000064, 45.007500425000046], [9.121065844000043, 45.00760156700005], [9.12113555600007, 45.00766950800005], [9.121140253000021, 45.00773051600004], [9.121144870000023, 45.00779049600004], [9.121151076000046, 45.00787110300007], [9.121165271000052, 45.00799423800004], [9.121179003000066, 45.00810929000005], [9.121185677000028, 45.008165219000034], [9.121192256000029, 45.00822033700007], [9.12120292700007, 45.00827248300004], [9.121211692000031, 45.00831531800003], [9.121230844000024, 45.00840891000007], [9.12124423900002, 45.008474368000066], [9.121288468000046, 45.00858879800006], [9.121310468000047, 45.00864571500006], [9.121464840000044, 45.00873045800006], [9.121508866000056, 45.008762395000076], [9.12154225200004, 45.00878661300004], [9.121571946000074, 45.00880815100004], [9.121602739000025, 45.00882861100007], [9.12166667400004, 45.00886985100004], [9.121709073000034, 45.00889811600007], [9.121740672000044, 45.00892142500004], [9.12179786200005, 45.00896361000008], [9.121925013000066, 45.00906254800003], [9.121937137000032, 45.00905411900004], [9.121957343000076, 45.00904376900007], [9.12218516200005, 45.008919744000025], [9.12227100900003, 45.00896720700007], [9.122322319000034, 45.00890300800006], [9.122247507000054, 45.00884334500006], [9.122151600000052, 45.008771713000044], [9.12199913400002, 45.00868106300004], [9.121860237000021, 45.00861264400004], [9.121871080000062, 45.008555830000034], [9.121941153000023, 45.00851718700005], [9.122281223000073, 45.00843222000003], [9.122277588000031, 45.00837250300003], [9.122270330000049, 45.00825804800007], [9.122470115000056, 45.00818567300007], [9.122663358000068, 45.00833476500003], [9.122849118000033, 45.00826489200006], [9.12296458000003, 45.00812790900005], [9.123237632000041, 45.00787131700008], [9.12331828200007, 45.00785878800008], [9.123423721000052, 45.00795571900005], [9.123662523000064, 45.00808485400006], [9.123929260000068, 45.00815423800003], [9.123880424000049, 45.00828119600004], [9.124175158000071, 45.00832068900007], [9.124066881000033, 45.00853480300003], [9.123659915000076, 45.00850289600004], [9.12354447000007, 45.00864734500004], [9.12364971200003, 45.00865220800006], [9.124144406000028, 45.00869894900006], [9.124744390000046, 45.00877170100006], [9.124775703000068, 45.00865347100006], [9.12482250100004, 45.008397122000076], [9.12492708600007, 45.008099652000055], [9.125119519000066, 45.007874247000075], [9.125336513000036, 45.00765254700008], [9.12552705500002, 45.007364936000045], [9.125614270000028, 45.00714711000006], [9.125692445000027, 45.00680487900007], [9.12568832900007, 45.00652743400008], [9.125688188000026, 45.00646273800004], [9.125659708000057, 45.00627116800007], [9.125606877000052, 45.006171693000056], [9.125480495000033, 45.00612206400007], [9.125236620000067, 45.00607754200007], [9.125005028000032, 45.00603549400006], [9.124806679000073, 45.00595732900007], [9.124545053000077, 45.00581329100004], [9.124457783000025, 45.006007476000036], [9.124288559000036, 45.006420724000066], [9.12413846800007, 45.00676178800006], [9.12404783900007, 45.00702565000006], [9.123925452000037, 45.00720245500003], [9.123404527000048, 45.00718435700003], [9.123267560000045, 45.00710612200004], [9.123556232000055, 45.00677610500003], [9.123914242000069, 45.00688333800008], [9.123927991000073, 45.00675268600003], [9.124423741000044, 45.005674698000064], [9.124388499000077, 45.005597598000065], [9.124443585000051, 45.00511977900004], [9.124379275000024, 45.004577392000044], [9.124032045000035, 45.00458274600004], [9.123807511000052, 45.00455810600005], [9.123747541000057, 45.00439891800005], [9.124013767000065, 45.004239376000044], [9.124252065000064, 45.004142072000036], [9.124079130000041, 45.003647081000054], [9.123926663000077, 45.00288332800005], [9.12370173000005, 45.00266957500003], [9.12364171400003, 45.002487992000056], [9.124192445000062, 45.00252223100006], [9.125051902000052, 45.00259096600007], [9.12549595300004, 45.00195595300005], [9.126387881000028, 45.00084517200003], [9.126580173000036, 45.00056875400003], [9.126738087000035, 45.00060839200006], [9.12668929800003, 45.00075028200007], [9.126444513000024, 45.00107901300004], [9.126739300000054, 45.001158313000076], [9.128051577000065, 45.00140568300003], [9.128353322000066, 45.00145759900005], [9.128946496000026, 45.00165350900005], [9.128831201000025, 45.00185270600008], [9.128498242000035, 45.001788943000065], [9.128184420000025, 45.00196235800007], [9.127842263000048, 45.00191104900006], [9.127985232000071, 45.00153763900005], [9.126413237000065, 45.00121093000007], [9.126042261000066, 45.00157463700003], [9.125307942000063, 45.00259192900006], [9.12513285500006, 45.002721515000076], [9.123871755000039, 45.00263082200007], [9.123927990000027, 45.002685504000056], [9.12402828100005, 45.00283842700003], [9.124151386000051, 45.00299879100004], [9.124223285000028, 45.002997469000036], [9.12440913100005, 45.00297611600007], [9.124677407000036, 45.00295716000005], [9.124854611000046, 45.00299429200004], [9.12483243500003, 45.003280475000054], [9.124708112000064, 45.00336894700007], [9.124273222000056, 45.00338310600006], [9.124259320000021, 45.00344159700006], [9.124294622000036, 45.00354731300007], [9.124331770000026, 45.00369532800005], [9.124358359000041, 45.003825937000045], [9.124377991000074, 45.003983926000046], [9.124457698000072, 45.00434838000007], [9.124493112000039, 45.00450510600007], [9.124523274000069, 45.00466557100003], [9.124534034000021, 45.00477504600008], [9.124557054000036, 45.00487704200003], [9.124564373000055, 45.00501762500005], [9.124580524000066, 45.00518681400007], [9.124544332000028, 45.00548047700005], [9.12454643600006, 45.00564221600007], [9.124600918000056, 45.00569565600006], [9.124699306000025, 45.005776420000075], [9.124862632000031, 45.00587950700003], [9.12497495200006, 45.005915465000044], [9.125109742000063, 45.005799610000054], [9.125477328000045, 45.00547447900004], [9.126005958000064, 45.00501355500006], [9.126147469000045, 45.00476581000004], [9.12612789700006, 45.004637682000066], [9.126038316000063, 45.00457432800005], [9.125929489000043, 45.004530903000045], [9.125847068000041, 45.004533482000056], [9.125764824000044, 45.004616931000044], [9.125717824000048, 45.004777481000076], [9.125414417000059, 45.00477408300003], [9.125450431000047, 45.00440079300006], [9.12578136600007, 45.00416154800007], [9.125974432000021, 45.004232253000055], [9.125950037000052, 45.004304442000034], [9.12605207300004, 45.00444989700003], [9.126217242000052, 45.00459403700006], [9.126250992000053, 45.004789335000055], [9.126105979000044, 45.00503957300003], [9.125829447000058, 45.00529617600006], [9.125516133000076, 45.00557645900005], [9.125073238000027, 45.00594895000006], [9.125469740000028, 45.006015700000034], [9.125699653000027, 45.00609134100006], [9.125854373000038, 45.00626784200006], [9.125818108000033, 45.00652542500006], [9.125822184000072, 45.00678545200003], [9.125738768000076, 45.00713639800006], [9.125625317000072, 45.007386601000064], [9.125438330000065, 45.00769535900008], [9.125065677000066, 45.008116296000026], [9.124969692000036, 45.00833537500006], [9.124917849000042, 45.00869126300006], [9.124935901000072, 45.00892763500008], [9.12508325400006, 45.00893991500004], [9.125360644000068, 45.009066516000075], [9.12540993600004, 45.009150444000056], [9.125382288000026, 45.00934020900007], [9.125388830000077, 45.00952496100007], [9.125692387000072, 45.009585591000075], [9.125786064000067, 45.00951394900005], [9.12609049200006, 45.00957146600007], [9.126239253000051, 45.009425735000036], [9.126480880000031, 45.00923884200006], [9.12656299200006, 45.00909318300006], [9.12660820900004, 45.008918951000055], [9.126429306000034, 45.008915416000036], [9.126371748000054, 45.009061048000035], [9.126057667000055, 45.00899918600004], [9.126148448000038, 45.008807484000044], [9.126623893000044, 45.00887289800005], [9.126707407000026, 45.00856798600006], [9.126861209000026, 45.00832395900005], [9.127020425000069, 45.008149598000045], [9.126897480000025, 45.00807010800003], [9.126799086000062, 45.007989346000045], [9.126716437000027, 45.007891149000045], [9.126714264000043, 45.00770079400007], [9.126820856000052, 45.00752276000003], [9.126950660000034, 45.00753132400007], [9.127140261000022, 45.00761571700008], [9.127351995000026, 45.00739899600006], [9.127099110000074, 45.00724873400003], [9.127232110000023, 45.007116704000055], [9.127291781000054, 45.00713530000007], [9.127713227000072, 45.00737246500006], [9.127843226000039, 45.00746936500008], [9.127979853000056, 45.00739207400005], [9.128321217000064, 45.00710802000003], [9.12854696200003, 45.00688506100005], [9.128802300000075, 45.00656377800004], [9.129068084000039, 45.00621013500006], [9.12912745400007, 45.00609436000008], [9.128923835000023, 45.00601496400003], [9.128525023000066, 45.00588823100003], [9.128873357000032, 45.00540289000003], [9.128648473000055, 45.005223984000054], [9.129040825000061, 45.00500456800006], [9.129902918000028, 45.00466922100003], [9.129859639000074, 45.00453077900005], [9.129821982000067, 45.00440694900004], [9.129798768000057, 45.00432003900005], [9.12978657900004, 45.00426173200003], [9.129767548000075, 45.00418275000004], [9.129743414000075, 45.00407655600003], [9.129739959000062, 45.00400237700006], [9.129738048000036, 45.00393270500007], [9.129734839000037, 45.00387096700007], [9.12973229000005, 45.003810317000045], [9.12973215300002, 45.00379764300004], [9.12973310600006, 45.00377692300003], [9.129584254000065, 45.003769000000034], [9.129595594000023, 45.003661374000046], [9.129642944000068, 45.00365730900006], [9.129651383000066, 45.00356265900007], [9.12969150300006, 45.00356413000003], [9.129736390000062, 45.003565828000035], [9.129740178000077, 45.00355010700008], [9.129758840000022, 45.00355164000007], [9.129775872000039, 45.00355340500005], [9.129770440000073, 45.00358369600008], [9.129672914000025, 45.00357788600007], [9.12966749100002, 45.00365184200007], [9.129760081000029, 45.00365437600004], [9.129759655000043, 45.00379356800005], [9.13019962900006, 45.00390616900006], [9.130665493000038, 45.00401551200008], [9.130908170000055, 45.00401733500007], [9.130887612000038, 45.003917829000045], [9.13095274400007, 45.00366456200004], [9.131091514000047, 45.003367163000064], [9.131248910000068, 45.00317538100006], [9.131224109000073, 45.003065923000065], [9.13120255900003, 45.00284448600007], [9.131296945000031, 45.00270751800008], [9.13161610000003, 45.00269968600003], [9.131651943000065, 45.003035570000065], [9.132423490000065, 45.002999842000065], [9.133023088000073, 45.002926983000066], [9.133657983000035, 45.00295112500004], [9.13384700000006, 45.00278667400005], [9.134747882000056, 45.003314386000056], [9.134904205000055, 45.00341746700008], [9.134732951000046, 45.003677700000026], [9.135477383000023, 45.004040116000056], [9.13552286600003, 45.003991539000026], [9.13591642700004, 45.00355685800008], [9.136168175000023, 45.00322436500005], [9.136741615000062, 45.00247717900004], [9.136509957000044, 45.00240529400003], [9.136527039000043, 45.00221367300003], [9.136953981000033, 45.00218112300007], [9.13701145500005, 45.00219847300008], [9.137146617000042, 45.00216005300007], [9.137634564000052, 45.00197175200003], [9.137655633000065, 45.00198168000003], [9.137708309000061, 45.00200961000007], [9.137812770000039, 45.00205862900003], [9.13797166200004, 45.00213557600006], [9.13808928900005, 45.00218955500003], [9.138132746000053, 45.00221220800006], [9.138235878000046, 45.00225500700003], [9.138324098000055, 45.00229595800005], [9.138428486000066, 45.002356761000044], [9.138520011000026, 45.00240707300003], [9.138538124000036, 45.00241871500003], [9.13855316400003, 45.00242849500006], [9.13857411400005, 45.002443191000054], [9.138568588000055, 45.00244777300003], [9.138563365000039, 45.002451310000026], [9.138553753000053, 45.002445212000055], [9.138528184000052, 45.002432569000064], [9.138481219000028, 45.002410542000064], [9.138399249000031, 45.00236799500004], [9.138361492000058, 45.00239451300007], [9.13840454700005, 45.002431786000045], [9.138474836000057, 45.00249079800005], [9.138427952000029, 45.00254762000003], [9.13827021700007, 45.00258762400006], [9.138164750000044, 45.002485731000036], [9.137954554000032, 45.00258800600005], [9.137821333000034, 45.002613051000026], [9.13762465900004, 45.002503801000046], [9.137494743000047, 45.00244423700008], [9.137420850000069, 45.00234479300008], [9.137588816000061, 45.002182849000064], [9.13737482700003, 45.00216568800005], [9.137133112000072, 45.00228790700004], [9.136940710000033, 45.00249964600005], [9.136913192000065, 45.002726118000055], [9.137099463000027, 45.002885148000075], [9.137022917000024, 45.003144027000076], [9.136784685000066, 45.00325877600005], [9.136700887000075, 45.00341813000006], [9.136844975000031, 45.00353739700006], [9.137006547000055, 45.00363424900007], [9.13712604400007, 45.003736127000025], [9.137063201000046, 45.00385813100007], [9.136895246000051, 45.00402753900005], [9.136646394000024, 45.00410248700007], [9.136362101000032, 45.00402320000006], [9.136106286000029, 45.00412055000004], [9.136027498000033, 45.00417538800008], [9.135941754000044, 45.00425511600008], [9.135920903000056, 45.00433725600004], [9.135954397000035, 45.00441062200008], [9.136003791000064, 45.00453249200007], [9.136021464000066, 45.00458970200003], [9.136091778000036, 45.00465929200004], [9.13609027800004, 45.004766292000056], [9.136039711000024, 45.00488952500007], [9.13592258600005, 45.00504891800006], [9.135910534000061, 45.005143489000034], [9.13597590300003, 45.00534621000003], [9.135791892000043, 45.00540366000007], [9.135735580000073, 45.00532285700007], [9.13566580500003, 45.00511018700007], [9.13527070400005, 45.00489665900005], [9.135114851000026, 45.00499513300008], [9.134778357000073, 45.00471808100008], [9.134676816000024, 45.00479409500008], [9.134810306000077, 45.004881030000035], [9.135186347000058, 45.00519411500005], [9.135133809000024, 45.00522652500007], [9.134934226000041, 45.00537357300004], [9.134517434000031, 45.00563285100003], [9.13405470400005, 45.00574785900005], [9.133589222000069, 45.00618883900006], [9.133750808000059, 45.006290672000034], [9.133947529000068, 45.006417346000035], [9.134137253000063, 45.006551493000075], [9.134312936000072, 45.006680680000045], [9.134505541000067, 45.006546084000036], [9.134850057000051, 45.00687413800006], [9.134597893000034, 45.00703866500004], [9.13400411400005, 45.006616346000044], [9.133818645000076, 45.00680318900004], [9.133657098000072, 45.00671877500008], [9.133810895000067, 45.00648718000008], [9.133491234000076, 45.006285999000056], [9.132777329000021, 45.00699849500006], [9.132252884000025, 45.007738138000036], [9.132242590000033, 45.00783768300005], [9.132327147000069, 45.00799932700005], [9.132457178000038, 45.00810617500008], [9.132734534000065, 45.008212850000064], [9.132727985000031, 45.00841441400007], [9.132489562000046, 45.008459480000056], [9.132334080000021, 45.00872529000003], [9.132492017000061, 45.00876367600006], [9.132403931000056, 45.00897404300008], [9.132015226000021, 45.00887807000004], [9.131983855000044, 45.00896457500005], [9.132222450000029, 45.00899415900005], [9.132412110000075, 45.00909844900008], [9.132321492000074, 45.00935236400005], [9.132020692000026, 45.009730939000065], [9.132287400000052, 45.00978039700004], [9.13242053700003, 45.00971057000004], [9.132616376000044, 45.009451556000045], [9.132812824000041, 45.009456304000025], [9.133472508000068, 45.00955009100005], [9.133991800000047, 45.00960920400007], [9.13403431200004, 45.00978831400005], [9.133747250000056, 45.010037483000076], [9.133052735000035, 45.010053225000036], [9.131986495000035, 45.01011418100006], [9.131944869000051, 45.01031827300005], [9.13186156300003, 45.011016030000064], [9.132335272000034, 45.01107893500006], [9.132423295000024, 45.01164565900007], [9.13241978900004, 45.01188108500003], [9.132225640000058, 45.01193585900006], [9.132124930000032, 45.01214268800004], [9.131606900000065, 45.01216051200004], [9.131583698000043, 45.012505221000026], [9.131704917000036, 45.01254367700005], [9.13174440000006, 45.01299437900008], [9.131921068000054, 45.013157282000066], [9.131976990000055, 45.01322061500008], [9.132141564000051, 45.013414460000035], [9.132198841000047, 45.01348192200004], [9.132207227000038, 45.01360823600004], [9.13226425800002, 45.013823340000044], [9.132327861000022, 45.01402233300007], [9.13266117300003, 45.01422784600004], [9.132743755000035, 45.01458375400006], [9.132784775000061, 45.01481912700007], [9.132432752000057, 45.01495513500004], [9.132314509000025, 45.015381955000066], [9.132499772000074, 45.01585014700004], [9.133202847000064, 45.01619797700005], [9.133384841000066, 45.01638998800007], [9.13372995800006, 45.01657620900005], [9.134074420000047, 45.01681755900006], [9.134369612000057, 45.01702438600006], [9.134736048000036, 45.01732280300007], [9.135276703000045, 45.01765992400004], [9.136142919000065, 45.01829302600004], [9.13648267900004, 45.01818352300006], [9.136936517000038, 45.018383949000054], [9.137528577000069, 45.01883111300003], [9.137835486000029, 45.01852641700003], [9.137323973000036, 45.01790689900008], [9.137462041000049, 45.01787154600004], [9.137543461000064, 45.017809862000036], [9.137911846000065, 45.01781501600004], [9.138259423000022, 45.01792097200007], [9.138507128000072, 45.018073704000074], [9.13873036800004, 45.017901738000035], [9.139005861000044, 45.01757667700008], [9.139326399000026, 45.01738219600003], [9.139975347000075, 45.01698762500007], [9.140647819000037, 45.01653330100004], [9.141228280000064, 45.01611454500005], [9.141903354000021, 45.01565647700005], [9.141968985000062, 45.01559667600003], [9.142000365000058, 45.015518255000075], [9.14219219100005, 45.015419105000035], [9.142310735000024, 45.01547681100004], [9.142247713000074, 45.015527279000025], [9.142337277000024, 45.01557009100003], [9.142392448000066, 45.015536430000054], [9.14250503900007, 45.01531607100003], [9.142728842000054, 45.01537924400003], [9.142595525000047, 45.01573026500006], [9.142213619000074, 45.01557211100004], [9.141943153000057, 45.01579079800007], [9.141186575000063, 45.01627509400004], [9.140416979000065, 45.016820987000074], [9.139148073000058, 45.01762875800006], [9.138883042000032, 45.01792768100006], [9.13893844100005, 45.01798639900005], [9.139170351000075, 45.01813541700005], [9.139364754000042, 45.01800827500006], [9.139643057000058, 45.01775785900003], [9.139889964000076, 45.01758212900006], [9.140148088000046, 45.01769005500006], [9.140164403000028, 45.017906519000064], [9.139922675000037, 45.018048650000026], [9.139917640000021, 45.018141969000055], [9.139807564000023, 45.018321263000075], [9.13958109500004, 45.01824689000006], [9.139602435000029, 45.01836630400004], [9.139902716000051, 45.01849657400004], [9.139945390000037, 45.018731668000044], [9.139698241000076, 45.01881035300005], [9.13938709000007, 45.01853826200005], [9.138854349000042, 45.01803129100006], [9.138402451000047, 45.018311777000065], [9.137636107000048, 45.019138518000034], [9.138308657000039, 45.019245014000035], [9.138698073000057, 45.01923801000004], [9.13925963500003, 45.019147747000034], [9.139584549000062, 45.01912682200003], [9.139939643000048, 45.01907319800006], [9.140000013000076, 45.019011539000076], [9.140081464000048, 45.01896291600008], [9.140510297000048, 45.01893626200007], [9.140797262000035, 45.018999361000056], [9.140753010000026, 45.01919537200007], [9.140629550000028, 45.019281371000034], [9.140311183000051, 45.01928922700006], [9.139995136000039, 45.019170175000056], [9.139490052000042, 45.01922118200008], [9.139079783000057, 45.01930939600004], [9.139043076000064, 45.01936356200008], [9.139032966000059, 45.01953526900007], [9.139028354000061, 45.019804014000044], [9.13909200300003, 45.020009223000045], [9.138882372000069, 45.020371530000034], [9.138914494000062, 45.02059730700006], [9.13903301800002, 45.02064381900004], [9.139193598000077, 45.02067161700006], [9.139232969000034, 45.020630512000025], [9.139264328000024, 45.02054089400008], [9.139373423000052, 45.01995475900003], [9.13965236100006, 45.019961883000065], [9.139570064000054, 45.020745807000026], [9.139691241000037, 45.02080164600005], [9.141123692000065, 45.02120299400008], [9.143461977000072, 45.02184953400007], [9.143597887000055, 45.02147984700008], [9.143892789000063, 45.02155412500008], [9.143767491000062, 45.02195739200005], [9.14436782000007, 45.02210220200004], [9.144420185000058, 45.02199762600003], [9.14463470100003, 45.021497201000045], [9.144902199000057, 45.02113854300006], [9.14552528400003, 45.02195889800004], [9.146127972000045, 45.022512404000054], [9.146620750000068, 45.02278611000003], [9.147237312000073, 45.02296067800006], [9.14709563100007, 45.02377554200007], [9.146962295000037, 45.02411537000006], [9.14628078100003, 45.024134908000065], [9.146378576000075, 45.023270711000066], [9.145928404000074, 45.02319663700007], [9.146024587000056, 45.02273182000005], [9.144391917000064, 45.02226733500004], [9.144273944000076, 45.02244291100004], [9.144068602000061, 45.022407712000074], [9.143670507000024, 45.02316030900005], [9.142604220000067, 45.02294329500006], [9.14267972600004, 45.02261847500006], [9.142218853000031, 45.02246974900004], [9.14229946100005, 45.022079603000066], [9.141778312000042, 45.022027997000066], [9.141906161000065, 45.021586471000035], [9.13927301800004, 45.020869342000026], [9.139157367000053, 45.02092267100005], [9.138857573000053, 45.020997686000044], [9.13776305700003, 45.02105499900006], [9.137757141000066, 45.020782534000034], [9.137567584000067, 45.020741705000034], [9.137514582000051, 45.020585004000054], [9.137182979000045, 45.02056300800007], [9.13713619400005, 45.020805676000066], [9.137079150000034, 45.02116033100003], [9.136890189000042, 45.02136957700003], [9.136305711000034, 45.021239639000044], [9.135542347000069, 45.021128573000055], [9.135131281000042, 45.020886448000056], [9.134988608000072, 45.020640273000026], [9.135276142000066, 45.01982624900006], [9.13477524600006, 45.019423732000064], [9.134643235000055, 45.019233531000054], [9.134517300000027, 45.01939044400007], [9.134185721000051, 45.01937590400007], [9.134122814000023, 45.019480488000056], [9.133712254000045, 45.01944737700006], [9.133233141000062, 45.01935462500006], [9.13275377900004, 45.019153628000026], [9.132395555000073, 45.018993547000036], [9.132089614000051, 45.018684105000034], [9.132288017000064, 45.01800082900007], [9.132145150000042, 45.01766133700005], [9.131494769000028, 45.01860640800004], [9.131263466000064, 45.01871491600008], [9.130738114000053, 45.01938719700007], [9.130128187000025, 45.01905134100008], [9.12813522600004, 45.01843058900005], [9.128152943000032, 45.01804827300003], [9.12811944200007, 45.01794214200004], [9.127979227000026, 45.01792137900003], [9.127795006000042, 45.01789237100007], [9.127775271000075, 45.017952845000025], [9.127754280000033, 45.01795046900003], [9.12758786300003, 45.01795438800008], [9.126987893000035, 45.01793266100003], [9.125281895000057, 45.017494112000065], [9.123070640000037, 45.01701129200006], [9.123322080000037, 45.01647354100004], [9.122795417000077, 45.01627255400007], [9.122021215000075, 45.015971052000054], [9.121892444000025, 45.01604397300008], [9.121104204000062, 45.015944035000075], [9.120864500000039, 45.01623293500006], [9.120809816000076, 45.016295512000056], [9.120581624000067, 45.01622048100006], [9.120572035000066, 45.016247863000046], [9.12054785500004, 45.01642829200006], [9.120068890000027, 45.016384007000056], [9.120143552000059, 45.01601814400004], [9.120784212000046, 45.01621529000005], [9.12101502300004, 45.01586792400008], [9.121376432000034, 45.01589864400006], [9.121439490000057, 45.01585627600008], [9.120995555000036, 45.01578583000003], [9.120553390000055, 45.01572160100005], [9.119998890000033, 45.01562265200005], [9.119374251000067, 45.01553372600006], [9.118630002000032, 45.01528318100003], [9.117250402000025, 45.01484417100005], [9.117086495000024, 45.01503729600006], [9.11680606300007, 45.01505067100004], [9.116615023000065, 45.01505978100005], [9.116483645000073, 45.01506604700006], [9.116331492000029, 45.015073303000065], [9.116268655000056, 45.01507629900004], [9.116209880000042, 45.01507910200007], [9.116138610000064, 45.01508250100005], [9.116067415000032, 45.015084890000026], [9.115978347000066, 45.01508787800003], [9.115833670000029, 45.015092733000074], [9.115773064000052, 45.01509476600006], [9.11568544100004, 45.01509770700005], [9.11563753200005, 45.01505056900004], [9.115894919000027, 45.01485419100004], [9.115846356000077, 45.01482803500005], [9.115834504000077, 45.01479158300003], [9.115802374000054, 45.01481447400005], [9.115787608000062, 45.01482499400004], [9.115744948000042, 45.01485538700007], [9.115673405000052, 45.01490635600004], [9.115592678000041, 45.01496386900004], [9.11550735700007, 45.01502465500005], [9.115466971000046, 45.015058999000075], [9.115373972000043, 45.015141060000076], [9.115311484000074, 45.01519619800007], [9.11528394000004, 45.015220502000034], [9.11526357200006, 45.015219107000064], [9.115243474000067, 45.01521773200005], [9.115185363000023, 45.01521375400006], [9.115138698000067, 45.01521056100006], [9.11507670900005, 45.015206318000025], [9.114981820000025, 45.015199823000046], [9.114898854000046, 45.01519414400008], [9.114745345000074, 45.015183637000064], [9.114652379000063, 45.01517727300006], [9.114530235000075, 45.015168913000025], [9.11396994100005, 45.015153990000044], [9.113667511000074, 45.01517935900006], [9.113654530000076, 45.015185270000075], [9.113654938000025, 45.015391710000074], [9.113578098000062, 45.01538616300007], [9.113521097000046, 45.015386128000046], [9.113533149000034, 45.01517230400003], [9.113592776000075, 45.015097798000056], [9.113610195000035, 45.014925153000036], [9.113630464000039, 45.01453088800008], [9.113643280000076, 45.01435964800004], [9.113658163000025, 45.01423482800004], [9.113679165000065, 45.01404561500004], [9.113676362000035, 45.01395848800007], [9.113669591000075, 45.01386075000005], [9.113582123000072, 45.01386806800008], [9.113466214000027, 45.01387938100004], [9.113315451000062, 45.013893411000026], [9.113159261000021, 45.013908496000056], [9.112808251000047, 45.01394406900005], [9.112620822000054, 45.013961633000065], [9.112264053000047, 45.01399627700005], [9.111993110000071, 45.014025237000055], [9.111703753000029, 45.01405514600003], [9.111628458000041, 45.014065251000034], [9.111460284000032, 45.014090493000026], [9.111376122000024, 45.01410655500007], [9.110902349000071, 45.014183124000056], [9.110629827000025, 45.01421806900004], [9.110544338000068, 45.014228883000044], [9.11041455700007, 45.01423865100003], [9.110220981000055, 45.01425190200007], [9.110124521000046, 45.01425930400006], [9.110074313000041, 45.014259974000026], [9.109926319000067, 45.01426105000007], [9.10982634000004, 45.01426223500005], [9.109616292000055, 45.014261660000045], [9.109514560000036, 45.014263001000074], [9.109318763000033, 45.01426256700006], [9.109192696000036, 45.01426470900003], [9.109050402000037, 45.014266244000055], [9.10904733600006, 45.01425758100004]], [[9.126656815000047, 45.01089179400003], [9.127181817000064, 45.01095279700007], [9.12737521400004, 45.010963779000065], [9.127480587000036, 45.01043178100008], [9.127621679000072, 45.00999212100004], [9.127633119000052, 45.00981294800005], [9.127285592000021, 45.00969856200004], [9.127387915000043, 45.00957247600007], [9.127410998000073, 45.00930371000004], [9.127821432000076, 45.00931445000003], [9.128018066000038, 45.009009097000046], [9.12858939900002, 45.00861934200003], [9.128798209000024, 45.00846794100005], [9.128485727000054, 45.008140766000054], [9.129174930000033, 45.007526925000036], [9.129671649000045, 45.00730801100008], [9.130175763000068, 45.00687073600005], [9.130932390000055, 45.006421971000066], [9.131397475000028, 45.006180690000065], [9.131152450000059, 45.00601860800003], [9.13123907000005, 45.00593452800007], [9.13081459700004, 45.005813241000055], [9.130214571000067, 45.005711750000046], [9.129598255000076, 45.00625972900008], [9.129325858000072, 45.00620685000007], [9.12922164400004, 45.00636513200004], [9.129632446000073, 45.006548026000075], [9.129317533000062, 45.00689130600006], [9.129039177000038, 45.00682163700003], [9.128787146000036, 45.00705287000005], [9.128645027000061, 45.00702643600005], [9.127786283000034, 45.00770484900005], [9.12699060400007, 45.008357990000036], [9.126884577000055, 45.00859325500005], [9.126688513000033, 45.00915894600007], [9.126969209000038, 45.00939098300006], [9.126681508000047, 45.00956206400008], [9.126255416000049, 45.00961012600004], [9.12616095200002, 45.00972220500006], [9.126299262000032, 45.00980883200003], [9.12670195000004, 45.00988397000003], [9.126871864000066, 45.00998455800004], [9.126683292000052, 45.01037108100007], [9.126588734000052, 45.010441170000036], [9.126608886000042, 45.01063150500005], [9.126597442000048, 45.01081067700005], [9.126656815000047, 45.01089179400003]], [[9.131404615000065, 45.00412594000005], [9.132858011000053, 45.00468973200003], [9.133264956000062, 45.00491040900005], [9.133560395000075, 45.00469171200007], [9.13379726100004, 45.00473902500005], [9.134269754000059, 45.00430176700007], [9.134711269000036, 45.00411928800003], [9.134959467000044, 45.00395103200003], [9.134524817000056, 45.00369400300008], [9.134737262000044, 45.00342501200004], [9.134045969000056, 45.00309549900004], [9.133872086000054, 45.002980928000056], [9.133644081000057, 45.003347914000074], [9.133711596000069, 45.00353539400004], [9.133858154000052, 45.00377596800007], [9.133676988000047, 45.00392454800004], [9.132986226000071, 45.003824576000056], [9.132756868000058, 45.00360929100003], [9.132720987000027, 45.00344976800005], [9.132688948000066, 45.003245451000055], [9.132625608000069, 45.00315594400007], [9.132385080000063, 45.00322900700007], [9.132093127000076, 45.003246141000034], [9.131872655000052, 45.00346194800005], [9.131475321000039, 45.003985889000035], [9.131404615000065, 45.00412594000005]], [[9.13025649900004, 45.005494750000025], [9.131531765000034, 45.00580402000003], [9.13185784500007, 45.005606287000035], [9.132342249000033, 45.005191420000074], [9.132657364000067, 45.00494750800004], [9.132775458000026, 45.00482419900004], [9.13218308300003, 45.00461493200004], [9.131602417000067, 45.00434686300008], [9.131258879000029, 45.00424088200003], [9.131069987000046, 45.00446504900003], [9.130881436000038, 45.004840381000065], [9.130830439000022, 45.00497201100006], [9.131055658000037, 45.00510332300007], [9.130957507000062, 45.00532178700007], [9.130712646000063, 45.00522968800004], [9.13046397900007, 45.005199179000044], [9.130302697000047, 45.005420515000026], [9.13025649900004, 45.005494750000025]], [[9.130054133000044, 45.005027092000034], [9.130117920000032, 45.00531465500006], [9.130286401000035, 45.00519518300007], [9.130292035000025, 45.00506920400005], [9.130317608000041, 45.00503558300005], [9.130412282000066, 45.005022878000034], [9.130890364000038, 45.00442886400003], [9.130947356000036, 45.004330819000074], [9.130954802000076, 45.00413485400003], [9.13092649600003, 45.00405468300005], [9.130655726000043, 45.004058214000054], [9.130268811000064, 45.00396277800007], [9.129971712000042, 45.00388753300007], [9.129760712000063, 45.003825137000035], [9.129771824000045, 45.004077024000026], [9.129914060000033, 45.004567148000035], [9.130029292000074, 45.00492113700005], [9.130054133000044, 45.005027092000034]], [[9.130781040000045, 45.01020545400007], [9.130932415000075, 45.00967153400006], [9.130989512000042, 45.009328079000056], [9.130684122000048, 45.00923511600007], [9.130516012000044, 45.00935101600004], [9.130310333000068, 45.009142231000055], [9.12945423900004, 45.00983371700005], [9.129275852000035, 45.010061601000075], [9.129045660000031, 45.01065159600006], [9.130030198000043, 45.010908021000034], [9.130503863000058, 45.010952271000065], [9.130718307000052, 45.010384686000066], [9.130781040000045, 45.01020545400007]], [[9.121204538000029, 45.011410418000025], [9.12145221700007, 45.011585583000056], [9.121725630000071, 45.011488246000056], [9.122154225000031, 45.01137208200004], [9.122214471000063, 45.01124697800003], [9.122140734000027, 45.011213465000026], [9.12187775700005, 45.01126786700007], [9.121703609000065, 45.011029173000054], [9.121706012000061, 45.010920928000075], [9.122100295000052, 45.01075441100005], [9.122378808000065, 45.01058428400006], [9.122557610000058, 45.01053743600005], [9.122996637000028, 45.010382066000034], [9.123017392000065, 45.01024580700005], [9.123601066000049, 45.01006788300003], [9.123843360000023, 45.010185195000076], [9.124185491000048, 45.01023894400004], [9.124390590000075, 45.01018833200004], [9.124442803000022, 45.01000165000005], [9.12478468200004, 45.009939692000046], [9.124987051000062, 45.009844291000036], [9.125339501000042, 45.00980471300005], [9.125510462000022, 45.009783998000046], [9.12558123100007, 45.009662614000035], [9.125299665000057, 45.00963306300008], [9.12426089500002, 45.00982642100007], [9.123721544000034, 45.00981580900003], [9.12333738700005, 45.009791963000055], [9.122553812000035, 45.00999062900007], [9.12182832700006, 45.01029000500006], [9.12110358800004, 45.01094769600007], [9.121193341000037, 45.01109130200007], [9.121333079000067, 45.011232988000074], [9.121238555000048, 45.01132266900004], [9.12117812300005, 45.01136005800004], [9.121204538000029, 45.011410418000025]], [[9.11490413200005, 45.01307042700006], [9.115406542000073, 45.013013933000025], [9.115461197000059, 45.01271714400008], [9.11564253900002, 45.01261991600006], [9.115655341000036, 45.01244447600004], [9.115899929000022, 45.012397571000065], [9.115677766000033, 45.01182112600003], [9.114862118000076, 45.01179582200007], [9.11484976500003, 45.01219707800004], [9.11488785000006, 45.012822233000065], [9.11490413200005, 45.01307042700006]], [[9.118251754000028, 45.012264523000056], [9.11853102200007, 45.01245085800008], [9.119176665000055, 45.01207164500005], [9.119342643000039, 45.01217392700005], [9.11923093200005, 45.01248372300006], [9.118986737000057, 45.01271912400006], [9.11873162300003, 45.01276418000003], [9.118468986000039, 45.012988402000076], [9.118811495000045, 45.01321946100006], [9.118932266000058, 45.01309616300006], [9.11917955000007, 45.013080976000026], [9.119363364000037, 45.01290908900006], [9.119484274000058, 45.012852975000044], [9.119667014000072, 45.01216600400005], [9.11971885500003, 45.01179270000006], [9.119602612000051, 45.011561407000045], [9.119312395000065, 45.011169798000026], [9.119122373000039, 45.010882595000055], [9.11895882300007, 45.01067374500008], [9.118795500000033, 45.01057313800004], [9.118417089000047, 45.01078628300007], [9.118170146000068, 45.010961966000025], [9.11808091000006, 45.011066569000036], [9.118344555000022, 45.01133503500006], [9.118281781000064, 45.01151426000007], [9.118108276000044, 45.01158162400003], [9.118566723000072, 45.01190214500008], [9.118214789000035, 45.012201109000046], [9.118251754000028, 45.012264523000056]], [[9.112231715000064, 45.010730942000066], [9.112663456000064, 45.010870486000044], [9.112881913000024, 45.01091692600005], [9.113002755000025, 45.01082536100006], [9.113197483000022, 45.010845697000036], [9.113542316000064, 45.01093866700006], [9.113708167000027, 45.01099075700006], [9.113923440000065, 45.01075726200003], [9.114044105000062, 45.01057798100004], [9.114101744000038, 45.010456618000035], [9.11393578700006, 45.01035040700003], [9.11381248300006, 45.01052595700003], [9.113570699000036, 45.01065683600007], [9.113531187000035, 45.01063261400003], [9.113459988000045, 45.01054870300004], [9.113546512000028, 45.010399317000065], [9.113635741000053, 45.01028725300006], [9.113772735000055, 45.010382296000046], [9.113843737000025, 45.01036542800006], [9.113906733000022, 45.010292582000034], [9.113598507000063, 45.010083870000074], [9.113545844000043, 45.01006152700006], [9.113280815000053, 45.01041077800005], [9.113043885000025, 45.01033449800008], [9.11303315500004, 45.01022999800006], [9.112822532000052, 45.01015182400005], [9.112717176000046, 45.01009034100008], [9.112758695000025, 45.00979730000006], [9.112831977000042, 45.009603137000056], [9.112579094000068, 45.00943915700003], [9.112273561000052, 45.01060399700003], [9.112231715000064, 45.010730942000066]], [[9.125702724000064, 45.012191174000066], [9.125555076000069, 45.01234880100003], [9.125316076000047, 45.01269128700005], [9.125331177000021, 45.01282983900006], [9.12536688800003, 45.012917980000054], [9.12545306800007, 45.013075350000065], [9.125601324000058, 45.013194861000045], [9.125708187000043, 45.01333541100007], [9.126095791000068, 45.01326989800003], [9.126563149000049, 45.01313081200004], [9.126828936000038, 45.01285757900007], [9.126851935000047, 45.012548923000054], [9.126821989000064, 45.01239149100007], [9.126637987000038, 45.01216914500003], [9.126477805000036, 45.01200975800003], [9.126394463000054, 45.01179779800003], [9.126273069000035, 45.01177903700005], [9.126291211000023, 45.01195327800008], [9.126078117000077, 45.01195981200004], [9.126119735000032, 45.012041647000046], [9.126193689000047, 45.01202267000008], [9.126315162000026, 45.01207712300004], [9.126481148000039, 45.01218401600005], [9.126546500000075, 45.01229102000008], [9.126416410000047, 45.01235624900005], [9.126434335000056, 45.012431812000045], [9.126751003000038, 45.01241466400006], [9.126769026000034, 45.012534318000064], [9.126704307000068, 45.01271495000003], [9.126532719000068, 45.01275293100008], [9.126162739000051, 45.012755440000035], [9.12614740600003, 45.01251191100005], [9.126052607000076, 45.01247422400007], [9.126020334000032, 45.01260443100006], [9.126035802000047, 45.01290884600007], [9.125753157000076, 45.01292017900005], [9.125740696000037, 45.01263623300008], [9.125656991000028, 45.012595383000075], [9.12562431400005, 45.012537192000025], [9.125753506000024, 45.01240317000003], [9.125702724000064, 45.012191174000066]]]}, "properties": {"OBJECTID": 108, "GisId": "{FFC83A89-24D6-40D5-B47F-EE15883A5AB6}", "GisDescription": "ZONA CENTRALE", "GisCode": "DCT08", "Shape_Length": 0.3362874354346811, "Shape_Area": 0.00019469696635421348, "codice_distretto": "DCT08"}}, {"type": "Feature", "id": 109, "geometry": {"type": "Polygon", "coordinates": [[[9.265488866000055, 45.30542389800007], [9.26532812000005, 45.30527291300007], [9.265916018000041, 45.30415189200005], [9.26601200400006, 45.30393497400007], [9.26691973000004, 45.30159108700008], [9.267446995000057, 45.30020336600006], [9.267744766000021, 45.29888942800005], [9.268200188000037, 45.29642407100005], [9.268489647000024, 45.294927028000075], [9.26813117000006, 45.29436281100004], [9.26659330800004, 45.29403025200003], [9.266291417000048, 45.29367256200004], [9.266389662000051, 45.29328254600006], [9.266889080000055, 45.29229252400006], [9.266258422000021, 45.292165812000064], [9.265988185000026, 45.29263078500003], [9.263821698000072, 45.29219631800004], [9.263388579000036, 45.29150668900007], [9.263979432000042, 45.291044905000035], [9.264836141000046, 45.29037322100004], [9.265305546000036, 45.28930479500008], [9.265926203000049, 45.28888478700003], [9.266874057000052, 45.28869422300005], [9.267231995000031, 45.28915380600006], [9.267592300000047, 45.29011565800005], [9.266828892000035, 45.29170798500007], [9.267394396000043, 45.29216708200005], [9.267335351000042, 45.29261586700005], [9.26690934100003, 45.29345137400003], [9.26708459300005, 45.29367594200005], [9.268678001000069, 45.29394023300006], [9.269154224000033, 45.29438133300005], [9.269245158000047, 45.29479968100003], [9.269484249000072, 45.29519675200004], [9.268406897000034, 45.299384916000065], [9.269902761000026, 45.29903607700004], [9.270241834000046, 45.29862717700007], [9.27097638500004, 45.29720232300008], [9.272318054000039, 45.29562952200007], [9.273355053000046, 45.29545961900004], [9.27473500800005, 45.29569698200004], [9.276144828000042, 45.29597611200006], [9.276457239000024, 45.29619510200007], [9.275368783000033, 45.29798708800007], [9.275134242000036, 45.29854224800005], [9.275903141000072, 45.29811136700005], [9.27665526900006, 45.29728288600006], [9.27687557400003, 45.29685332500003], [9.277052009000045, 45.296549439000046], [9.278886842000077, 45.29568648400004], [9.280621372000041, 45.29278412200006], [9.280706968000061, 45.292103747000056], [9.280230202000041, 45.29162357000007], [9.280095595000034, 45.29138322700004], [9.280314666000038, 45.29071298800005], [9.281381459000045, 45.29059526000003], [9.28165021600006, 45.29098176800005], [9.281489423000039, 45.29144258400004], [9.281312717000048, 45.29168369400003], [9.281521816000065, 45.29199710100005], [9.281230544000039, 45.293054690000076], [9.279331669000044, 45.29582186600004], [9.27749893300006, 45.29698784500005], [9.277044316000058, 45.298014427000055], [9.275835807000021, 45.299513715000046], [9.276713335000068, 45.30007665100004], [9.275217312000052, 45.301538694000044], [9.27876625600004, 45.30259480600006], [9.279136121000022, 45.301670450000074], [9.28068219100004, 45.30210745900007], [9.27969322000007, 45.30339565600008], [9.278357338000035, 45.30311639100006], [9.278476538000064, 45.302855806000025], [9.275684883000054, 45.302025454000045], [9.275240060000044, 45.30202652600008], [9.274736534000056, 45.30215330800007], [9.27280216500003, 45.30383219400005], [9.272656795000046, 45.30443945700006], [9.272144772000047, 45.30589518100004], [9.27188071200004, 45.30649226100007], [9.271719096000027, 45.30680656700008], [9.271350227000028, 45.307194614000025], [9.270793897000033, 45.30714361400004], [9.270370812000067, 45.30704651600007], [9.270300666000026, 45.30698538900003], [9.269974798000021, 45.30687965100003], [9.270700426000076, 45.30658793300006], [9.271380221000072, 45.306099741000025], [9.27052528300004, 45.30594699800008], [9.270458963000067, 45.30570429200003], [9.270598801000062, 45.305138757000066], [9.271687796000037, 45.30529851000006], [9.271774640000046, 45.30485358000004], [9.270726159000048, 45.304623692000064], [9.269147824000072, 45.304388919000075], [9.266795688000059, 45.30399157100004], [9.265858131000073, 45.305543741000065], [9.265488866000055, 45.30542389800007]]]}, "properties": {"OBJECTID": 109, "GisId": "{5FEAEF4D-99A7-4CF6-8DD7-39805B90BE8C}", "GisDescription": "ZONA INDUSTRIALE", "GisCode": "DLD02", "Shape_Length": 0.10960462149356076, "Shape_Area": 8.970843467020782e-05, "codice_distretto": "DLD02"}}, {"type": "Feature", "id": 110, "geometry": {"type": "Polygon", "coordinates": [[[8.734809596000048, 45.310632121000026], [8.735760601000038, 45.31035533000005], [8.735928649000073, 45.309843826000076], [8.734672714000055, 45.309967147000066], [8.734614574000034, 45.30968469100003], [8.734674282000071, 45.30882253000004], [8.737003105000042, 45.30864774200006], [8.736989889000029, 45.30834796000005], [8.736352788000033, 45.30832775700003], [8.736374867000052, 45.30800716300007], [8.736837792000074, 45.30793919900003], [8.736794338000038, 45.30700237600007], [8.737123734000022, 45.30696191900006], [8.737266610000063, 45.30821745600008], [8.737818890000028, 45.308207485000025], [8.737615138000024, 45.30633357000005], [8.736486728000045, 45.30635158000007], [8.736448043000053, 45.306106070000055], [8.735808139000028, 45.306123326000034], [8.735669922000056, 45.305015799000046], [8.737393117000067, 45.304969191000055], [8.737440384000024, 45.303931410000075], [8.737902603000066, 45.30386877400008], [8.737911677000056, 45.30420414200006], [8.73750778300007, 45.304283773000066], [8.737464805000059, 45.30496748200005], [8.738513500000067, 45.304958647000035], [8.740456302000041, 45.30507361200006], [8.740831584000034, 45.304418602000055], [8.741819452000072, 45.30421866300003], [8.743390029000068, 45.30386437300007], [8.743404679000037, 45.30359705300003], [8.742293332000031, 45.303588029000025], [8.742151098000022, 45.30335912100003], [8.742238095000062, 45.30322668100007], [8.742480606000072, 45.30302114800003], [8.74398902400003, 45.302902766000045], [8.744423424000047, 45.30252904900004], [8.744253753000066, 45.30126089000004], [8.744404985000074, 45.30028133800005], [8.745304860000033, 45.300288969000064], [8.745356739000044, 45.29996685100008], [8.745359012000051, 45.299236617000076], [8.74545424300004, 45.29922378500004], [8.745560984000065, 45.29921094100007], [8.745557415000064, 45.29976168700006], [8.745581661000074, 45.299979061000045], [8.74580091000007, 45.30022122500003], [8.746181086000036, 45.30009373900003], [8.74609812400007, 45.29967828500003], [8.746715986000027, 45.299646704000054], [8.747056482000062, 45.29975022200006], [8.747494664000044, 45.30034347700007], [8.747317889000044, 45.30054776000003], [8.746261246000074, 45.30057164600004], [8.747136982000029, 45.30198008000008], [8.747837379000032, 45.30312677300003], [8.75088129900007, 45.302762510000036], [8.750948221000044, 45.30324225900006], [8.749918705000027, 45.30342834600003], [8.750040428000034, 45.30387296500004], [8.750288604000048, 45.30549036000008], [8.74938981200006, 45.305603864000034], [8.749347089000025, 45.30587610100008], [8.74890974400006, 45.306317275000026], [8.749360135000074, 45.306329848000075], [8.749293309000052, 45.306746608000026], [8.749014103000036, 45.30673340800007], [8.749097031000076, 45.30864781500003], [8.748953726000025, 45.309801949000075], [8.748930346000066, 45.30999024800008], [8.749340974000063, 45.30998715800007], [8.749335485000074, 45.310025033000045], [8.749340623000023, 45.310066867000046], [8.748919286000046, 45.310053433000064], [8.748828480000043, 45.31062025300008], [8.747638273000064, 45.31067154900006], [8.747518881000076, 45.31067669400005], [8.745294930000057, 45.31081244200004], [8.745073665000064, 45.31022060600003], [8.744793978000075, 45.31024090100004], [8.744712869000068, 45.31093251900006], [8.743446686000027, 45.31098870500006], [8.742245076000074, 45.31104201200003], [8.742180498000039, 45.31084531000005], [8.742101538000043, 45.310861431000035], [8.74197913300003, 45.310876869000026], [8.74198920300006, 45.31091098500008], [8.742021746000034, 45.31090758000005], [8.742106222000075, 45.31119376100003], [8.73926122000006, 45.31129067300003], [8.73925033300003, 45.31116530500003], [8.739245565000033, 45.31111039100006], [8.739235747000066, 45.31099734700007], [8.73912331400004, 45.310993352000025], [8.739144767000028, 45.31128530800004], [8.738473211000041, 45.31127890000005], [8.73660148600004, 45.31126101900003], [8.736526500000025, 45.31123387200006], [8.736213374000044, 45.31119568100007], [8.734806583000022, 45.31110624400003], [8.734783544000038, 45.31101109200006], [8.734809596000048, 45.310632121000026]], [[8.739507348000075, 45.30620114000004], [8.740781249000065, 45.30629771100007], [8.740950593000036, 45.30525645800003], [8.739650082000026, 45.30517856400007], [8.739417598000045, 45.30608852900008], [8.739507348000075, 45.30620114000004]], [[8.745697405000044, 45.30229396400006], [8.74571512500006, 45.30248696900003], [8.74553417200002, 45.30258398600006], [8.745576301000028, 45.30325477400004], [8.745772658000021, 45.30327581900008], [8.746075162000068, 45.30330646700003], [8.746071219000044, 45.30359496900007], [8.746617400000048, 45.303751678000026], [8.746632384000065, 45.303367655000045], [8.746850055000039, 45.30337188400006], [8.746822087000055, 45.30309455200006], [8.747470160000034, 45.303022922000025], [8.746937843000069, 45.30213747700003], [8.745697405000044, 45.30229396400006]], [[8.74760864500007, 45.30830822200005], [8.748089117000063, 45.308326144000034], [8.748174456000072, 45.30764065000005], [8.748357645000056, 45.307641054000044], [8.748495941000044, 45.30758702800006], [8.748769406000065, 45.30758575700003], [8.748742255000025, 45.30712108300003], [8.74827236300007, 45.307114428000034], [8.74822316500007, 45.307432805000076], [8.748132392000059, 45.30754688600007], [8.748105619000057, 45.30759740900004], [8.747672719000036, 45.30763017600003], [8.74760864500007, 45.30830822200005]]]}, "properties": {"OBJECTID": 110, "GisId": "{2183A171-A6DE-46AA-9847-66AEAE0BF8AF}", "GisDescription": "DISTETTO CILAVEGNA SUD - CORSO ROMA", "GisCode": "DCL04", "Shape_Length": 0.09023093701013733, "Shape_Area": 0.00010025268411556377, "codice_distretto": "DCL04"}}, {"type": "Feature", "id": 111, "geometry": {"type": "Polygon", "coordinates": [[[9.018957281000041, 45.31908118000007], [9.016996734000031, 45.318866753000066], [9.016919610000059, 45.31983970500005], [9.01629360000004, 45.32065717100005], [9.015075119000073, 45.32198552700004], [9.013476561000061, 45.32282654200003], [9.008367883000062, 45.319045808000055], [9.006466229000068, 45.31682357500006], [9.01061948000006, 45.31555425300007], [9.012636616000066, 45.31503051400006], [9.013208508000048, 45.31490269600005], [9.013718333000043, 45.31418254500005], [9.013906923000036, 45.31374097200006], [9.014237025000057, 45.31386455400008], [9.014374456000041, 45.31426983700004], [9.014813349000065, 45.314219956000045], [9.016116729000032, 45.314092136000056], [9.01672797200007, 45.31426347800004], [9.017034416000058, 45.31460653100004], [9.017251646000034, 45.31482475800004], [9.017455576000032, 45.31509598200006], [9.017719904000046, 45.31534459200003], [9.017842203000043, 45.31529479200003], [9.01814123400004, 45.31505405100006], [9.018353630000036, 45.31461776500004], [9.01876724300007, 45.31402032300008], [9.019124963000024, 45.313666573000035], [9.019493861000058, 45.31352507100007], [9.019723025000076, 45.31327351300007], [9.019426788000033, 45.31280183800004], [9.019200504000025, 45.31245246000003], [9.019516218000035, 45.31225154500004], [9.019600058000037, 45.311933159000034], [9.019750971000065, 45.31168159500004], [9.019880946000058, 45.311393397000074], [9.020586581000032, 45.31120843200006], [9.021004386000072, 45.31080602000003], [9.021080393000034, 45.31065459700005], [9.02168908300007, 45.30994320700006], [9.021716659000049, 45.309839811000074], [9.022066366000047, 45.30975550900007], [9.022552640000072, 45.30895164400005], [9.02248022200007, 45.30881312200006], [9.022660235000046, 45.30867746200005], [9.022776125000064, 45.308272662000036], [9.02314371400007, 45.308019029000036], [9.025793073000045, 45.309245479000026], [9.028615701000035, 45.31232082400004], [9.029778289000035, 45.31395596100003], [9.031388026000059, 45.316314248000026], [9.029778290000024, 45.317886385000065], [9.02324991300003, 45.31838946000005], [9.018957281000041, 45.31908118000007]]]}, "properties": {"OBJECTID": 111, "GisId": "{24C1FAC5-20B3-4923-8AB7-E6DE4995C3D4}", "GisDescription": "STADIO", "GisCode": "DCSP01", "Shape_Length": 0.06530379946321747, "Shape_Area": 0.00015359001124653902, "codice_distretto": "DCSP01"}}, {"type": "Feature", "id": 112, "geometry": {"type": "Polygon", "coordinates": [[[8.898899336000056, 45.10477778600006], [8.898817214000076, 45.10470852600008], [8.898695707000059, 45.104711861000055], [8.898639218000028, 45.10459249500008], [8.898173156000041, 45.10430985200003], [8.898187128000075, 45.10374081900005], [8.897812094000074, 45.103290755000046], [8.897048703000053, 45.102601709000055], [8.897633248000034, 45.101840449000065], [8.898138471000038, 45.10195103800004], [8.89816432400005, 45.101987774000065], [8.898488003000068, 45.10216244700007], [8.899473507000039, 45.10183290500004], [8.900200291000033, 45.10122778500005], [8.900200819000077, 45.100924907000035], [8.899332921000052, 45.100713048000046], [8.89924060800007, 45.10031367600004], [8.899127917000044, 45.099382036000065], [8.900474797000072, 45.09986966000008], [8.901056192000055, 45.10088893900007], [8.901372328000036, 45.101683121000065], [8.90211768200004, 45.10157362500007], [8.902487102000066, 45.10152805000007], [8.902714305000075, 45.10128502300006], [8.902747280000028, 45.10094546000005], [8.903356636000069, 45.10078535900004], [8.90459418000006, 45.10082311300005], [8.905436598000051, 45.100782511000034], [8.905838333000077, 45.10078284300005], [8.906104381000034, 45.100549020000074], [8.906882445000065, 45.10023301100006], [8.906591555000034, 45.099810579000064], [8.906126249000067, 45.09906676700007], [8.905770078000046, 45.098947158000044], [8.905523709000022, 45.09903873600007], [8.905128594000075, 45.09896039400007], [8.905148845000042, 45.09846938000004], [8.905891182000062, 45.09819464900005], [8.90648624000005, 45.09783962900008], [8.906644206000067, 45.09781910700008], [8.90663476800006, 45.09764700900007], [8.906973994000055, 45.09761634800003], [8.907111056000076, 45.09760867700004], [8.907154690000027, 45.09767066400008], [8.907293223000067, 45.09764668400004], [8.907315292000021, 45.09752279700007], [8.90753649000004, 45.097464466000076], [8.907658325000057, 45.09724773100004], [8.907687792000047, 45.097055013000045], [8.907462012000053, 45.09576849200005], [8.907391198000028, 45.095206854000025], [8.907421943000031, 45.09517514100003], [8.90755475100002, 45.095181558000036], [8.908022348000031, 45.09650818000006], [8.908669954000061, 45.09670144000006], [8.909227102000045, 45.09673859700007], [8.90977110600005, 45.09689505700004], [8.910043518000066, 45.09671170800004], [8.910743996000065, 45.09624417200007], [8.911599251000041, 45.09623565900006], [8.912570835000054, 45.096419970000056], [8.912751397000022, 45.09697997500007], [8.91232221200005, 45.09799842100006], [8.911401571000056, 45.09837401600004], [8.911336351000045, 45.09864930900005], [8.910895340000025, 45.09891513200006], [8.91128389100004, 45.09905310700003], [8.912242465000077, 45.09930165800006], [8.913758061000067, 45.09969747300005], [8.914081760000045, 45.099881280000034], [8.91506503900007, 45.10096503600005], [8.914804967000066, 45.10156142200003], [8.913858144000073, 45.102083866000044], [8.912926120000066, 45.10138562100008], [8.912589918000037, 45.100898922000056], [8.912590478000027, 45.10053179600004], [8.912124230000074, 45.10034787600006], [8.911489133000032, 45.10041163200003], [8.911009276000073, 45.100649892000035], [8.91139656100006, 45.10161389800004], [8.911071905000028, 45.10204501800007], [8.91140824300004, 45.10243994000007], [8.911848304000046, 45.10280740600007], [8.912132839000037, 45.10318393000006], [8.912585745000058, 45.10363400500006], [8.912844607000068, 45.10385447900006], [8.913349211000025, 45.10440555100007], [8.913769646000048, 45.10491525700007], [8.914060945000074, 45.105117395000036], [8.914708580000024, 45.105370280000045], [8.915576559000044, 45.10561414500006], [8.916502879000063, 45.105848869000056], [8.916755160000037, 45.10615652000007], [8.916151687000024, 45.10671135600006], [8.915476958000056, 45.10723860100006], [8.915514808000069, 45.107389495000064], [8.915292738000062, 45.107468492000066], [8.915277556000035, 45.10759789300005], [8.915221022000026, 45.10776099200007], [8.914309955000022, 45.107600269000045], [8.91429987400005, 45.107841187000076], [8.91437750600005, 45.10793073200006], [8.914727151000022, 45.108130618000075], [8.91524170300005, 45.10856466800004], [8.91580484900004, 45.10901251800004], [8.915736185000071, 45.10943236700007], [8.916736495000066, 45.11008015900006], [8.916928249000023, 45.11024378400003], [8.917022711000072, 45.11046240700006], [8.916735607000021, 45.11069107800006], [8.916554706000056, 45.110726054000054], [8.916443872000059, 45.11076142100006], [8.916472830000032, 45.11090255700003], [8.916475053000056, 45.11104367300004], [8.916275516000042, 45.11121733700003], [8.915624014000059, 45.111340762000054], [8.915206195000053, 45.11120966400006], [8.914807453000037, 45.111326388000066], [8.913990582000054, 45.111518517000036], [8.913825186000054, 45.111607879000076], [8.913600632000055, 45.112247884000055], [8.913279316000057, 45.112584937000065], [8.912608212000066, 45.11279781600007], [8.911490607000076, 45.11256291400008], [8.910752176000074, 45.11230764600003], [8.909936014000039, 45.11203166200005], [8.90965544200003, 45.11117787400008], [8.909013943000048, 45.11111541300005], [8.908314218000044, 45.11099094800005], [8.907167769000068, 45.11059077300007], [8.905778012000042, 45.11037280200003], [8.90512689600007, 45.11025524100006], [8.904913045000058, 45.11024818000004], [8.903931938000028, 45.10982057600006], [8.904195198000025, 45.10934582900006], [8.904448492000029, 45.109015628000066], [8.904468232000056, 45.10883667100006], [8.904273828000044, 45.108829625000055], [8.904049858000064, 45.10906347900004], [8.903825840000025, 45.109324867000055], [8.903446390000056, 45.10952417200008], [8.902873406000026, 45.10920015700003], [8.903254635000053, 45.10794766500004], [8.903497999000024, 45.10774136300006], [8.90392552000003, 45.10785186100003], [8.903924977000031, 45.10817539000004], [8.904129123000075, 45.10816867800003], [8.904304555000067, 45.107893481000076], [8.904926777000071, 45.107832048000034], [8.904947030000073, 45.10734332900006], [8.904500058000053, 45.10723970200007], [8.903333539000073, 45.10727313900003], [8.901991460000033, 45.10765059300007], [8.900134914000034, 45.10760080000006], [8.89759168200004, 45.10560918600004], [8.897222326000076, 45.105601970000066], [8.894518537000067, 45.10644963100003], [8.889504471000066, 45.10811072100006], [8.885302310000043, 45.10952460000004], [8.883627631000024, 45.110844557000064], [8.881991477000042, 45.112302201000034], [8.878940589000024, 45.11220166000004], [8.877989034000052, 45.111003878000076], [8.878809339000043, 45.10924255100008], [8.881588308000062, 45.10786300900003], [8.883174936000046, 45.10761017800007], [8.885297351000077, 45.10723029700006], [8.886307187000057, 45.10722939900006], [8.88690191400002, 45.108033602000035], [8.888743212000065, 45.10759486000006], [8.888517326000056, 45.106990747000054], [8.889886492000073, 45.106173356000056], [8.890092915000025, 45.10539915000004], [8.893388252000022, 45.10486420500007], [8.894268914000065, 45.10520461500005], [8.894487953000066, 45.10590235600006], [8.896931331000076, 45.105260970000074], [8.897585379000077, 45.10505677100008], [8.897913223000046, 45.10517580700008], [8.898027728000045, 45.10501070200007], [8.89835365500005, 45.104840624000076], [8.898363549000067, 45.104742541000064], [8.89860673100003, 45.10464122500008], [8.898691340000028, 45.104890831000034], [8.898763539000072, 45.104944243000034], [8.898858009000037, 45.10477094500004], [8.898899336000056, 45.10477778600006]], [[8.898259968000048, 45.10559831000006], [8.90031811600005, 45.107059450000065], [8.902055030000042, 45.10695081400007], [8.903805130000023, 45.10670449300005], [8.90501049200003, 45.10668714500008], [8.905723064000028, 45.106843764000075], [8.905956868000033, 45.10653190000005], [8.906164943000022, 45.10610069900008], [8.90331468900007, 45.10548338600006], [8.902070816000048, 45.105298763000064], [8.89991864600006, 45.10573744800007], [8.899764263000066, 45.10508566500005], [8.898208452000063, 45.105414702000076], [8.898259968000048, 45.10559831000006]], [[8.903127292000022, 45.10900304200004], [8.903259906000073, 45.109143122000035], [8.903434853000022, 45.10915933100006], [8.903454295000074, 45.10915934700006], [8.903522357000043, 45.10915022700004], [8.903629374000047, 45.109097543000075], [8.903694296000026, 45.10902876200004], [8.903814576000059, 45.10879711500007], [8.90388604900005, 45.10868474400007], [8.90392840800007, 45.10854481300004], [8.903416677000052, 45.10840900300008], [8.903127292000022, 45.10900304200004]]]}, "properties": {"OBJECTID": 112, "GisId": "{AE98CE68-A9D9-4ADB-BB97-B95EAE990E9C}", "GisDescription": "SANNAZZARO CENTRO", "GisCode": "DSB02", "Shape_Length": 0.16197177924763814, "Shape_Area": 0.0002084568185271687, "codice_distretto": "DSB02"}}, {"type": "Feature", "id": 114, "geometry": {"type": "Polygon", "coordinates": [[[9.26923616800002, 45.31504136400008], [9.269359764000058, 45.314959722000026], [9.269924858000024, 45.31527928500003], [9.270102000000065, 45.31510446600004], [9.270221078000077, 45.31519487300005], [9.27005893300003, 45.31540453700006], [9.270024576000026, 45.31545693900006], [9.271080865000044, 45.31614506300008], [9.271617480000032, 45.31567290600003], [9.272083320000036, 45.31590898300004], [9.272593650000033, 45.315112499000065], [9.27272216700004, 45.31510870400007], [9.272826469000051, 45.31520960700004], [9.272649651000052, 45.31545070200008], [9.272089699000048, 45.316208936000066], [9.271897927000055, 45.31642565000004], [9.271730324000032, 45.31652720100004], [9.272692906000032, 45.31725390100007], [9.273203224000042, 45.317482890000065], [9.273476729000038, 45.317813596000065], [9.27397505700003, 45.318117603000076], [9.275121341000045, 45.31643885900007], [9.275292801000035, 45.316114061000064], [9.275336432000074, 45.31593606600006], [9.275473487000056, 45.315653207000025], [9.275566487000049, 45.31546114200006], [9.275639797000053, 45.315286565000065], [9.275733032000062, 45.31514333100006], [9.275757276000036, 45.31504560800005], [9.27574200600003, 45.314954957000054], [9.275568574000033, 45.314871663000076], [9.275548173000061, 45.31474265600008], [9.275631624000027, 45.31462037400007], [9.275611325000057, 45.31451229500004], [9.275462494000067, 45.31440452500004], [9.275442179000038, 45.31429295800007], [9.275540187000047, 45.314114833000076], [9.275623653000025, 45.313996039000074], [9.276017932000059, 45.313747438000064], [9.276497383000049, 45.313732326000036], [9.276759796000022, 45.313815403000035], [9.277032607000024, 45.31400309500003], [9.277310022000052, 45.31412101300003], [9.277419069000075, 45.31418004500006], [9.277525045000061, 45.31462276600007], [9.277525079000043, 45.31462974100003], [9.277456499000039, 45.31475896400008], [9.277451777000067, 45.314804320000064], [9.277511917000027, 45.31497159800006], [9.279215890000046, 45.31565458400007], [9.279459193000037, 45.31587024600003], [9.279662484000028, 45.31599182800005], [9.279855802000043, 45.31609599500007], [9.279949990000034, 45.316148084000076], [9.280185387000074, 45.316764885000055], [9.281300762000058, 45.31837360500003], [9.281781668000065, 45.31864448400006], [9.28207517900006, 45.318761480000035], [9.282281840000053, 45.31881154600006], [9.282317705000025, 45.31881581700003], [9.282381327000053, 45.318684860000076], [9.282484026000077, 45.31870727800003], [9.282474363000063, 45.318752645000075], [9.282452354000043, 45.31880066000008], [9.28245258800007, 45.31884774800005], [9.28247618000006, 45.318869489000065], [9.282504456000026, 45.31883889900007], [9.282537750000074, 45.31882312100004], [9.28258726200005, 45.31883782300008], [9.282584990000032, 45.31887794100004], [9.282577677000063, 45.318898886000056], [9.283370627000068, 45.319033826000066], [9.284081986000047, 45.319165475000034], [9.28475256300004, 45.319297222000046], [9.285227656000075, 45.31939021300008], [9.285675432000062, 45.319457982000074], [9.285903031000032, 45.31949229300005], [9.28601683100004, 45.319509448000076], [9.286446155000021, 45.31836779300005], [9.28650704000006, 45.31818626300003], [9.286659131000022, 45.317953929000055], [9.28673513700005, 45.31782991400007], [9.286791620000031, 45.31775652400006], [9.287142721000066, 45.31777308200003], [9.288152008000054, 45.31791703700003], [9.288557776000061, 45.31798926100004], [9.288869806000037, 45.31810008800005], [9.288934360000042, 45.31815573200004], [9.289023669000073, 45.31821829100005], [9.28907853000004, 45.31831232800005], [9.289083687000073, 45.318354172000056], [9.289108744000032, 45.31842038000008], [9.28921790000004, 45.31849684000008], [9.289351776000046, 45.31857323700007], [9.289495308000028, 45.31860426600008], [9.289643502000047, 45.318579474000046], [9.289761480000038, 45.31844663100003], [9.289830197000072, 45.31834879200005], [9.289899021000053, 45.318271881000044], [9.289977144000034, 45.31807984100004], [9.290016445000049, 45.31803091000006], [9.290035633000059, 45.31791575700004], [9.289995728000065, 45.317846098000075], [9.290059392000046, 45.31772734400005], [9.290128178000032, 45.31764345700003], [9.290246581000076, 45.31759432400003], [9.290518955000039, 45.31768432000007], [9.290751476000025, 45.31771512000006], [9.290766556000051, 45.31776391400007], [9.29074253400006, 45.31790000800004], [9.290698574000032, 45.318004759000075], [9.290560288000052, 45.31803301600007], [9.290411901000027, 45.31801944100005], [9.29035762500007, 45.318040507000035], [9.290274043000068, 45.318131408000056], [9.290249644000028, 45.31819425400005], [9.290111821000039, 45.31831319600008], [9.290092401000038, 45.31838300600003], [9.290452770000059, 45.31827745000004], [9.290729361000047, 45.31822442600003], [9.29085281500005, 45.318196208000074], [9.291124853000042, 45.318219931000044], [9.29174310600007, 45.31827067300003], [9.29146702600002, 45.31745867200004], [9.291445642000042, 45.317144805000055], [9.29145431400002, 45.31690759800006], [9.291621041000042, 45.31664208400008], [9.291847200000063, 45.31639734600003], [9.292409959000054, 45.31623545800005], [9.293132172000071, 45.31631731900006], [9.293747103000044, 45.31668546800006], [9.29372877000003, 45.31696455600007], [9.293789356000048, 45.31720856100003], [9.293780802000072, 45.317466695000064], [9.293534909000073, 45.31771846500004], [9.293170108000027, 45.31792170600005], [9.292814797000062, 45.318048186000055], [9.292726167000069, 45.31811817400006], [9.293033513000069, 45.31827783400007], [9.293201282000041, 45.31821462000005], [9.293566300000066, 45.31805323300006], [9.293842616000063, 45.317947882000055], [9.294316323000032, 45.31777226200006], [9.29479980700006, 45.317575687000044], [9.295174558000042, 45.31738636600005], [9.295578900000066, 45.31718301600006], [9.295726922000028, 45.31712682500006], [9.295875091000028, 45.31709853600006], [9.296176615000036, 45.31716088200005], [9.296284042000025, 45.31730675700004], [9.29689724700006, 45.31733830100006], [9.297203908000029, 45.31736540700007], [9.29733770100006, 45.31742435500007], [9.297554280000043, 45.31724241500007], [9.29817620800003, 45.317199654000035], [9.29881064400007, 45.31736121500006], [9.29921629200004, 45.31740898500004], [9.299845774000062, 45.31771427900003], [9.299931789000027, 45.31808727100008], [9.299601469000038, 45.318262538000056], [9.299611798000058, 45.31834622400004], [9.300912357000072, 45.319336888000066], [9.297922854000035, 45.32232136300007], [9.295107310000049, 45.320708453000066], [9.296330176000026, 45.31971064700008], [9.294775640000069, 45.31796392000007], [9.29369427000006, 45.31842088900004], [9.292731037000067, 45.318583810000064], [9.292231719000029, 45.31858857700007], [9.291420346000052, 45.31847903400006], [9.290826845000026, 45.318435202000046], [9.290308502000073, 45.31858650500004], [9.290180298000053, 45.31865310300003], [9.290641278000066, 45.31888562800003], [9.291007862000072, 45.319027703000074], [9.290058929000054, 45.32005908000008], [9.28977384600006, 45.32038767600005], [9.28978462300006, 45.320562049000046], [9.29016154900006, 45.32079130100004], [9.290093648000038, 45.32104958600007], [9.290094716000056, 45.32125886400007], [9.289870309000037, 45.321852395000064], [9.289871909000055, 45.322166312000036], [9.289873083000032, 45.32239651800006], [9.289893892000066, 45.32259876900008], [9.289875645000052, 45.322898784000074], [9.289658452000026, 45.322969095000076], [9.289164520000043, 45.32306801100003], [9.288828591000026, 45.32312466900004], [9.288001517000055, 45.32383133500008], [9.287874765000026, 45.32418743100004], [9.287698144000046, 45.32445994100004], [9.287550835000047, 45.32466261600007], [9.287572836000038, 45.325102049000066], [9.287979732000053, 45.32538704000007], [9.28837674500005, 45.32567205600003], [9.288373127000057, 45.325933665000036], [9.28814174100006, 45.32613306600007], [9.287691485000039, 45.32607490400005], [9.287423667000041, 45.325915131000045], [9.287156010000047, 45.32578674700005], [9.286719746000074, 45.32556112300006], [9.286546232000035, 45.32547087000006], [9.286486774000025, 45.325446604000035], [9.286392652000075, 45.325411959000064], [9.286204393000048, 45.32533918300004], [9.285862888000054, 45.325273766000066], [9.285690007000028, 45.32530907900008], [9.285463243000038, 45.32544567800005], [9.285418970000023, 45.32549113300007], [9.284904408000045, 45.32542614500005], [9.284171191000041, 45.32514195600004], [9.284002416000021, 45.325009831000045], [9.283764943000051, 45.32498251700008], [9.283508143000063, 45.32504593900006], [9.283310955000047, 45.32516502100003], [9.283212622000065, 45.325276881000036], [9.28264058600007, 45.325585242000045], [9.282611994000035, 45.32580156900008], [9.28260328400006, 45.32603877500003], [9.282161114000075, 45.326611901000035], [9.281875710000065, 45.326891647000025], [9.281481590000055, 45.32718561100006], [9.280947567000055, 45.32718692600008], [9.280838026000026, 45.327033723000056], [9.280698714000039, 45.32685966500003], [9.280914450000068, 45.326489406000064], [9.281051968000043, 45.32630071600005], [9.281199442000059, 45.32612595200004], [9.281188968000038, 45.326007385000025], [9.281108853000035, 45.325805279000065], [9.281088557000032, 45.32570068900003], [9.28094942100006, 45.32556151000006], [9.280801189000044, 45.32558280300003], [9.28048635700003, 45.325911449000046], [9.28006298200006, 45.32628919300004], [9.279766788000074, 45.32638758300004], [9.279578550000053, 45.326318283000035], [9.279419191000045, 45.326088465000055], [9.279723214000057, 45.325571496000066], [9.279870794000033, 45.32541766200006], [9.27995797400007, 45.32504772000004], [9.280134703000044, 45.324789175000035], [9.280341647000057, 45.32464217100005], [9.281261659000052, 45.32470966900007], [9.281607978000068, 45.32475067100006], [9.281755654000051, 45.32461776300005], [9.282327997000039, 45.32437218900003], [9.282525461000034, 45.32430891700005], [9.283020596000028, 45.32444721100006], [9.28318856900006, 45.32441889000006], [9.283325865000052, 45.32418834100008], [9.284936507000054, 45.321965963000025], [9.284113468000044, 45.32150759600006], [9.284485979000067, 45.32085789800004], [9.284682171000043, 45.320543489000045], [9.284651737000047, 45.32039009300007], [9.284503205000021, 45.32034860600004], [9.284157993000065, 45.32052386600003], [9.283990068000037, 45.32055916400003], [9.283554675000062, 45.32049746100006], [9.282861568000044, 45.32031082800006], [9.282653258000039, 45.320178799000075], [9.28285917200003, 45.31982948800004], [9.283065849000025, 45.319633648000035], [9.283242964000067, 45.319458808000036], [9.28326232300003, 45.31937504800004], [9.283083714000043, 45.31924992300003], [9.282608538000034, 45.31913948300007], [9.28248977800007, 45.31911884800007], [9.282341357000064, 45.31909828800008], [9.281529234000061, 45.31883520300005], [9.280824749000033, 45.31834164000003], [9.280336497000064, 45.31758245300006], [9.280067641000073, 45.31719943200005], [9.279898040000035, 45.31689290200006], [9.279698985000039, 45.31662830100004], [9.279430275000038, 45.31627318200003], [9.279003403000047, 45.315925424000056], [9.278706030000023, 45.31577267800003], [9.277943204000053, 45.31546759100007], [9.277576864000025, 45.31536384200007], [9.277131188000055, 45.31521145100004], [9.276582253000072, 45.31618942500006], [9.276018670000042, 45.316190789000075], [9.275232034000055, 45.31709259400003], [9.274997667000036, 45.31770007200004], [9.27472229500006, 45.31800768000005], [9.27438769500003, 45.31833635700008], [9.274052351000023, 45.31851156300007], [9.27350771500005, 45.318345444000045], [9.270996891000038, 45.31641907000005], [9.269320260000029, 45.315230136000025], [9.26913675000003, 45.31510500100006], [9.26923616800002, 45.31504136400008]]]}, "properties": {"OBJECTID": 114, "GisId": "{FD746497-6D46-45C6-856E-96614AB66D8B}", "GisDescription": "FRAZ. PAIRANA", "GisCode": "DLD03", "Shape_Length": 0.12494098288232004, "Shape_Area": 7.983768704030441e-05, "codice_distretto": "DLD03"}}, {"type": "Feature", "id": 115, "geometry": {"type": "Polygon", "coordinates": [[[8.73660148600004, 45.31126101900003], [8.739144767000028, 45.31128530800004], [8.73912331400004, 45.310993352000025], [8.739194117000068, 45.31099411100007], [8.739235747000066, 45.31099734700007], [8.73926122000006, 45.31129067300003], [8.742106222000075, 45.31119376100003], [8.742021746000034, 45.31090758000005], [8.74198920300006, 45.31091098500008], [8.74197913300003, 45.310876869000026], [8.742101538000043, 45.310861431000035], [8.742180498000039, 45.31084531000005], [8.742245076000074, 45.31104201200003], [8.744712869000068, 45.31093251900006], [8.744793978000075, 45.31024090100004], [8.744918338000048, 45.31023000400006], [8.745073665000064, 45.31022060600003], [8.745294930000057, 45.31081244200004], [8.747518881000076, 45.31067669400005], [8.747638273000064, 45.31067154900006], [8.748828480000043, 45.31062025300008], [8.748820297000066, 45.311187645000075], [8.748839019000059, 45.31152364700006], [8.748904589000063, 45.31270042800003], [8.748684145000027, 45.31277412500003], [8.747956393000038, 45.31308906600003], [8.74791917400006, 45.313801917000035], [8.747362300000077, 45.31392885500003], [8.747042777000047, 45.31386266700008], [8.746824533000051, 45.31389421800003], [8.746869029000038, 45.31406060300003], [8.747162827000068, 45.314160050000055], [8.748950106000052, 45.31457119200007], [8.749012710000045, 45.31526425900006], [8.749116084000036, 45.316408627000044], [8.751179139000044, 45.31646034500005], [8.751340996000067, 45.31702591100003], [8.75220863800007, 45.31715234200004], [8.750930390000065, 45.318660872000066], [8.750140086000044, 45.318310421000035], [8.749748270000055, 45.31895200500003], [8.747917438000059, 45.31893764000006], [8.747995868000032, 45.31776223500003], [8.74725465900002, 45.31814465300005], [8.746237613000062, 45.318193122000025], [8.746182538000028, 45.319026328000064], [8.745062990000065, 45.31902383500005], [8.744879770000068, 45.318653862000076], [8.744853998000053, 45.31753062300004], [8.746138431000077, 45.31740305200003], [8.746195607000061, 45.31609883900006], [8.74576518400005, 45.31588773800007], [8.743405061000033, 45.31541869500006], [8.743203815000072, 45.31427022300005], [8.742304052000065, 45.31395026600006], [8.741763372000037, 45.31431685700005], [8.741330782000034, 45.314572214000066], [8.742117342000029, 45.31517932400004], [8.741429121000067, 45.31629829100007], [8.740717410000059, 45.31703366700003], [8.739055388000054, 45.316561007000075], [8.738867421000066, 45.317234486000075], [8.737676952000072, 45.31702886100004], [8.737539423000044, 45.31772816800003], [8.736452288000066, 45.31761953900008], [8.73636782400007, 45.31694251400006], [8.735868221000032, 45.31695004900007], [8.735807885000042, 45.31587600900008], [8.734327564000068, 45.31616605200003], [8.734090475000073, 45.316653503000055], [8.734479388000068, 45.316644663000034], [8.734458034000056, 45.31681852600008], [8.733994383000038, 45.316810263000036], [8.733696274000067, 45.31718631500007], [8.733580971000038, 45.31768241900005], [8.733051768000053, 45.31773553200003], [8.733074964000025, 45.31717037200008], [8.733603888000061, 45.31717523000003], [8.734178607000047, 45.316172952000045], [8.732232100000033, 45.31621912900005], [8.732352651000042, 45.31679187200007], [8.731402187000072, 45.31688022000003], [8.731246058000067, 45.316231307000066], [8.730998859000067, 45.31420899700004], [8.730692672000032, 45.312719153000046], [8.72942895500006, 45.31282486100008], [8.729441929000075, 45.31333575900004], [8.72833784900007, 45.31334400800006], [8.728134933000035, 45.31245489400004], [8.729199399000038, 45.31250547800005], [8.730868632000067, 45.312429714000075], [8.731001112000058, 45.31264741600006], [8.731362834000038, 45.31434028800004], [8.731560438000031, 45.315992917000074], [8.734374831000025, 45.315941526000074], [8.734734839000055, 45.315826421000054], [8.73477777100004, 45.315080815000044], [8.735760322000033, 45.31506068700003], [8.736242911000033, 45.31508716400003], [8.73633723200004, 45.314891318000036], [8.73679878400003, 45.31481308600007], [8.736838688000034, 45.313958110000044], [8.735889070000042, 45.31387620900006], [8.735946057000035, 45.31266257900006], [8.733919661000073, 45.31245497800006], [8.733939854000027, 45.311714393000045], [8.735074102000056, 45.31181502800007], [8.736141456000041, 45.31181749800004], [8.736572478000028, 45.31177272600007], [8.73660148600004, 45.31126101900003]], [[8.739344697000035, 45.31170299900003], [8.740566781000041, 45.311709405000045], [8.740515813000059, 45.31162595600006], [8.740429710000058, 45.31136489200003], [8.739294844000028, 45.31137680000006], [8.739344697000035, 45.31170299900003]]]}, "properties": {"OBJECTID": 115, "GisId": "{5B70AF8B-3319-4E26-ABDF-B8D26876A3FB}", "GisDescription": "CILAVEGNA NORD  - VIA MARX", "GisCode": "DCL01", "Shape_Length": 0.10169708954151113, "Shape_Area": 8.518900654373055e-05, "codice_distretto": "DCL01"}}, {"type": "Feature", "id": 116, "geometry": {"type": "Polygon", "coordinates": [[[9.038331636000066, 44.925384767000025], [9.038324944000067, 44.925374685000065], [9.038705847000074, 44.92475446800006], [9.038654559000065, 44.92457410900005], [9.038587891000077, 44.924447988000054], [9.038549060000037, 44.924463769000056], [9.038521369000023, 44.92454261800003], [9.038477108000052, 44.92473579000006], [9.038316358000031, 44.924980246000075], [9.038088956000024, 44.92512617500006], [9.037900308000076, 44.925142004000065], [9.037611628000036, 44.924921350000034], [9.037567072000058, 44.924665137000034], [9.037600119000047, 44.92429063900005], [9.037605449000068, 44.92395557000003], [9.03778834800005, 44.923640153000065], [9.038043491000053, 44.92349815700004], [9.03864268500007, 44.92341517400007], [9.039097770000069, 44.92356087200005], [9.039197816000069, 44.92381312400005], [9.038903951000066, 44.92412858200004], [9.038904124000055, 44.92438481000005], [9.039053973000023, 44.92443600400003], [9.039065065000045, 44.92442811600006], [9.039103866000062, 44.92436897400006], [9.039309122000077, 44.92430188900005], [9.039414531000034, 44.92427820100005], [9.039603086000056, 44.92413228400005], [9.039797314000054, 44.92416769300007], [9.040357749000066, 44.92419509100006], [9.040566055000056, 44.92452220000007], [9.04145937900006, 44.92449822800006], [9.041990725000062, 44.924576873000035], [9.042678758000022, 44.924567471000046], [9.042870054000048, 44.92438705500007], [9.042811593000067, 44.92411803700003], [9.043265118000022, 44.924012696000034], [9.043387334000045, 44.92420580600003], [9.043642463000026, 44.92405985600004], [9.043725546000076, 44.92386666800007], [9.043836271000032, 44.92353944200005], [9.044052446000023, 44.92325159500007], [9.04390819200006, 44.923263477000035], [9.043708490000029, 44.923326624000026], [9.043292338000072, 44.92331495700006], [9.043003631000033, 44.92307460600006], [9.043008877000034, 44.92266858100004], [9.043308252000031, 44.92234128500007], [9.04373557200006, 44.92245543900003], [9.043991006000056, 44.92271945300007], [9.044640324000056, 44.92290053200003], [9.045278392000057, 44.922880571000064], [9.045949700000051, 44.922797521000064], [9.046071589000064, 44.92257278000005], [9.046265370000071, 44.922052361000055], [9.04641473700002, 44.92150436700007], [9.046491937000042, 44.92091304100006], [9.046641315000045, 44.92038475500004], [9.046945866000044, 44.91963959800006], [9.047688674000028, 44.91884695400006], [9.04829875400003, 44.91858652700006], [9.048859142000026, 44.91861782500007], [9.049824732000047, 44.918865752000045], [9.051073502000065, 44.91935400500006], [9.051248341000075, 44.919434737000074], [9.051684055000067, 44.91963361000006], [9.051992108000036, 44.91977341000006], [9.052710795000053, 44.91997806400008], [9.053018924000071, 44.920196700000076], [9.053410324000026, 44.920462601000054], [9.053904197000065, 44.92053923700007], [9.05474479000003, 44.920562489000076], [9.055260453000074, 44.92021731900007], [9.05570947800004, 44.91981600500003], [9.057118423000077, 44.91950192200005], [9.058288653000034, 44.91940521400005], [9.05889839100007, 44.91972124400007], [9.058991817000049, 44.919779033000054], [9.059228076000068, 44.91970734100005], [9.059249171000033, 44.919707162000066], [9.059263645000044, 44.91970119100006], [9.059262751000063, 44.91971773100005], [9.058955441000023, 44.919812497000066], [9.05820761700005, 44.919509471000026], [9.057254701000033, 44.919560819000026], [9.05589029600003, 44.920034531000056], [9.056145668000056, 44.92018945700005], [9.056301241000028, 44.92041538700005], [9.056038690000037, 44.92048647200005], [9.05582772200006, 44.920349919000046], [9.055642927000065, 44.92050506100003], [9.055532149000044, 44.92069958500008], [9.055428691000031, 44.92081526700008], [9.055144006000035, 44.92095205900006], [9.05441169900007, 44.92103387800006], [9.053706527000031, 44.92110169100005], [9.053083639000022, 44.92087156800005], [9.052521127000034, 44.92056435500007], [9.05212885700007, 44.92035692400003], [9.051570199000025, 44.920212639000056], [9.050571154000068, 44.91981100400005], [9.050230708000072, 44.919635080000035], [9.049897680000072, 44.91948017500005], [9.04962018200007, 44.91938043300007], [9.049302007000051, 44.919288591000054], [9.049054080000076, 44.91916255500007], [9.048750727000026, 44.919102241000076], [9.048458582000023, 44.91917332100007], [9.047985355000037, 44.919436318000066], [9.047519622000038, 44.91982019900007], [9.047216568000067, 44.92012779800007], [9.04712974000006, 44.920242151000025], [9.047094727000058, 44.920397216000026], [9.047037709000051, 44.92078223900006], [9.047048931000063, 44.92093597100006], [9.047034459000031, 44.92133280200005], [9.047067862000063, 44.92147207200003], [9.047090174000061, 44.92161660100004], [9.047005281000054, 44.921840014000054], [9.046643269000072, 44.92244197000008], [9.046617729000047, 44.922878225000034], [9.04656605300005, 44.923014901000045], [9.046440349000022, 44.92309379100004], [9.046244376000061, 44.92318847800004], [9.045966925000073, 44.923162310000066], [9.04574870700003, 44.92319393400004], [9.04553050100003, 44.92324132500005], [9.045138424000072, 44.92327301600005], [9.044713040000033, 44.92328106700006], [9.044365451000033, 44.92344150900004], [9.044317388000024, 44.92347306400006], [9.044221242000049, 44.92351252100008], [9.044136250000065, 44.92362555700004], [9.044128990000047, 44.92380689000004], [9.04405143100007, 44.923964599000044], [9.043973849000054, 44.924096028000065], [9.043789034000042, 44.92428005700003], [9.043363724000073, 44.92439847800006], [9.04303832200003, 44.924561536000056], [9.042764667000029, 44.924672014000066], [9.042391106000025, 44.924743109000076], [9.041599440000027, 44.924677700000075], [9.040804124000033, 44.92467798700005], [9.04065619100004, 44.92472534400008], [9.041103794000037, 44.92473306800008], [9.041307258000074, 44.924748762000036], [9.041318448000027, 44.92487752900007], [9.041266238000048, 44.92501589700004], [9.041033752000033, 44.925000674000046], [9.040893767000057, 44.92491742900006], [9.040926413000022, 44.92498541700007], [9.040875164000056, 44.92517420900003], [9.040702465000038, 44.92518313900007], [9.040615763000062, 44.92509853100006], [9.040400972000043, 44.92475697000003], [9.040301094000029, 44.92475700500006], [9.04016807100004, 44.92496729000004], [9.039853694000044, 44.92504361200008], [9.039280202000043, 44.92486510800006], [9.038936238000076, 44.924951950000036], [9.038536469000064, 44.92525660200005], [9.038480178000043, 44.92543696600006], [9.038408057000026, 44.925457685000026], [9.038342588000035, 44.92539816800007], [9.038320987000077, 44.925423058000035], [9.038308732000075, 44.92542010600005], [9.038294625000049, 44.92541477300006], [9.038331636000066, 44.925384767000025]]]}, "properties": {"OBJECTID": 116, "GisId": "{C91E3407-A556-4AEE-BB45-8D68C57CA2ED}", "GisDescription": "NAZZANO - BUSCOFA", "GisCode": "DRT07", "Shape_Length": 0.0631287252560321, "Shape_Area": 1.3830617205753465e-05, "codice_distretto": "DRT07"}}, {"type": "Feature", "id": 117, "geometry": {"type": "Polygon", "coordinates": [[[9.302415949000022, 45.16080777600007], [9.302917385000057, 45.16073669600007], [9.302822959000025, 45.160291276000066], [9.302698915000065, 45.15969381100007], [9.305553822000036, 45.159354707000034], [9.305520425000054, 45.159262529000046], [9.305350582000074, 45.15868052900004], [9.30531241500006, 45.15850895600005], [9.305223675000036, 45.15804469500006], [9.305517563000024, 45.15796462700007], [9.305637789000059, 45.15795016000004], [9.306072896000046, 45.15790508100008], [9.30603091200004, 45.15739909800004], [9.306894013000033, 45.157252140000026], [9.307417932000021, 45.157198351000034], [9.308919693000064, 45.15704416800003], [9.309010045000036, 45.15712279400003], [9.309183053000027, 45.15708679800008], [9.309268647000067, 45.15706898900004], [9.309681129000069, 45.15717806600003], [9.310910112000045, 45.15718883200003], [9.312375734000057, 45.15702465600003], [9.312368100000072, 45.15684702100003], [9.312620004000053, 45.15676358700006], [9.312702064000064, 45.156645164000054], [9.312751461000062, 45.156621733000065], [9.31329985800005, 45.15644465100007], [9.314028851000046, 45.15639620500008], [9.313765498000066, 45.15440718600007], [9.316605138000057, 45.15337362300005], [9.318853902000058, 45.15422853500007], [9.321205002000056, 45.15513289000006], [9.323540835000074, 45.15664011700005], [9.32650996600006, 45.15913741800006], [9.32656367900006, 45.16370202000007], [9.32610567200004, 45.165854866000075], [9.32494538900005, 45.166608342000075], [9.323021761000064, 45.16751250100003], [9.318575473000067, 45.16967369200006], [9.318644323000058, 45.172756916000026], [9.316524779000076, 45.173766389000036], [9.315394806000029, 45.17289696900008], [9.315017548000071, 45.171671064000066], [9.312943953000058, 45.17044993800005], [9.309739572000069, 45.16925619500006], [9.307174735000046, 45.16796457500004], [9.30525110900004, 45.16518749200003], [9.304060291000042, 45.16329297100003], [9.303049099000077, 45.16178861100008], [9.299808702000064, 45.16232146500005], [9.29650573300006, 45.16274744400005], [9.296338079000066, 45.16171411700003], [9.297610272000043, 45.16023846000007], [9.299640767000028, 45.16078747700004], [9.301946066000028, 45.16093818600007], [9.302185072000043, 45.16096479600003], [9.302415949000022, 45.16080777600007]]]}, "properties": {"OBJECTID": 117, "GisId": "{3A126290-DB9F-4C4D-A922-3596D14163D2}", "GisDescription": "CENTRO", "GisCode": "DBLG03", "Shape_Length": 0.08618592361807229, "Shape_Area": 0.0003001545340755155, "codice_distretto": "DBLG03"}}, {"type": "Feature", "id": 118, "geometry": {"type": "Polygon", "coordinates": [[[9.121749930000021, 45.14895744900008], [9.121724804000053, 45.148963636000076], [9.120888759000024, 45.14901642900003], [9.119635373000051, 45.14854825000003], [9.117857421000053, 45.14757914100005], [9.116301132000046, 45.144683583000074], [9.116367110000056, 45.14460766800005], [9.116735493000022, 45.144183790000056], [9.117212705000043, 45.14412044300008], [9.11747751200005, 45.14390322700007], [9.11800597000007, 45.143858066000064], [9.118572315000051, 45.14343241100005], [9.11833092300003, 45.142733347000046], [9.118834599000024, 45.142648215000065], [9.119065688000035, 45.14239778500007], [9.118952974000024, 45.14218653200004], [9.118335564000063, 45.142183258000045], [9.118070960000068, 45.14229294800003], [9.117783146000022, 45.141772325000034], [9.116719597000042, 45.141149133000056], [9.118649809000033, 45.140653919000044], [9.119210615000043, 45.14051003700007], [9.11898082700003, 45.13965539900005], [9.119054911000035, 45.13930974400006], [9.11936148500007, 45.13887442500004], [9.119594432000042, 45.13832380200006], [9.11961448300002, 45.13827640800008], [9.119812937000063, 45.13828132000003], [9.119894674000022, 45.13818500900004], [9.119911364000075, 45.138165343000026], [9.11989340200006, 45.138158873000066], [9.119810615000063, 45.13812905100008], [9.119745625000064, 45.13712865600007], [9.119817234000038, 45.13713968800005], [9.120149494000032, 45.137190874000055], [9.12137966900002, 45.13724654300006], [9.121590962000028, 45.13687573900006], [9.12176032800005, 45.136578513000075], [9.123775031000037, 45.135602651000056], [9.13101682100006, 45.133231694000074], [9.133994775000076, 45.13380929600004], [9.136148742000046, 45.13517161200008], [9.136371567000026, 45.13663868500004], [9.13496034600007, 45.13805332700008], [9.132806378000055, 45.14083011400004], [9.129241190000073, 45.14324004700006], [9.126195924000058, 45.14428781100003], [9.124413330000039, 45.14654044100007], [9.122092244000044, 45.14829533400007], [9.121749930000021, 45.14895744900008]]]}, "properties": {"OBJECTID": 118, "GisId": "{CB3AFD51-E065-411E-888E-5FC9FDA92047}", "GisDescription": "TORRE_DEI_CANI", "GisCode": "DSMS01", "Shape_Length": 0.0601504780577994, "Shape_Area": 0.00016520900563482823, "codice_distretto": "DSMS01"}}]}