comune,via,civici,civico_da,civico_a,distretto,n_prese,n_discordanti,note
BELGIOIOSO,CASCINA CALDANINO,tutti,,,DBLG02,2,0,da prese Neta
BELGIOIOSO,CASCINA DOSSELLO,tutti,,,DBLG02,1,0,da prese Neta
BELGIOIOSO,CASCINA MONTEALBANO,tutti,,,DBLG02,1,0,da prese Neta
BELGIOIOSO,CASCINA SPARAPINA,tutti,,,DBLG03,59,0,da prese Neta
BELGIOIOSO,FRAZIONE S.GIACOMO,tutti,,,DBLG02,20,0,da prese Neta
BELGIOIOSO,FRAZIONE SANTA MARGHERITA,tutti,,,DBLG02,48,0,da prese Neta
BELGIOIOSO,LARGO PIAZZA,tutti,,,DBLG03,13,0,da prese Neta
BELGIOIOSO,PIAZZA LIBERTA',tutti,,,DBLG03,19,0,da civici ANNCSU
BELGIOIOSO,PIAZZA VITTORIO VENETO,tutti,,,DBLG03,26,0,da civici ANNCSU
BELGIOIOSO,PIAZZALE P.LE SANGUINI,tutti,,,DBLG03,2,0,da civici ANNCSU
BELGIOIOSO,VIA A.CABRAL,tutti,,,DBLG03,82,0,da civici ANNCSU
BELGIOIOSO,VIA A.FANFANI,tutti,,,DBLG03,3,0,da civici ANNCSU
BELGIOIOSO,VIA A.RILOSI,tutti,,,DBLG03,7,0,da civici ANNCSU
BELGIOIOSO,VIA ALBERICO XII,tutti,,,DBLG03,23,0,da civici ANNCSU
BELGIOIOSO,VIA ALCIDE DE GASPERI,tutti,,,DBLG03,42,0,da civici ANNCSU
BELGIOIOSO,VIA ALDO MORO,tutti,,,DBLG03,74,0,da civici ANNCSU
BELGIOIOSO,VIA ANTONIO GRAMSCI,tutti,,,DBLG03,15,0,da civici ANNCSU
BELGIOIOSO,VIA C.F. TRABUCCHI,tutti,,,DBLG03,14,0,da civici ANNCSU
BELGIOIOSO,VIA CANTONE,tutti,,,DBLG03,53,0,da civici ANNCSU
BELGIOIOSO,VIA CESARE PAVESE,tutti,,,DBLG03,8,0,da civici ANNCSU
BELGIOIOSO,VIA CIRO BARBIERI,tutti,,,DBLG03,22,0,da civici ANNCSU
BELGIOIOSO,VIA COLOMBARONE,tutti,,,DBLG03,58,0,da civici ANNCSU
BELGIOIOSO,VIA CRIMINALI,tutti,,,DBLG03,98,0,da civici ANNCSU
BELGIOIOSO,VIA DEI MILLE,tutti,,,DBLG02,3,0,da civici ANNCSU
BELGIOIOSO,VIA DON GIOVANNI MINZONI,tutti,,,DBLG03,3,0,da civici ANNCSU
BELGIOIOSO,VIA DON L. GUANELLA,tutti,,,DBLG03,17,0,da civici ANNCSU
BELGIOIOSO,VIA DON LUIGI STURZO,tutti,,,DBLG03,5,0,da civici ANNCSU
BELGIOIOSO,VIA DON P.GHIA,tutti,,,DBLG03,10,0,da civici ANNCSU
BELGIOIOSO,VIA DOSSO,tutti,,,DBLG02,104,0,da civici ANNCSU
BELGIOIOSO,VIA ENRICO FERMI,tutti,,,DBLG01,6,0,da civici ANNCSU
BELGIOIOSO,VIA F.LLI CAIROLI,tutti,,,DBLG03,108,0,da civici ANNCSU
BELGIOIOSO,VIA F.LLI CERVI,tutti,,,DBLG03,16,0,da civici ANNCSU
BELGIOIOSO,VIA F.LLI ROSSELLI,tutti,,,DBLG03,50,0,da civici ANNCSU
BELGIOIOSO,VIA F.LLI STRAMBIO,tutti,,,DBLG03,181,0,da civici ANNCSU
BELGIOIOSO,VIA F.LLI VIGORELLI,tutti,,,DBLG03,36,0,da civici ANNCSU
BELGIOIOSO,VIA FELICE CAVALLOTTI,dispari,,109,DBLG03,50,0,via divisa tra distretti; da civici ANNCSU
BELGIOIOSO,VIA FELICE CAVALLOTTI,dispari,110,,DBLG02,52,0,via divisa tra distretti; da civici ANNCSU
BELGIOIOSO,VIA FELICE CAVALLOTTI,pari,,60,DBLG03,30,0,via divisa tra distretti; da civici ANNCSU
BELGIOIOSO,VIA FELICE CAVALLOTTI,pari,61,,DBLG02,32,0,via divisa tra distretti; da civici ANNCSU
BELGIOIOSO,VIA G.AMENDOLA,tutti,,,DBLG03,33,0,da civici ANNCSU
BELGIOIOSO,VIA G.VERGA,tutti,,,DBLG03,28,0,da civici ANNCSU
BELGIOIOSO,VIA GHINAGLIA,tutti,,,DBLG03,4,0,da civici ANNCSU
BELGIOIOSO,VIA GIACOMO LEOPARDI,tutti,,,DBLG03,30,0,da civici ANNCSU
BELGIOIOSO,VIA GIACOMO MATTEOTTI,tutti,,,DBLG03,12,0,da civici ANNCSU
BELGIOIOSO,VIA GIACOMO PUCCINI,tutti,,,DBLG03,76,0,da civici ANNCSU
BELGIOIOSO,VIA GIORDANO BRUNO,tutti,,,DBLG03,3,0,da civici ANNCSU
BELGIOIOSO,VIA GIOVANNI FALCONE,tutti,,,DBLG03,43,0,da civici ANNCSU
BELGIOIOSO,VIA GIOVANNI PASCOLI,tutti,,,DBLG03,27,0,da civici ANNCSU
BELGIOIOSO,VIA GIULIO NATTA,tutti,,,DBLG01,38,0,da civici ANNCSU
BELGIOIOSO,VIA GIUSEPPE GARIBALDI,tutti,,,DBLG03,107,0,da civici ANNCSU
BELGIOIOSO,VIA GIUSEPPE MAZZINI,tutti,,,DBLG03,72,0,da civici ANNCSU
BELGIOIOSO,VIA GIUSEPPE PARINI,tutti,,,DBLG03,40,0,da civici ANNCSU
BELGIOIOSO,VIA GIUSEPPE VERDI,tutti,,,DBLG03,12,0,da civici ANNCSU
BELGIOIOSO,VIA GUGLIELMO MARCONI,tutti,,,DBLG03,33,0,da civici ANNCSU
BELGIOIOSO,VIA I MAGGIO,tutti,,,DBLG03,56,0,da civici ANNCSU
BELGIOIOSO,VIA IV NOVEMBRE,tutti,,,DBLG03,19,0,da civici ANNCSU
BELGIOIOSO,VIA JEAN MONNET,tutti,,,DBLG03,3,0,da civici ANNCSU
BELGIOIOSO,VIA LINA MERLIN,tutti,,,DBLG03,27,0,da civici ANNCSU
BELGIOIOSO,VIA MADDALENA DI CANOSSA,tutti,,,DBLG03,51,0,da civici ANNCSU
BELGIOIOSO,VIA MADRE T. DI CALCUTTA,tutti,,,DBLG03,20,0,da civici ANNCSU
BELGIOIOSO,VIA MARZABOTTO,tutti,,,DBLG03,17,0,da civici ANNCSU
BELGIOIOSO,VIA MOLINO,tutti,,,DBLG02,77,0,da civici ANNCSU
BELGIOIOSO,VIA MONTI,tutti,,,DBLG03,8,0,da civici ANNCSU
BELGIOIOSO,VIA NILDE IOTTI,tutti,,,DBLG03,9,0,da civici ANNCSU
BELGIOIOSO,VIA PAOLO BORSELLINO,tutti,,,DBLG03,17,0,da civici ANNCSU
BELGIOIOSO,VIA PAPA GIOVANNI XXIII,tutti,,,DBLG03,43,0,da civici ANNCSU
BELGIOIOSO,VIA PIAVE,tutti,,,DBLG02,34,0,da civici ANNCSU
BELGIOIOSO,VIA PIERO GOBETTI,tutti,,,DBLG03,14,0,da civici ANNCSU
BELGIOIOSO,VIA PIETRO NENNI,tutti,,,DBLG03,34,0,da civici ANNCSU
BELGIOIOSO,VIA ROMA,tutti,,,DBLG03,20,0,da civici ANNCSU
BELGIOIOSO,VIA S MICHELE,tutti,,,DBLG03,30,0,da civici ANNCSU
BELGIOIOSO,VIA SALVADOR ALLENDE,tutti,,,DBLG03,10,0,da civici ANNCSU
BELGIOIOSO,VIA SALVATORE QUASIMODO,tutti,,,DBLG03,25,0,da civici ANNCSU
BELGIOIOSO,VIA SPADOLINI,tutti,,,DBLG03,7,0,da prese Neta
BELGIOIOSO,VIA TERESIO OLIVELLI,tutti,,,DBLG03,28,0,da civici ANNCSU
BELGIOIOSO,VIA TRE MARTIRI,tutti,,,DBLG03,16,0,da civici ANNCSU
BELGIOIOSO,VIA TRENTO,tutti,,,DBLG02,23,0,da civici ANNCSU
BELGIOIOSO,VIA TRIESTE,tutti,,,DBLG02,31,0,da civici ANNCSU
BELGIOIOSO,VIA UGO DOZZIO,tutti,,,DBLG03,16,0,da civici ANNCSU
BELGIOIOSO,VIA UGO FOSCOLO,tutti,,,DBLG03,14,0,da civici ANNCSU
BELGIOIOSO,VIA VITTORIO ALFIERI,tutti,,,DBLG03,41,0,da civici ANNCSU
BELGIOIOSO,VIA VIVALDI,tutti,,,DBLG03,5,0,da civici ANNCSU
BELGIOIOSO,VIA XX SETTEMBRE,tutti,,,DBLG03,141,0,da civici ANNCSU
BELGIOIOSO,VIA XXV APRILE,tutti,,,DBLG03,29,0,da civici ANNCSU
BELGIOIOSO,VIALE CARDUCCI,tutti,,,DBLG03,29,0,da civici ANNCSU
BELGIOIOSO,VIALE DANTE ALIGHIERI,tutti,,63,DBLG03,52,0,via divisa tra distretti; da civici ANNCSU
BELGIOIOSO,VIALE DANTE ALIGHIERI,tutti,64,,DBLG01,5,0,via divisa tra distretti; da civici ANNCSU
BELGIOIOSO,VIALE DONNA ANNA D'ESTE,tutti,,,DBLG03,42,0,da civici ANNCSU
BELGIOIOSO,VIALE ENRICO BERLINGUER,tutti,,,DBLG03,13,0,da civici ANNCSU
BELGIOIOSO,VIALE MANZONI ALESSANDRO,tutti,,,DBLG03,19,0,da civici ANNCSU
BELGIOIOSO,VIALE RIMEMBRANZA,tutti,,,DBLG03,1,0,da prese Neta
BELGIOIOSO,VIALE TOGLIATTI,tutti,,,DBLG03,21,0,da civici ANNCSU
BRONI,C.NA ANTEA,tutti,,,DBRN01,2,0,da prese Neta
BRONI,C.NA COLOMBIROLA,tutti,,,DBRN05,7,0,da prese Neta
BRONI,C.NA DOSSI,tutti,,,DBRN05,8,0,da civici ANNCSU
BRONI,C.NA MONACHE,tutti,,,DBRN04,6,0,da prese Neta
BRONI,C.NA VALLAZZA,tutti,,,DBRN05,6,0,da prese Neta
BRONI,FRAZIONE COLOMBAIA DEI RATTI,tutti,,,DBRN05,10,0,da prese Neta
BRONI,FRAZIONE COLOMBAROLA,tutti,,,DBRN05,1,0,da prese Neta
BRONI,FRAZIONE COLOMBERA,tutti,,,DBRN05,8,0,da prese Neta
BRONI,LARGO PAOLO BAFFI,tutti,,,DBRN02,3,0,da civici ANNCSU
BRONI,LOC.MATTELLOTTA,tutti,,,DSTR05,6,0,da prese Neta
BRONI,LOC.PIROCCO,tutti,,,DBRN04,1,0,da prese Neta
BRONI,LOCALITA' LOC.CAMPO VIOLA,tutti,,,DBRN04,5,0,da civici ANNCSU
BRONI,PIAZZA FERRARA,tutti,,,DBRN02,2,0,da civici ANNCSU
BRONI,PIAZZA GARIBALDI,tutti,,,DBRN01,14,0,da civici ANNCSU
BRONI,PIAZZA ITALIA,tutti,,,DBRN01,5,0,da civici ANNCSU
BRONI,PIAZZA LIBERTA',tutti,,,DBRN01,15,0,da civici ANNCSU
BRONI,PIAZZA MERIGGI,tutti,,,DBRN01,3,0,da civici ANNCSU
BRONI,PIAZZA S.FRANCESCO,tutti,,,DBRN01,22,0,da civici ANNCSU
BRONI,PIAZZA STAZIONE,tutti,,,DBRN01,1,0,da prese Neta
BRONI,PIAZZA VITTORIO VENETO,tutti,,,DBRN01,60,0,da civici ANNCSU
BRONI,QUARTIERE PIAVE,tutti,,,DBRN03,71,0,da civici ANNCSU
BRONI,REGIONE GIOIELLO,tutti,,,DBRN02,106,0,da civici ANNCSU
BRONI,S.S.617 BRONESE,tutti,,,DBRN01,29,0,da prese Neta
BRONI,STR. PER ZAVATTARELLO,tutti,,,DBRN02,74,0,da civici ANNCSU
BRONI,STR.DELLE TESTE,tutti,,,,10,0,"a cavallo, non controllata (DBRN04 8, DSTR10 2); da civici ANNCSU"
BRONI,STR.X COLOMBERA,tutti,,,DBRN02,4,0,da civici ANNCSU
BRONI,STRADA BRONESE,tutti,,,,37,0,"a cavallo, non controllata (DBRN03 20, DBRN04 12, DSTR10 5); da civici ANNCSU"
BRONI,STRADA PAVESE,tutti,,,DBRN01,85,0,da civici ANNCSU
BRONI,STRADA S.CIPRIANO,tutti,,,DBRN03,31,0,da civici ANNCSU
BRONI,VIA A. DA GIUSSANO,tutti,,,DBRN02,100,0,da prese Neta
BRONI,VIA ALCIDE DE GASPERI,tutti,,,DBRN02,33,0,da civici ANNCSU
BRONI,VIA ALESSANDRO VOLTA,tutti,,,DBRN01,21,0,da civici ANNCSU
BRONI,VIA ANTONIO VIVALDI,tutti,,,DBRN02,22,0,da civici ANNCSU
BRONI,VIA ARNABOLDI,tutti,,,DBRN01,20,0,da civici ANNCSU
BRONI,VIA AURORA,tutti,,,DBRN01,13,0,da prese Neta
BRONI,VIA BORIOLO,tutti,,,DBRN02,36,0,da civici ANNCSU
BRONI,VIA BRUNO ESEGUITI,tutti,,,DBRN02,143,0,da prese Neta
BRONI,VIA BUCCELLATI,tutti,,,DBRN01,25,0,da civici ANNCSU
BRONI,VIA CA' DE ROSE,tutti,,,DBRN02,60,0,da civici ANNCSU
BRONI,VIA CAIROLI,tutti,,,DBRN01,77,0,da civici ANNCSU
BRONI,VIA CAMILLO BENSO CAVOUR,tutti,,,DBRN01,49,0,da civici ANNCSU
BRONI,VIA CARLO CATTANEO,tutti,,,DBRN01,36,0,da civici ANNCSU
BRONI,VIA CASALAGNELLO,tutti,,,DBRN05,45,0,da civici ANNCSU
BRONI,VIA CELLA RIVARA,tutti,,,DBRN01,15,0,da civici ANNCSU
BRONI,VIA CIRCONVALLAZIONE,tutti,,,DBRN01,97,0,da civici ANNCSU
BRONI,VIA DANTE ALIGHIERI,tutti,,23,DBRN01,21,0,via divisa tra distretti; da civici ANNCSU
BRONI,VIA DANTE ALIGHIERI,tutti,24,,DBRN02,82,0,via divisa tra distretti; da civici ANNCSU
BRONI,VIA DE MEDICI,tutti,,,DBRN01,13,0,da civici ANNCSU
BRONI,VIA DEI MILLE,tutti,,,DBRN01,88,0,da civici ANNCSU
BRONI,VIA DELLO SPORT,tutti,,,DBRN02,22,0,da civici ANNCSU
BRONI,VIA EMANUELLI,tutti,,,DBRN01,28,0,da civici ANNCSU
BRONI,VIA EMILIA,tutti,,,DBRN01,390,1,da civici ANNCSU
BRONI,VIA ENZO TOGNI,tutti,,,DBRN01,144,0,da prese Neta
BRONI,VIA FERRARIS,tutti,,,DBRN01,12,0,da civici ANNCSU
BRONI,VIA FERRINI,tutti,,,DBRN01,76,0,da civici ANNCSU
BRONI,VIA FOPASSA,tutti,,,DBRN01,24,0,da civici ANNCSU
BRONI,VIA GALILEO GALILEI,tutti,,,DBRN02,22,0,da prese Neta
BRONI,VIA GARRINA,tutti,,,DBRN01,30,0,da civici ANNCSU
BRONI,VIA GAZZANIGA,tutti,,,DBRN01,5,0,da civici ANNCSU
BRONI,VIA GIACOMO MATTEOTTI,tutti,,,DBRN01,18,0,da civici ANNCSU
BRONI,VIA GIACOMO PUCCINI,tutti,,,DBRN02,16,0,da civici ANNCSU
BRONI,VIA GIORDANO BRUNO,tutti,,,DBRN01,36,0,da civici ANNCSU
BRONI,VIA GIOSUE' CARDUCCI,tutti,,,DBRN02,1,0,da prese Neta
BRONI,VIA GIUSEPPE PARINI,tutti,,,DBRN01,53,0,da civici ANNCSU
BRONI,VIA GOFFREDO MAMELI,tutti,,,DBRN01,30,0,da civici ANNCSU
BRONI,VIA IX GIUGNO,tutti,,,DBRN01,4,0,da prese Neta
BRONI,VIA LEONARDO DA VINCI,tutti,,,DBRN01,72,0,da civici ANNCSU
BRONI,VIA LOMBARDIA,tutti,,,DBRN02,9,0,da civici ANNCSU
BRONI,VIA MARCONI,dispari,,,DBRN02,9,0,via divisa tra distretti; da prese Neta
BRONI,VIA MARCONI,pari,,,DBRN01,1,0,via divisa tra distretti; da prese Neta
BRONI,VIA MARTIRI DELLE FOIBE,tutti,,,DSTR05,15,0,da civici ANNCSU
BRONI,VIA MAZZINI,tutti,,,DBRN01,117,0,da civici ANNCSU
BRONI,VIA MONS.A.DE TOMMASI,tutti,,,DBRN02,25,0,da civici ANNCSU
BRONI,VIA MONS.BECCARIA,tutti,,,DBRN02,11,0,da civici ANNCSU
BRONI,VIA MONTEBELLO,tutti,,,DBRN01,59,0,da civici ANNCSU
BRONI,VIA MONTEGRAPPA,tutti,,,DBRN02,83,0,da civici ANNCSU
BRONI,VIA PADANIA,tutti,,,DBRN02,21,0,da civici ANNCSU
BRONI,VIA PESCHIERA,tutti,,,DBRN01,4,0,da civici ANNCSU
BRONI,VIA PIEMONTE,tutti,,,DBRN02,20,0,da civici ANNCSU
BRONI,VIA PIETRO SAGLIO,tutti,,,DBRN01,41,0,da civici ANNCSU
BRONI,VIA PISACANE,tutti,,,DBRN01,16,0,da civici ANNCSU
BRONI,VIA PO,tutti,,,DBRN03,15,0,da civici ANNCSU
BRONI,VIA PRIV.AURORA,tutti,,,DBRN01,15,0,da prese Neta
BRONI,VIA PRIV.GIORGI,tutti,,,DBRN02,30,0,da civici ANNCSU
BRONI,VIA PRIV.MARCONI,tutti,,,DBRN02,7,0,da prese Neta
BRONI,VIA PRIV.PENICE,tutti,,,DBRN02,13,0,da civici ANNCSU
BRONI,VIA PRIV.PRIMAVERA,tutti,,,DBRN02,15,0,da civici ANNCSU
BRONI,VIA PRIV.ROMA,tutti,,,DBRN02,3,0,da prese Neta
BRONI,VIA PRIV.SCUROPASSO,tutti,,,DBRN02,20,0,da civici ANNCSU
BRONI,VIA PRIV.TOGNI,tutti,,,DBRN01,32,0,da prese Neta
BRONI,VIA PRIV.ZAVATTARELLO,tutti,,,DBRN02,1,0,da prese Neta
BRONI,VIA PRIVATA ALBERTO DA GIUSSANO,tutti,,,DBRN02,7,0,da prese Neta
BRONI,VIA PRIVATA ESEGUITI,tutti,,,DBRN02,8,0,da prese Neta
BRONI,VIA QUIRICIANA,tutti,,,DBRN01,20,0,da civici ANNCSU
BRONI,VIA R.CANDIANI,tutti,,,DBRN01,23,0,da civici ANNCSU
BRONI,VIA RECOARO,tutti,,,DBRN01,47,0,da civici ANNCSU
BRONI,VIA REPUBBLICA,tutti,,,DBRN01,23,0,da civici ANNCSU
BRONI,VIA RICCADONNA,tutti,,,DBRN01,3,0,da civici ANNCSU
BRONI,VIA ROMA,tutti,,,DBRN01,38,0,da prese Neta
BRONI,VIA ROMERA VECCHIA,tutti,,,DBRN01,29,0,da civici ANNCSU
BRONI,VIA ROSA NERA,tutti,,,DBRN01,36,0,da prese Neta
BRONI,VIA S.CONTARDO,tutti,,,DBRN01,53,0,da civici ANNCSU
BRONI,VIA S.SALUTO,tutti,,,DBRN02,80,0,da civici ANNCSU
BRONI,VIA SOLFERINO,tutti,,,DBRN01,16,0,da civici ANNCSU
BRONI,VIA SPIANOLINO,tutti,,,DBRN01,7,0,da civici ANNCSU
BRONI,VIA UGO FOSCOLO,tutti,,,DBRN02,15,0,da civici ANNCSU
BRONI,VIA VALLESCUROPASSO,tutti,,,DBRN02,81,0,da civici ANNCSU
BRONI,VIA VERDI,tutti,,,DBRN02,36,0,da civici ANNCSU
BRONI,VIA VIORATE,tutti,,,DBRN02,4,0,da civici ANNCSU
BRONI,VIALE GRAMSCI,tutti,,,DBRN02,66,0,da civici ANNCSU
CASORATE PRIMO,CASCINA DORIA,tutti,,,DCSP03,6,0,da prese Neta
CASORATE PRIMO,CORSO EUROPA UNITA,tutti,,,DCSP03,11,0,da prese Neta
CASORATE PRIMO,LOCALITA FORNACE,tutti,,,DCSP02,1,0,da prese Neta
CASORATE PRIMO,LOCALITA' PONTE,tutti,,,DCSP01,1,0,da prese Neta
CASORATE PRIMO,PIAZZA CONTARDI,tutti,,,,35,0,"a cavallo, non controllata (DCSP03 33, DCSP01 2); da prese Neta"
CASORATE PRIMO,PIAZZA FRACCARO,tutti,,,DCSP02,1,0,da prese Neta
CASORATE PRIMO,PIAZZA MIRA,tutti,,,DCSP01,14,0,da prese Neta
CASORATE PRIMO,STRADA PROVINCIALE 11,tutti,,,DCSP03,1,0,da prese Neta
CASORATE PRIMO,STRADA PROVINCIALE 190,tutti,,,DCSP02,2,0,da prese Neta
CASORATE PRIMO,VIA A. NEGRI,tutti,,,DCSP01,22,0,da prese Neta
CASORATE PRIMO,VIA ACHILLE GRANDI,tutti,,,DCSP02,28,0,da prese Neta
CASORATE PRIMO,VIA ALCIDE DE GASPERI,tutti,,,DCSP02,16,0,da prese Neta
CASORATE PRIMO,VIA ALDO MORO,tutti,,,DCSP01,13,0,da prese Neta
CASORATE PRIMO,VIA ALESSANDRO VOLTA,tutti,,,DCSP01,3,0,da prese Neta
CASORATE PRIMO,VIA ANGELO VAI,tutti,,,DCSP01,30,0,da prese Neta
CASORATE PRIMO,VIA ANSELMO DALL'ORTO,tutti,,,DCSP03,98,0,da prese Neta
CASORATE PRIMO,VIA ANTONIO GRAMSCI,tutti,,,DCSP01,33,0,da prese Neta
CASORATE PRIMO,VIA ANTONIO MEUCCI,tutti,,,DCSP01,9,0,da prese Neta
CASORATE PRIMO,VIA BASSO,tutti,,,DCSP03,6,1,da prese Neta
CASORATE PRIMO,VIA BESATE,tutti,,,DCSP01,64,0,da prese Neta
CASORATE PRIMO,VIA BESATE,tutti,7,7,DCSP02,5,0,"eccezione: 5 prese al civico 7, da verificare; da prese Neta"
CASORATE PRIMO,VIA BIANCHI VIRGINIO,tutti,,,DCSP03,16,0,da prese Neta
CASORATE PRIMO,VIA BONIZZONI,tutti,,,DCSP03,34,0,da prese Neta
CASORATE PRIMO,VIA BORSELLINO,tutti,,,DCSP03,21,0,da prese Neta
CASORATE PRIMO,VIA BREMI G.,tutti,,,DCSP01,9,0,da prese Neta
CASORATE PRIMO,VIA C.VITTORIO VENETO,tutti,,,DCSP03,15,0,da prese Neta
CASORATE PRIMO,VIA CAPO DI VICO,tutti,,,DCSP02,33,0,da prese Neta
CASORATE PRIMO,VIA CESARE BATTISTI,tutti,,,DCSP02,65,0,da prese Neta
CASORATE PRIMO,VIA CHINAGLIA,tutti,,,DCSP02,7,0,da prese Neta
CASORATE PRIMO,VIA CIRCONVALLAZIONE,tutti,,,DCSP02,12,0,da prese Neta
CASORATE PRIMO,VIA DE AMICI,tutti,,,DCSP01,26,0,da prese Neta
CASORATE PRIMO,VIA DEGLI OLMI,tutti,,,DCSP03,3,0,da prese Neta
CASORATE PRIMO,VIA DEI CEDRI,tutti,,,DCSP03,16,0,da prese Neta
CASORATE PRIMO,VIA DEI GELSI,tutti,,,DCSP03,11,0,da prese Neta
CASORATE PRIMO,VIA DEI LARICI,tutti,,,DCSP03,8,0,da prese Neta
CASORATE PRIMO,VIA DEI PINI,tutti,,,DCSP03,20,0,da prese Neta
CASORATE PRIMO,VIA DEI SALICI,tutti,,,DCSP03,9,0,da prese Neta
CASORATE PRIMO,VIA DELFINONI,tutti,,,DCSP01,64,0,da prese Neta
CASORATE PRIMO,VIA DELL'ARTIGIANATO,tutti,,,DCSP02,1,0,da prese Neta
CASORATE PRIMO,VIA DELL'INDUSTRIA,tutti,,,DCSP02,17,0,da prese Neta
CASORATE PRIMO,VIA DELLE BETULLE,tutti,,,DCSP03,21,0,da prese Neta
CASORATE PRIMO,VIA DELLE QUERCE,tutti,,,DCSP03,27,0,da prese Neta
CASORATE PRIMO,VIA DI BELLA GIOVANNI,tutti,,,DCSP03,17,0,da prese Neta
CASORATE PRIMO,VIA DISABELLA,tutti,,,DCSP01,5,0,da prese Neta
CASORATE PRIMO,VIA DON AMBROGIO COLZANI,tutti,,,DCSP01,21,0,da prese Neta
CASORATE PRIMO,VIA DON GIOVANNI MINZONI,tutti,,,DCSP02,38,0,da prese Neta
CASORATE PRIMO,VIA DON LORENZO MILANI,tutti,,,DCSP01,16,0,da prese Neta
CASORATE PRIMO,VIA DON LUIGI STURZO,tutti,,,DCSP02,9,0,da prese Neta
CASORATE PRIMO,VIA DON MAESTRI,tutti,,,DCSP01,3,0,da prese Neta
CASORATE PRIMO,VIA DON POMPEO MAGNONI,tutti,,,DCSP01,16,0,da prese Neta
CASORATE PRIMO,VIA DUE GIUGNO,tutti,,,DCSP01,66,0,da prese Neta
CASORATE PRIMO,VIA ENRICO BERLINGUER,tutti,,,DCSP01,22,0,da prese Neta
CASORATE PRIMO,VIA ENRICO DE NICOLA,tutti,,,DCSP02,3,0,da prese Neta
CASORATE PRIMO,VIA ENRICO FERMI,tutti,,,DCSP01,2,0,da prese Neta
CASORATE PRIMO,VIA F.LLI CERVI,tutti,,,DCSP02,24,0,da prese Neta
CASORATE PRIMO,VIA FILIPPO TURATI,tutti,,,DCSP02,19,0,da prese Neta
CASORATE PRIMO,VIA FRATELLI DI DIO,tutti,,,DCSP02,13,0,da prese Neta
CASORATE PRIMO,VIA FRATELLI KENNEDY,tutti,,,DCSP03,23,0,da prese Neta
CASORATE PRIMO,VIA GALILEO GALILEI,tutti,,,DCSP01,13,0,da prese Neta
CASORATE PRIMO,VIA GIACOMO MATTEOTTI,tutti,,,DCSP01,4,0,da prese Neta
CASORATE PRIMO,VIA GIORDANO BRUNO,tutti,,,DCSP03,27,0,da prese Neta
CASORATE PRIMO,VIA GIOVANNI FALCONE,tutti,,,DCSP03,2,0,da prese Neta
CASORATE PRIMO,VIA GIUSEPPE DI VITTORIO,tutti,,,DCSP01,34,0,da prese Neta
CASORATE PRIMO,VIA GIUSEPPE GARIBALDI,tutti,,52,DCSP03,52,0,via divisa tra distretti; da prese Neta
CASORATE PRIMO,VIA GIUSEPPE GARIBALDI,tutti,53,,DCSP02,21,0,via divisa tra distretti; da prese Neta
CASORATE PRIMO,VIA GIUSEPPE MAZZINI,tutti,,,DCSP01,4,0,da prese Neta
CASORATE PRIMO,VIA GIUSEPPE VERDI,tutti,,,DCSP01,16,0,da prese Neta
CASORATE PRIMO,VIA GRAMEGNA,tutti,,,DCSP01,4,0,da prese Neta
CASORATE PRIMO,VIA GUGLIELMO MARCONI,tutti,,,,34,0,"a cavallo, non controllata (DCSP03 18, DCSP01 16); da prese Neta"
CASORATE PRIMO,VIA I MAGGIO,tutti,,,DCSP01,19,0,da prese Neta
CASORATE PRIMO,VIA LARGO AVIS,tutti,,,DCSP03,1,0,da prese Neta
CASORATE PRIMO,VIA LEONARDO DA VINCI,tutti,,,DCSP02,18,0,da prese Neta
CASORATE PRIMO,VIA LUIGI GALVANI,tutti,,,DCSP01,20,0,da prese Neta
CASORATE PRIMO,VIA LUXEMBURG,tutti,,,DCSP02,20,0,da prese Neta
CASORATE PRIMO,VIA MAGNAGHI,tutti,,,DCSP01,39,0,da prese Neta
CASORATE PRIMO,VIA MARCO BIAGI,tutti,,,DCSP02,2,0,da civici ANNCSU
CASORATE PRIMO,VIA MATTEI,tutti,,,DCSP01,7,0,da prese Neta
CASORATE PRIMO,VIA MICHELANGELO BUONARROTI,tutti,,,DCSP02,28,0,da prese Neta
CASORATE PRIMO,VIA MILITE IGNOTO,tutti,,,DCSP01,2,0,da prese Neta
CASORATE PRIMO,VIA MIRA,tutti,,,DCSP03,108,0,da prese Neta
CASORATE PRIMO,VIA MONTE ADAMELLO,tutti,,,DCSP03,13,0,da prese Neta
CASORATE PRIMO,VIA MONTE ASOLONE,tutti,,,DCSP03,14,0,da prese Neta
CASORATE PRIMO,VIA MONTE BIANCO,tutti,,,DCSP03,5,0,da prese Neta
CASORATE PRIMO,VIA MONTE GRAPPA,tutti,,,DCSP03,28,0,da prese Neta
CASORATE PRIMO,VIA MONTE PASUBIO,tutti,,,DCSP03,16,0,da prese Neta
CASORATE PRIMO,VIA MONTE ROSA,tutti,,,DCSP03,25,0,da prese Neta
CASORATE PRIMO,VIA MOTTA VISCONTI,tutti,,,DCSP02,64,0,da prese Neta
CASORATE PRIMO,VIA PALAZZO,tutti,,,DCSP03,25,0,da prese Neta
CASORATE PRIMO,VIA PAPA GIOVANNI XXIII,tutti,,,DCSP02,1,0,da prese Neta
CASORATE PRIMO,VIA PAVIA,tutti,,,DCSP03,8,0,da prese Neta
CASORATE PRIMO,VIA PICCALUGA F.,tutti,,,DCSP03,15,0,da prese Neta
CASORATE PRIMO,VIA PIONNIO,tutti,,,DCSP01,42,0,da prese Neta
CASORATE PRIMO,VIA POZZETTI,tutti,,,DCSP01,37,0,da prese Neta
CASORATE PRIMO,VIA RAFFAELLO SANZIO,tutti,,,DCSP02,3,0,da prese Neta
CASORATE PRIMO,VIA RHO,tutti,,,DCSP03,12,0,da prese Neta
CASORATE PRIMO,VIA SAN PROTASO,tutti,,,DCSP01,77,0,da prese Neta
CASORATE PRIMO,VIA SAN SIRO,tutti,,,DCSP01,1,0,da prese Neta
CASORATE PRIMO,VIA SANDRO PERTINI,tutti,,,DCSP01,119,0,da prese Neta
CASORATE PRIMO,VIA SANTAGOSTINO,dispari,,91,DCSP01,11,0,via divisa tra distretti; da prese Neta
CASORATE PRIMO,VIA SANTAGOSTINO,dispari,92,,DCSP03,16,0,via divisa tra distretti; da prese Neta
CASORATE PRIMO,VIA SANTAGOSTINO,pari,,,DCSP03,43,1,via divisa tra distretti; da prese Neta
CASORATE PRIMO,VIA SANTAGOSTINO,tutti,91,91,DCSP03,4,0,"eccezione: 4 prese al civico 91, da verificare; da prese Neta"
CASORATE PRIMO,VIA SANTINI,tutti,,,DCSP03,15,0,da prese Neta
CASORATE PRIMO,VIA TIZIANO,tutti,,,DCSP02,35,0,da prese Neta
CASORATE PRIMO,VIA TOSI,tutti,,,DCSP03,139,0,da prese Neta
CASORATE PRIMO,VIA VITTORIO EMANUELE II,tutti,,,DCSP01,93,0,da prese Neta
CASORATE PRIMO,VIA XXV APRILE,tutti,,,DCSP01,98,0,da prese Neta
CASORATE PRIMO,VICOLO CENTRALE,tutti,,,DCSP03,21,0,da prese Neta
CASORATE PRIMO,VICOLO COMUNE,tutti,,,DCSP03,8,0,da prese Neta
CASORATE PRIMO,VICOLO TERMANINI,tutti,,,DCSP01,7,1,da prese Neta
CASSOLNOVO,CNA MAGATTA,tutti,,,DCS02,3,0,da prese Neta
CASSOLNOVO,PIAZZA CAMPARI,tutti,,,DCS02,1,0,da prese Neta
CASSOLNOVO,PIAZZA CHIESA,tutti,,,DCS02,2,0,da prese Neta
CASSOLNOVO,PIAZZA COSTA DI BEAUREGARD,tutti,,,DCS02,18,0,da prese Neta
CASSOLNOVO,PIAZZA VITTORIO VENETO,tutti,,,DCS02,3,0,da prese Neta
CASSOLNOVO,PIAZZA XXIV MAGGIO,tutti,,,DCS03,67,0,da prese Neta
CASSOLNOVO,VIA ALESSANDRO MANZONI,tutti,,,DCS02,5,0,da prese Neta
CASSOLNOVO,VIA BAIJ DON RINO,tutti,,,DCS02,7,0,da prese Neta
CASSOLNOVO,VIA BALDACCHINI,tutti,,,,49,0,"a cavallo, non controllata (DCS02 30, DCS03 19); da prese Neta"
CASSOLNOVO,VIA BARBAVARA,tutti,,,DCS04,12,0,da prese Neta
CASSOLNOVO,VIA BERETTA ZULEIKA,tutti,,,DCS02,61,0,da prese Neta
CASSOLNOVO,VIA BONA FERDINANDO,tutti,,,DCS02,21,0,da prese Neta
CASSOLNOVO,VIA BUCCELLA - M. DEL CONTE,tutti,,,DCS03,1,0,da prese Neta
CASSOLNOVO,VIA CADUTI DI NASSIRIYA,tutti,,,DCS02,4,0,da prese Neta
CASSOLNOVO,VIA CAMILLO BENSO CAVOUR,tutti,,,DCS02,24,0,da prese Neta
CASSOLNOVO,VIA CARLO ALBERTO,tutti,,,DCS02,231,0,da prese Neta
CASSOLNOVO,VIA CASCINAZZA,tutti,,,DCS03,4,0,da prese Neta
CASSOLNOVO,VIA CASSOLNOVO VILLANOVA,tutti,,,DCS01,3,0,da prese Neta
CASSOLNOVO,VIA CASTELLO VILLANOVA,tutti,,,DCS01,12,0,da prese Neta
CASSOLNOVO,VIA CATTANEO DR.ANTONIO,tutti,,,DCS02,11,0,da prese Neta
CASSOLNOVO,VIA CERNAIA,tutti,,,DCS02,69,0,da prese Neta
CASSOLNOVO,VIA CESARE BATTISTI,tutti,,,DCS02,8,0,da prese Neta
CASSOLNOVO,VIA CIMITERO VECCHIO,tutti,,,DCS02,4,0,da prese Neta
CASSOLNOVO,VIA CIRCONVALLAZIONE,tutti,,,DCS03,14,0,da prese Neta
CASSOLNOVO,VIA DEL PORTO,tutti,,,DCS04,36,0,da prese Neta
CASSOLNOVO,VIA DELFRATE,tutti,,,DCS02,22,0,da prese Neta
CASSOLNOVO,VIA DELLA BUCCELLA,tutti,,,DCS04,6,0,da prese Neta
CASSOLNOVO,VIA DELLA CERCA,tutti,,,DCS02,4,0,da prese Neta
CASSOLNOVO,VIA DELLA CHIESA,tutti,,,DCS04,10,0,da prese Neta
CASSOLNOVO,VIA DELLA COSTA,tutti,,,DCS04,15,0,da prese Neta
CASSOLNOVO,VIA DELLE TURBINE,tutti,,,DCS03,9,0,da prese Neta
CASSOLNOVO,VIA DOTTOR SEMPIO GIUSEPPE,tutti,,,DCS02,7,0,da prese Neta
CASSOLNOVO,VIA ENRICO FERMI,tutti,,,DCS02,4,0,da prese Neta
CASSOLNOVO,VIA ENRICO TOTI,tutti,,,DCS02,11,0,da prese Neta
CASSOLNOVO,VIA FRASCONE VILLANOVA,tutti,,,DCS01,2,0,da prese Neta
CASSOLNOVO,VIA GARIBALDI,tutti,,,DCS02,33,0,da prese Neta
CASSOLNOVO,VIA GENOVA,tutti,,,DCS02,13,0,da prese Neta
CASSOLNOVO,VIA GIACOMO PUCCINI,tutti,,,DCS02,6,0,da prese Neta
CASSOLNOVO,VIA GIOACCHINO ROSSINI,tutti,,,DCS02,4,0,da prese Neta
CASSOLNOVO,VIA GIOVANNI XXIII,tutti,,,DCS02,23,0,da prese Neta
CASSOLNOVO,VIA GORIZIA,tutti,,,DCS03,60,0,da prese Neta
CASSOLNOVO,VIA GUGLIELMO MARCONI,tutti,,,DCS02,21,0,da prese Neta
CASSOLNOVO,VIA GUGLIELMO OBERDAN,tutti,,,DCS02,13,0,da prese Neta
CASSOLNOVO,VIA ISONZO,tutti,,,DCS02,10,0,da prese Neta
CASSOLNOVO,VIA IV NOVEMBRE,tutti,,,DCS02,90,0,da prese Neta
CASSOLNOVO,VIA KENNEDY,tutti,,,DCS02,27,0,da prese Neta
CASSOLNOVO,VIA LAVATELLI,tutti,,,DCS02,54,0,da prese Neta
CASSOLNOVO,VIA MADRE T. DI CALCUTTA,tutti,,,DCS02,1,0,da prese Neta
CASSOLNOVO,VIA MARENCO,tutti,,,DCS02,5,0,da prese Neta
CASSOLNOVO,VIA MARTIN LUTHER KING,tutti,,,DCS02,20,0,da prese Neta
CASSOLNOVO,VIA MAZZINI,tutti,,,DCS02,58,0,da prese Neta
CASSOLNOVO,VIA MILANO,tutti,,,DCS02,12,0,da prese Neta
CASSOLNOVO,VIA MODELLO,tutti,,,DCS02,2,0,da prese Neta
CASSOLNOVO,VIA MONTEBELLO,tutti,,,DCS02,188,0,da prese Neta
CASSOLNOVO,VIA MONTEGRAPPA,tutti,,,DCS02,6,0,da prese Neta
CASSOLNOVO,VIA MONTELLO,tutti,,,DCS02,3,0,da prese Neta
CASSOLNOVO,VIA MONTENERO,tutti,,,DCS02,8,0,da prese Neta
CASSOLNOVO,VIA NAVIGLIETTO-MOLINO DEL C.,tutti,,,DCS03,16,0,da prese Neta
CASSOLNOVO,VIA NOCI,tutti,,,DCS02,37,0,da prese Neta
CASSOLNOVO,VIA NUOVA,tutti,,,DCS04,7,0,da prese Neta
CASSOLNOVO,VIA PALESTRO,tutti,,,DCS02,121,0,da prese Neta
CASSOLNOVO,VIA PASUBIO,tutti,,,DCS02,6,0,da prese Neta
CASSOLNOVO,VIA PAVIA,tutti,,,DCS02,10,0,da prese Neta
CASSOLNOVO,VIA PIAVE,tutti,,,DCS02,11,0,da prese Neta
CASSOLNOVO,VIA PO,tutti,,,DCS02,3,0,da prese Neta
CASSOLNOVO,VIA PRAGHINO,tutti,,,DCS04,21,0,da prese Neta
CASSOLNOVO,VIA ROMA,tutti,,,DCS02,76,1,da prese Neta
CASSOLNOVO,VIA ROMA,tutti,129,129,DCS03,2,0,"eccezione: 2 prese al civico 129, da verificare; da prese Neta"
CASSOLNOVO,VIA SAN BARTOLOMEO,tutti,,,DCS02,52,0,da prese Neta
CASSOLNOVO,VIA SAN GIORGIO,tutti,,,DCS02,111,0,da prese Neta
CASSOLNOVO,VIA SESIA,tutti,,,DCS02,3,0,da prese Neta
CASSOLNOVO,VIA STRADA PER CASSOLNOVO,tutti,,,DCS01,1,0,da prese Neta
CASSOLNOVO,VIA TICINO,tutti,,,DCS02,4,0,da prese Neta
CASSOLNOVO,VIA TORINO,tutti,,,DCS02,10,0,da prese Neta
CASSOLNOVO,VIA TORNURA,tutti,,,DCS02,18,0,da prese Neta
CASSOLNOVO,VIA TRENTO,tutti,,,DCS03,60,0,da prese Neta
CASSOLNOVO,VIA TRIESTE,tutti,,,DCS03,13,0,da prese Neta
CASSOLNOVO,VIA UBEZIO GIANNI DOTTORE,tutti,,,DCS02,13,0,da prese Neta
CASSOLNOVO,VIA UDINE,tutti,,,DCS03,23,0,da prese Neta
CASSOLNOVO,VIA VENEZIA,tutti,,,DCS02,15,0,da prese Neta
CASSOLNOVO,VIA VERDI,tutti,,,DCS02,11,0,da prese Neta
CASSOLNOVO,VIA VINCENZO BELLINI,tutti,,,DCS02,8,0,da prese Neta
CASSOLNOVO,VIALE RIMEMBRANZE,tutti,,,DCS02,41,0,da prese Neta
CASSOLNOVO,VICOLO BALDUZZI,tutti,,,DCS02,5,0,da prese Neta
CASSOLNOVO,VLO ARCONATI,tutti,,,DCS02,2,0,da prese Neta
CASTEGGIO,CIRCONVALLAZIONE CANTU',tutti,,,DCT08,47,0,da civici ANNCSU
CASTEGGIO,LOCALITA CANEGATE,tutti,,,DCT08,1,0,da prese Neta
CASTEGGIO,PIAZZA CAMILLO BENSO CAVOUR,tutti,,,DCT08,52,0,da civici ANNCSU
CASTEGGIO,PIAZZA CASTELLO,tutti,,,DCT08,12,0,da civici ANNCSU
CASTEGGIO,PIAZZA DANTE,tutti,,,DCT08,24,0,da civici ANNCSU
CASTEGGIO,PIAZZA DELLA CHIESA,tutti,,,DCT08,19,0,da civici ANNCSU
CASTEGGIO,PIAZZA MARTIRI LIBERTA',tutti,,,DCT08,30,0,da civici ANNCSU
CASTEGGIO,PIAZZA PIAZZETTA FAMIGLIA VENCO,tutti,,,DCT08,8,0,da civici ANNCSU
CASTEGGIO,PIAZZA VITTORIO VENETO,tutti,,,DCT08,23,0,da civici ANNCSU
CASTEGGIO,PIAZZALE DELLO SPORT,tutti,,,DCT08,16,0,da civici ANNCSU
CASTEGGIO,STRADA AURORA,tutti,,,DCT05,6,0,da civici ANNCSU
CASTEGGIO,STRADA CROTESI,tutti,,,DCT10,27,0,da civici ANNCSU
CASTEGGIO,STRADA FONTANA D'ANNIBALE,tutti,,,DCT08,14,0,da civici ANNCSU
CASTEGGIO,STRADA MADONNA,dispari,,,DCT09,1,0,via divisa tra distretti; da civici ANNCSU
CASTEGGIO,STRADA MADONNA,pari,,,DCT08,3,0,via divisa tra distretti; da civici ANNCSU
CASTEGGIO,STRADA STATALE 35 DEI GIOVI,tutti,,,DCT01,1,0,da prese Neta
CASTEGGIO,STRADA TRE NOCI,tutti,,,DCT05,7,0,da civici ANNCSU
CASTEGGIO,STRADA VALLE,tutti,,,DCT08,3,0,da civici ANNCSU
CASTEGGIO,VIA ALBA CAMOZZI,tutti,,,DCT08,8,0,da civici ANNCSU
CASTEGGIO,VIA ALCIDE DE GASPERI,tutti,,,DCT08,51,0,da civici ANNCSU
CASTEGGIO,VIA ALDO MORO,tutti,,,DCT05,5,0,da civici ANNCSU
CASTEGGIO,VIA ALESSANDRO BENTIVOGLIO,tutti,,,DCT08,1,0,da civici ANNCSU
CASTEGGIO,VIA ALESSANDRO MANZONI,tutti,,121,DCT08,117,0,via divisa tra distretti; da civici ANNCSU
CASTEGGIO,VIA ALESSANDRO MANZONI,tutti,122,,DCT05,29,0,via divisa tra distretti; da civici ANNCSU
CASTEGGIO,VIA ALESSANDRO MARAGLIANO,tutti,,,DCT08,12,0,da civici ANNCSU
CASTEGGIO,VIA ANTONIO GRAMSCI,tutti,,,DCT08,21,0,da civici ANNCSU
CASTEGGIO,VIA ARDITO DESIO,tutti,,,DCT08,5,0,da civici ANNCSU
CASTEGGIO,VIA BUSSOLINO,tutti,,,DCT08,10,0,da civici ANNCSU
CASTEGGIO,VIA CARETTA,tutti,,,DCT01,5,0,da civici ANNCSU
CASTEGGIO,VIA CARLITO SCLAVI,tutti,,,DCT08,19,0,da civici ANNCSU
CASTEGGIO,VIA CASTEL DEL LUPO,tutti,,,DCT13,3,0,da civici ANNCSU
CASTEGGIO,VIA CASTELLO,tutti,,,DCT08,44,0,da civici ANNCSU
CASTEGGIO,VIA CERRETO INFERIORE,tutti,,,DCT08,12,0,da civici ANNCSU
CASTEGGIO,VIA CERRETO SUPERIORE,tutti,,,DCT08,27,0,da civici ANNCSU
CASTEGGIO,VIA CESARE BATTISTI,tutti,,,DCT08,25,0,da civici ANNCSU
CASTEGGIO,VIA CIRENAICA,tutti,,,DCT05,19,0,da civici ANNCSU
CASTEGGIO,VIA CONSOLE FLAMINIO,tutti,,,DCT08,16,0,da civici ANNCSU
CASTEGGIO,VIA CONSOLE MARCELLO,tutti,,,DCT08,32,0,da civici ANNCSU
CASTEGGIO,VIA DEL MOMBRIONE,tutti,,,DCT13,12,0,da civici ANNCSU
CASTEGGIO,VIA DEL RILE,tutti,,,DCT08,26,0,da civici ANNCSU
CASTEGGIO,VIA DELEDDA,tutti,,,DCT08,11,0,da civici ANNCSU
CASTEGGIO,VIA DELLA PACE,tutti,,,DCT01,12,0,da civici ANNCSU
CASTEGGIO,VIA DELLA REPUBBLICA,tutti,,,DCT08,10,0,da civici ANNCSU
CASTEGGIO,VIA DELLA SERRA,tutti,,,DCT13,7,0,da civici ANNCSU
CASTEGGIO,VIA DELLE FOSSE,tutti,,,DCT08,10,0,da civici ANNCSU
CASTEGGIO,VIA DIEGO VALERI,tutti,,,DCT13,11,0,da civici ANNCSU
CASTEGGIO,VIA DON GIOVANNI MINZONI,tutti,,,DCT08,20,0,da civici ANNCSU
CASTEGGIO,VIA DUCA D'AOSTA,tutti,,,DCT08,12,0,da civici ANNCSU
CASTEGGIO,VIA EMILIA,tutti,,,DCT08,161,0,da civici ANNCSU
CASTEGGIO,VIA ENRICO FERMI,tutti,,,DCT08,13,0,da civici ANNCSU
CASTEGGIO,VIA ETTORE TORLASCHI,tutti,,,DCT08,9,0,da civici ANNCSU
CASTEGGIO,VIA EUGENIO MONTALE,tutti,,,DCT08,10,0,da civici ANNCSU
CASTEGGIO,VIA EZIO GELONI,tutti,,,DCT08,21,0,da civici ANNCSU
CASTEGGIO,VIA F.LLI VIGORELLI,tutti,,,DCT08,82,2,da civici ANNCSU
CASTEGGIO,VIA FAMIGLIA CASELLA,tutti,,,DCT08,3,0,da civici ANNCSU
CASTEGGIO,VIA FOGLIARINA,tutti,,,DCT08,1,0,da prese Neta
CASTEGGIO,VIA FRANCO ANSELMI,tutti,,,DCT08,38,0,da civici ANNCSU
CASTEGGIO,VIA GIACOMO BRODOLINI,tutti,,,DCT05,52,0,da civici ANNCSU
CASTEGGIO,VIA GIACOMO MATTEOTTI,tutti,,,DCT08,15,0,da civici ANNCSU
CASTEGGIO,VIA GIACOMO PUCCINI,tutti,,,DCT08,12,0,da civici ANNCSU
CASTEGGIO,VIA GIOACCHINO ROSSINI,tutti,,,DCT01,2,0,da civici ANNCSU
CASTEGGIO,VIA GIOSUE' CARDUCCI,tutti,,,DCT08,19,0,da civici ANNCSU
CASTEGGIO,VIA GIOVANNI DABUSTI,tutti,,,DCT08,66,0,da civici ANNCSU
CASTEGGIO,VIA GIUSEPPE GARIBALDI,tutti,,,DCT08,29,0,da civici ANNCSU
CASTEGGIO,VIA GIUSEPPE MAZZINI,tutti,,,DCT08,11,0,da civici ANNCSU
CASTEGGIO,VIA GIUSEPPE MIGLIORA,tutti,,,DCT08,13,0,da civici ANNCSU
CASTEGGIO,VIA GIUSEPPE VERDI,tutti,,11,DCT08,12,0,via divisa tra distretti; da civici ANNCSU
CASTEGGIO,VIA GIUSEPPE VERDI,tutti,12,,DCT01,11,1,via divisa tra distretti; da civici ANNCSU
CASTEGGIO,VIA GUGLIELMO MARCONI,tutti,,,DCT08,21,0,da civici ANNCSU
CASTEGGIO,VIA GUIDO ROSSA,tutti,,,DCT08,4,0,da civici ANNCSU
CASTEGGIO,VIA INDIPENDENZA,tutti,,,DCT08,13,0,da civici ANNCSU
CASTEGGIO,VIA IV NOVEMBRE,tutti,,,DCT08,16,0,da civici ANNCSU
CASTEGGIO,VIA LORENZO VALERIO,tutti,,,DCT01,9,0,da civici ANNCSU
CASTEGGIO,VIA LUIGI CORALLI,tutti,,,DCT08,22,2,da civici ANNCSU
CASTEGGIO,VIA LUIGI PIRANDELLO,tutti,,,DCT08,18,0,da civici ANNCSU
CASTEGGIO,VIA MARIO BARATTA,tutti,,,DCT08,2,0,da civici ANNCSU
CASTEGGIO,VIA MARIO BATTINI,tutti,,,DCT08,9,0,da civici ANNCSU
CASTEGGIO,VIA MAX BASIL,tutti,,,DCT08,15,0,da civici ANNCSU
CASTEGGIO,VIA MILANO,tutti,,,DCT01,65,0,da civici ANNCSU
CASTEGGIO,VIA MOLETTA,tutti,,,DCT08,10,0,da civici ANNCSU
CASTEGGIO,VIA MOLLIE,tutti,,,DCT13,16,0,da civici ANNCSU
CASTEGGIO,VIA MONFERRINA,tutti,,,,16,0,"a cavallo, non controllata (DCT08 14, DCT05 2); da civici ANNCSU"
CASTEGGIO,VIA MONS. LUIGI TORTA,tutti,,,DCT08,5,0,da civici ANNCSU
CASTEGGIO,VIA MONSIGNOR GHEZZI,tutti,,,DCT08,29,0,da civici ANNCSU
CASTEGGIO,VIA NARBUSTO,tutti,,,DCT08,1,0,da prese Neta
CASTEGGIO,VIA NARBUSTO INFERIORE,tutti,,,DCT08,4,0,da civici ANNCSU
CASTEGGIO,VIA PAPA GIOVANNI XXIII,tutti,,,DCT08,7,0,da prese Neta
CASTEGGIO,VIA PAVIA,tutti,,,DCT01,12,0,da civici ANNCSU
CASTEGGIO,VIA PISANI,tutti,,,DCT08,4,0,da civici ANNCSU
CASTEGGIO,VIA PONTE ROMANO,tutti,,,DCT08,26,0,da civici ANNCSU
CASTEGGIO,VIA PORRO,tutti,,,DCT08,14,0,da civici ANNCSU
CASTEGGIO,VIA POZZO BIANCO,tutti,,,DCT08,17,0,da civici ANNCSU
CASTEGGIO,VIA RIAZZOLO,tutti,,,DCT08,4,0,da civici ANNCSU
CASTEGGIO,VIA RISORGIMENTO,tutti,,,DCT08,44,0,da civici ANNCSU
CASTEGGIO,VIA RIVETTA,tutti,,,DCT13,5,0,da civici ANNCSU
CASTEGGIO,VIA ROMA,tutti,,,DCT08,61,0,da civici ANNCSU
CASTEGGIO,VIA S. ANNA,tutti,,,DCT13,6,0,da prese Neta
CASTEGGIO,VIA SALVO D'ACQUISTO,tutti,,,DCT01,7,0,da civici ANNCSU
CASTEGGIO,VIA SAN BIAGIO,tutti,,,DCT06,3,1,da civici ANNCSU
CASTEGGIO,VIA SAN MAIOLO,tutti,,,DCT01,17,0,da civici ANNCSU
CASTEGGIO,VIA SANDRO PERTINI,tutti,,,DCT05,29,0,da civici ANNCSU
CASTEGGIO,VIA SFORZA VISCONTI,tutti,,,DCT08,15,0,da civici ANNCSU
CASTEGGIO,VIA TERESIO BERNINI,tutti,,26,DCT08,20,0,via divisa tra distretti; da civici ANNCSU
CASTEGGIO,VIA TERESIO BERNINI,tutti,27,,DCT13,30,0,via divisa tra distretti; da civici ANNCSU
CASTEGGIO,VIA TORINO,tutti,,,DCT08,133,0,da civici ANNCSU
CASTEGGIO,VIA TRUFFI,tutti,,,DCT01,15,0,da civici ANNCSU
CASTEGGIO,VIA VENCO - BONESCHI,tutti,,,DCT08,9,0,da civici ANNCSU
CASTEGGIO,VIA VINCENZO BELLINI,tutti,,,DCT01,7,0,da civici ANNCSU
CASTEGGIO,VIA VINCENZO MARIONI,tutti,,,DCT08,5,0,da civici ANNCSU
CASTEGGIO,VIALE GIUSEPPE GIULIETTI,tutti,,,DCT08,44,0,da civici ANNCSU
CASTEGGIO,VIALE MONTEBELLO,tutti,,,DCT08,9,0,da civici ANNCSU
CASTEGGIO,VICOLO G.BATTISTA ORTALLI,tutti,,,DCT08,17,0,da civici ANNCSU
CAVA MANARA,CASCINA CASOTTI,tutti,,,DCVM01,9,0,da prese Neta
CAVA MANARA,CASCINA SPESSA,tutti,,,DCVM01,31,0,da prese Neta
CAVA MANARA,PIAZZA VITTORIO EMANUELE II,tutti,,,DCVM01,14,0,da prese Neta
CAVA MANARA,VIA A. CASTAGNOLA,tutti,,,DCVM01,27,0,da prese Neta
CAVA MANARA,VIA A. DE GASPERI - TRE RE,tutti,,,DCVM02,44,0,da prese Neta
CAVA MANARA,VIA A. GIORGI - MEZZANA CORTI,tutti,,,DCVM02,11,0,da prese Neta
CAVA MANARA,VIA A. VOLTA - MEZZANA CORTI,tutti,,,DCVM02,6,0,da prese Neta
CAVA MANARA,VIA A.BATTELLI - MEZZANA CORTI,tutti,,,DCVM02,15,0,da prese Neta
CAVA MANARA,VIA A.BORDONI - MEZZANA CORTI,tutti,,,DCVM02,25,0,da prese Neta
CAVA MANARA,VIA ALDO MORO,tutti,,,DCVM01,23,0,da prese Neta
CAVA MANARA,VIA ALESSANDRIA,tutti,,,DCVM01,9,0,da prese Neta
CAVA MANARA,VIA ALESSANDRO LAMARMORA,tutti,,,DCVM03,10,0,da prese Neta
CAVA MANARA,VIA ALESSANDRO MANZONI,tutti,,,DCVM01,12,0,da prese Neta
CAVA MANARA,VIA ALIAROLO,tutti,,,DSMS01,24,0,da prese Neta
CAVA MANARA,VIA ANDREA COSTA,tutti,,,DCVM01,12,0,da prese Neta
CAVA MANARA,VIA ANTONIO GRAMSCI,tutti,,,DCVM01,43,0,da prese Neta
CAVA MANARA,VIA BARTOLI,tutti,,,DCVM02,10,0,da prese Neta
CAVA MANARA,VIA BORRA,tutti,,,DCVM01,2,0,da prese Neta
CAVA MANARA,VIA BRONDELLI,tutti,,,DCVM01,40,0,da prese Neta
CAVA MANARA,VIA BURRONI,tutti,,,DCVM03,11,0,da prese Neta
CAVA MANARA,VIA D'ANTONA,tutti,,,DCVM01,87,0,da prese Neta
CAVA MANARA,VIA DEI LIGURI,tutti,,,DCVM01,12,0,da prese Neta
CAVA MANARA,VIA DEI MILLE,tutti,,,DCVM01,6,0,da prese Neta
CAVA MANARA,VIA DON BOSCHETTI,tutti,,,DCVM03,23,0,da prese Neta
CAVA MANARA,VIA DON MINZONI-MEZZANA CORTI,tutti,,,DCVM02,20,0,da prese Neta
CAVA MANARA,VIA E. DI VITTORIO - TRE RE,tutti,,,DCVM02,25,0,da prese Neta
CAVA MANARA,VIA E. ZANONI,tutti,,,DCVM01,11,0,da prese Neta
CAVA MANARA,VIA E.BELTRAMI - MEZZANA CORTI,tutti,,,DCVM02,22,0,da prese Neta
CAVA MANARA,VIA E.CURIEL - MEZZANA CORTI,tutti,,,DCVM02,51,0,da prese Neta
CAVA MANARA,VIA E.FERMI - MEZZANA CORTI,tutti,,,DCVM02,52,0,da prese Neta
CAVA MANARA,VIA EUGENIO BARSANTI,tutti,,,DCVM02,126,0,da prese Neta
CAVA MANARA,VIA F. BELLI - TORRE DE' TORTI,tutti,,,DCVM01,27,0,da prese Neta
CAVA MANARA,VIA F. POETAN - MEZZANA CORTI,tutti,,,DCVM02,28,0,da prese Neta
CAVA MANARA,VIA F. TURATI - TRE RE,tutti,,,DCVM02,67,1,da prese Neta
CAVA MANARA,VIA F.LLI CAIROLI,tutti,,,DCVM01,3,0,da prese Neta
CAVA MANARA,VIA F.LLI ROSSELLI-MEZZANA COR,tutti,,,DCVM02,31,0,da prese Neta
CAVA MANARA,VIA FELICE CAVALLOTTI,tutti,,,DCVM01,37,0,da prese Neta
CAVA MANARA,VIA G. PERLASCA - ROTTO,tutti,,,DCVM02,33,0,da prese Neta
CAVA MANARA,VIA G.GALILEI - MEZZANA CORTI,tutti,,,DCVM02,32,0,da prese Neta
CAVA MANARA,VIA GALLO,tutti,,,DCVM03,26,0,da prese Neta
CAVA MANARA,VIA GHINAGLIA,tutti,,,DCVM03,17,0,da prese Neta
CAVA MANARA,VIA GIACOMO LEOPARDI,tutti,,,DCVM01,10,0,da prese Neta
CAVA MANARA,VIA GIACOMO MATTEOTTI,tutti,,,DCVM01,39,0,da prese Neta
CAVA MANARA,VIA GIORDANO BRUNO,tutti,,,DCVM01,34,0,da prese Neta
CAVA MANARA,VIA GIOSUE' CARDUCCI,tutti,,,DCVM01,7,0,da prese Neta
CAVA MANARA,VIA GIOVANNI PASCOLI,tutti,,,DCVM01,47,0,da prese Neta
CAVA MANARA,VIA GIUSEPPE GARIBALDI,tutti,,,DCVM01,94,0,da prese Neta
CAVA MANARA,VIA GIUSEPPE GIUSTI,tutti,,,DCVM01,21,0,da prese Neta
CAVA MANARA,VIA GIUSEPPE MAZZINI,tutti,,,DCVM01,100,0,da prese Neta
CAVA MANARA,VIA GIUSEPPE VERDI,tutti,,,DCVM03,60,0,da prese Neta
CAVA MANARA,VIA GOITO - ROTTO,tutti,,,DCVM02,11,0,da prese Neta
CAVA MANARA,VIA GUGLIELMO MARCONI,tutti,,,DCVM01,22,0,da prese Neta
CAVA MANARA,VIA GUIDO ROSSA,tutti,,,DCVM01,57,0,da prese Neta
CAVA MANARA,VIA L. EINAUDI - TRE RE,dispari,,,DSMS01,1,0,via divisa tra distretti; da prese Neta
CAVA MANARA,VIA L. EINAUDI - TRE RE,pari,,,DCVM02,1,0,via divisa tra distretti; da prese Neta
CAVA MANARA,VIA L.GALVANI - MEZZANA CORTI,tutti,,,DCVM02,4,0,da prese Neta
CAVA MANARA,VIA LEONARDO DA VINCI,tutti,,,DCVM02,11,0,da prese Neta
CAVA MANARA,VIA M.G.AGNESI - MEZZANA CORTI,tutti,,,DCVM02,9,0,da prese Neta
CAVA MANARA,VIA MANARA,tutti,,,DCVM01,71,0,da prese Neta
CAVA MANARA,VIA MARCO BIAGI,tutti,,,DCVM01,14,0,da prese Neta
CAVA MANARA,VIA MARX,tutti,,,DCVM01,66,0,da prese Neta
CAVA MANARA,VIA MARX,tutti,32,32,DCVM03,11,0,"eccezione: 11 prese al civico 32, da verificare; da prese Neta"
CAVA MANARA,VIA MEUCCI - MEZZANA CORTI,tutti,,,DCVM02,8,0,da prese Neta
CAVA MANARA,VIA MONTEGRAPPA - ROTTO,tutti,,,DCVM02,108,0,da prese Neta
CAVA MANARA,VIA MONTELLO - ROTTO,tutti,,,DCVM02,28,0,da prese Neta
CAVA MANARA,VIA NINO BIXIO,tutti,,,DCVM01,7,0,da prese Neta
CAVA MANARA,VIA OLEVANO,tutti,,,,58,0,"a cavallo, non controllata (DCVM01 56, DCVM03 2); da prese Neta"
CAVA MANARA,VIA P. CONTI,tutti,,,DCVM01,13,0,da prese Neta
CAVA MANARA,VIA P. MORINI,tutti,,,DCVM01,25,0,da prese Neta
CAVA MANARA,VIA P. TOGLIATTI - TRE RE,tutti,,,DCVM02,80,0,da prese Neta
CAVA MANARA,VIA PALESTRO - ROTTO,tutti,,,DCVM02,14,0,da prese Neta
CAVA MANARA,VIA PAOLO BORSELLINO,tutti,,,DSMS01,9,0,da prese Neta
CAVA MANARA,VIA PAPA GIOVANNI XXIII-TRE RE,tutti,,,DCVM02,30,0,da prese Neta
CAVA MANARA,VIA PIAVE - ROTTO,tutti,,,DCVM02,15,0,da prese Neta
CAVA MANARA,VIA PRIMO LEVI,tutti,,,DCVM01,5,0,da prese Neta
CAVA MANARA,VIA R. SANZIO - TRE RE,tutti,,,DCVM02,8,0,da prese Neta
CAVA MANARA,VIA SALUMIFICIO,tutti,,,DCVM01,7,0,da prese Neta
CAVA MANARA,VIA SANDRO PERTINI,tutti,,,DCVM03,76,0,da prese Neta
CAVA MANARA,VIA SOLFERINO - FRAZ. ROTTO,tutti,,,DCVM02,21,0,da prese Neta
CAVA MANARA,VIA TERESIO OLIVELLI,tutti,,,DCVM03,9,0,da prese Neta
CAVA MANARA,VIA TORRE DE' TORTI,tutti,,,DCVM01,52,0,da prese Neta
CAVA MANARA,VIA UGO FOSCOLO,tutti,,,DCVM01,6,0,da prese Neta
CAVA MANARA,VIA VIGHI - MEZZANA CORTI,tutti,,,DCVM02,1,0,da prese Neta
CAVA MANARA,VIA VILLA GLORI - TRE RE,tutti,,,DCVM02,42,0,da prese Neta
CAVA MANARA,VIA XXVI APRILE,tutti,,,DCVM03,42,0,da prese Neta
CAVA MANARA,VIALE ENRICO BERLINGUER,tutti,,,DCVM01,38,0,da prese Neta
CERTOSA DI PAVIA,CASCINA COLOMBARA,tutti,,,DCPV03,13,0,da prese Neta
CERTOSA DI PAVIA,CORSO PARTIGIANI,tutti,,,DCPV02,52,0,da prese Neta
CERTOSA DI PAVIA,FRAZ. SAMPERONE,tutti,,,DCPV03,7,0,da prese Neta
CERTOSA DI PAVIA,LOC. TRAVACCA,tutti,,,DCPV02,1,0,da prese Neta
CERTOSA DI PAVIA,LOCALITA' CA NOVA,tutti,,,DCPV03,2,0,da prese Neta
CERTOSA DI PAVIA,PIAZZA SAN CARLO BORROMEO,tutti,,,DCPV03,38,0,da prese Neta
CERTOSA DI PAVIA,PIAZZA XXV APRILE,tutti,,,DCPV03,3,0,da prese Neta
CERTOSA DI PAVIA,STRADA ABISSINIA-FR.SAMPERONE,tutti,,,DCPV03,7,0,da prese Neta
CERTOSA DI PAVIA,VIA ACHILLE GRANDI,tutti,,,DCPV03,2,0,da prese Neta
CERTOSA DI PAVIA,VIA ALCIDE DE GASPERI,tutti,,,DCPV02,22,0,da prese Neta
CERTOSA DI PAVIA,VIA ALESSANDRO VOLTA,tutti,,,,23,0,"a cavallo, non controllata (DCPV03 21, DCPV02 2); da prese Neta"
CERTOSA DI PAVIA,VIA ALZAIA,tutti,,,DCPV02,25,0,da prese Neta
CERTOSA DI PAVIA,VIA AMADEO,tutti,,,DCPV02,20,0,da prese Neta
CERTOSA DI PAVIA,VIA ANTONIO GRAMSCI,tutti,,,DCPV02,6,0,da prese Neta
CERTOSA DI PAVIA,VIA BELLONI QUADRI,tutti,,,DCPV03,24,0,da prese Neta
CERTOSA DI PAVIA,VIA BERGOGNONE,tutti,,,DCPV02,10,0,da prese Neta
CERTOSA DI PAVIA,VIA BERNARDINO LUINI,tutti,,,DCPV02,9,0,da prese Neta
CERTOSA DI PAVIA,VIA BIANCHI DON PAOLO,tutti,,,DCPV03,14,0,da prese Neta
CERTOSA DI PAVIA,VIA CAMILLO BENSO CAVOUR,tutti,,,DCPV01,54,0,da prese Neta
CERTOSA DI PAVIA,VIA CAMILLO GOLGI,tutti,,,DCPV03,37,0,da prese Neta
CERTOSA DI PAVIA,VIA CARLO A. DALLA CHIESA,tutti,,,DCPV01,29,0,da prese Neta
CERTOSA DI PAVIA,VIA CASE NUOVE,tutti,,,DCPV02,54,0,da prese Neta
CERTOSA DI PAVIA,VIA CASE SPARSE,tutti,,,DCPV03,19,0,da prese Neta
CERTOSA DI PAVIA,VIA CAZZANI,tutti,,,DCPV03,37,0,da prese Neta
CERTOSA DI PAVIA,VIA D'ESTE BEATRICE,tutti,,,DCPV02,8,0,da prese Neta
CERTOSA DI PAVIA,VIA DANTE ALIGHIERI,tutti,,,DCPV02,6,0,da prese Neta
CERTOSA DI PAVIA,VIA DEI MILLE,tutti,,,DCPV02,13,0,da prese Neta
CERTOSA DI PAVIA,VIA DELEDDA,tutti,,,DCPV03,32,0,da prese Neta
CERTOSA DI PAVIA,VIA DON BOSCHETTI,tutti,,,DCPV03,24,0,da prese Neta
CERTOSA DI PAVIA,VIA EDMONDO DE AMICIS,tutti,,,DCPV03,27,0,da prese Neta
CERTOSA DI PAVIA,VIA ENRICO FERMI,tutti,,,DCPV03,8,0,da prese Neta
CERTOSA DI PAVIA,VIA EUGENIO MONTALE,tutti,,,DCPV02,186,0,da prese Neta
CERTOSA DI PAVIA,VIA F.LLI CAIROLI,tutti,,,DCPV02,13,0,da prese Neta
CERTOSA DI PAVIA,VIA F.LLI CERVI,tutti,,,DCPV03,11,0,da prese Neta
CERTOSA DI PAVIA,VIA FABRIZIO DE ANDRE,tutti,,,DCPV03,70,0,da prese Neta
CERTOSA DI PAVIA,VIA FAMIGLIA CAVAGNINI,tutti,,,DCPV03,13,0,da prese Neta
CERTOSA DI PAVIA,VIA FELLINI,tutti,,,DCPV03,46,0,da prese Neta
CERTOSA DI PAVIA,VIA GALILEO GALILEI,tutti,,,DCPV03,8,0,da prese Neta
CERTOSA DI PAVIA,VIA GIACOMO MATTEOTTI,tutti,,,DCPV02,29,0,da prese Neta
CERTOSA DI PAVIA,VIA GIOTTO,tutti,,,DCPV01,113,0,da prese Neta
CERTOSA DI PAVIA,VIA GIOVANNI AMENDOLA,tutti,,,DCPV02,1,0,da prese Neta
CERTOSA DI PAVIA,VIA GIUSEPPE DI VITTORIO,tutti,,,DCPV03,4,0,da prese Neta
CERTOSA DI PAVIA,VIA GIUSEPPE GARIBALDI,tutti,,,DCPV02,20,0,da prese Neta
CERTOSA DI PAVIA,VIA GIUSEPPE MAZZINI,tutti,,,DCPV02,62,0,da prese Neta
CERTOSA DI PAVIA,VIA GIUSEPPE VERDI,tutti,,,DCPV02,2,0,da prese Neta
CERTOSA DI PAVIA,VIA GUGLIELMO MARCONI,tutti,,,DCPV02,50,0,da prese Neta
CERTOSA DI PAVIA,VIA LAMA,tutti,,,DCPV03,4,0,da prese Neta
CERTOSA DI PAVIA,VIA LEONARDO DA VINCI,tutti,,,DCPV03,1,0,da prese Neta
CERTOSA DI PAVIA,VIA LIBERTA',tutti,,,DCPV02,15,0,da prese Neta
CERTOSA DI PAVIA,VIA LUDOVICO IL MORO,tutti,,,DCPV02,3,0,da prese Neta
CERTOSA DI PAVIA,VIA LUIGI GALVANI,tutti,,,DCPV03,3,0,da prese Neta
CERTOSA DI PAVIA,VIA MAGNANI,tutti,,,DCPV03,1,0,da prese Neta
CERTOSA DI PAVIA,VIA MAJORANA,tutti,,,DCPV03,3,0,da prese Neta
CERTOSA DI PAVIA,VIA NICOLO' COPERNICO,tutti,,,DCPV03,8,0,da prese Neta
CERTOSA DI PAVIA,VIA ORATORIO,tutti,,,DCPV01,6,0,da prese Neta
CERTOSA DI PAVIA,VIA OREFICI,tutti,,,DCPV01,54,0,da prese Neta
CERTOSA DI PAVIA,VIA PALMIRO TOGLIATTI,tutti,,,DCPV02,22,0,da prese Neta
CERTOSA DI PAVIA,VIA PAPA GIOVANNI XXIII,tutti,,,DCPV02,2,0,da prese Neta
CERTOSA DI PAVIA,VIA PASOLINI,tutti,,,DCPV03,11,0,da prese Neta
CERTOSA DI PAVIA,VIA PASTORE,tutti,,,DCPV03,8,0,da prese Neta
CERTOSA DI PAVIA,VIA PAVIA,tutti,,,DCPV03,28,0,da prese Neta
CERTOSA DI PAVIA,VIA PIETRO NENNI,tutti,,,DCPV02,2,0,da prese Neta
CERTOSA DI PAVIA,VIA PRINCIPALE,tutti,,,DCPV01,111,0,da prese Neta
CERTOSA DI PAVIA,VIA REPUBBLICA,tutti,,,DCPV02,37,0,da prese Neta
CERTOSA DI PAVIA,VIA RINASCIMENTO,tutti,,,DCPV02,5,0,da prese Neta
CERTOSA DI PAVIA,VIA S MICHELE,tutti,,,DCPV02,25,0,da prese Neta
CERTOSA DI PAVIA,VIA S.BRUNO,tutti,,,DCPV02,4,0,da prese Neta
CERTOSA DI PAVIA,VIA SAMPERONE,tutti,,,DCPV03,49,0,da prese Neta
CERTOSA DI PAVIA,VIA SAN BRIZIO-FRAZ.SAMPERONE,tutti,,,DCPV03,14,0,da prese Neta
CERTOSA DI PAVIA,VIA SANT'AGOSTINO,tutti,,,DCPV03,1,0,da prese Neta
CERTOSA DI PAVIA,VIA SEGRE',tutti,,,DCPV03,175,0,da prese Neta
CERTOSA DI PAVIA,VIA SFORZA,tutti,,,DCPV02,4,0,da prese Neta
CERTOSA DI PAVIA,VIA TIROGNO,tutti,,,DCPV01,4,0,da prese Neta
CERTOSA DI PAVIA,VIA VILLALUNGA,tutti,,,DCPV03,28,0,da prese Neta
CERTOSA DI PAVIA,VIA VISCONTI,tutti,,,DCPV02,13,0,da prese Neta
CERTOSA DI PAVIA,VIA VITTORIO VENETO,tutti,,,DCPV01,24,0,da prese Neta
CERTOSA DI PAVIA,VIA XXVI NOVEMBRE,tutti,,,DCPV03,21,0,da prese Neta
CERTOSA DI PAVIA,VIALE CERTOSA,tutti,,,DCPV02,73,0,da prese Neta
CERTOSA DI PAVIA,VIALE ENRICO BERLINGUER,tutti,,,DCPV02,19,0,da prese Neta
CERTOSA DI PAVIA,VIALE MONUMENTO,tutti,,,DCPV02,20,0,da prese Neta
CILAVEGNA,CORSO ROMA,tutti,,,DCL04,53,0,da prese Neta
CILAVEGNA,LARGO MARCONI,tutti,,,DCL04,29,0,da civici ANNCSU
CILAVEGNA,PIAZZA GARIBALDI,tutti,,,DCL04,25,0,da civici ANNCSU
CILAVEGNA,PIAZZA LIBERAZIONE,tutti,,,DCL04,1,0,da civici ANNCSU
CILAVEGNA,VIA ALDO MORO,tutti,,,DCL01,20,0,da civici ANNCSU
CILAVEGNA,VIA BERLINGUER,tutti,,,DCL03,22,0,da civici ANNCSU
CILAVEGNA,VIA BORGINI,tutti,,,DCL01,20,0,da civici ANNCSU
CILAVEGNA,VIA CAIROLI,tutti,,,DCL04,29,0,da civici ANNCSU
CILAVEGNA,VIA CALATAFIMI,tutti,,,DCL04,14,0,da civici ANNCSU
CILAVEGNA,VIA CAVOUR,tutti,,,DCL04,56,0,da civici ANNCSU
CILAVEGNA,VIA COLLI ROCCO,tutti,,,DCL02,7,0,da civici ANNCSU
CILAVEGNA,VIA DANTE ALIGHIERI,tutti,,,DCL01,24,0,da civici ANNCSU
CILAVEGNA,VIA DEI MILLE,dispari,,63,DCL04,16,0,via divisa tra distretti; da civici ANNCSU
CILAVEGNA,VIA DEI MILLE,dispari,64,,DCL03,19,0,via divisa tra distretti; da civici ANNCSU
CILAVEGNA,VIA DEI MILLE,pari,,82,DCL04,19,0,via divisa tra distretti; da civici ANNCSU
CILAVEGNA,VIA DEI MILLE,pari,83,,DCL03,26,0,via divisa tra distretti; da civici ANNCSU
CILAVEGNA,VIA DUE GIUGNO,tutti,,,DCL04,42,0,da civici ANNCSU
CILAVEGNA,VIA ENRICO FERMI,tutti,,,DCL02,22,0,da civici ANNCSU
CILAVEGNA,VIA EUGENIO MONTALE,tutti,,,DCL01,10,0,da civici ANNCSU
CILAVEGNA,VIA FRANCESCO PETRARCA,tutti,,18,DCL04,10,0,via divisa tra distretti; da civici ANNCSU
CILAVEGNA,VIA FRANCESCO PETRARCA,tutti,19,,DCL01,29,0,via divisa tra distretti; da civici ANNCSU
CILAVEGNA,VIA G. CARDUCCI,tutti,,,DCL04,42,0,da civici ANNCSU
CILAVEGNA,VIA GALILEO GALILEI,tutti,,,DCL02,14,0,da civici ANNCSU
CILAVEGNA,VIA GAUDENZIO CASINGHINO,tutti,,,DCL04,5,0,da prese Neta
CILAVEGNA,VIA GIACOMO MATTEOTTI,tutti,,,DCL04,16,0,da civici ANNCSU
CILAVEGNA,VIA GIOVANNI FALZONI,tutti,,,DCL04,7,0,da civici ANNCSU
CILAVEGNA,VIA GIOVANNI XXIII,tutti,,,DCL01,1,0,da prese Neta
CILAVEGNA,VIA GIUSEPPE CAMPANA,tutti,,,DCL04,75,0,da civici ANNCSU
CILAVEGNA,VIA GIUSEPPE MAZZINI,tutti,,,DCL04,30,0,da civici ANNCSU
CILAVEGNA,VIA GIUSEPPE UNGARETTI,tutti,,,DCL01,39,0,da civici ANNCSU
CILAVEGNA,VIA GIUSEPPE VERDI,tutti,,,DCL01,47,0,da civici ANNCSU
CILAVEGNA,VIA GRAMSCI,tutti,,32,DCL04,26,0,via divisa tra distretti; da civici ANNCSU
CILAVEGNA,VIA GRAMSCI,tutti,33,,DCL01,33,0,via divisa tra distretti; da civici ANNCSU
CILAVEGNA,VIA GRAVELLONA,tutti,,,DCL01,44,0,da civici ANNCSU
CILAVEGNA,VIA LEONARDO DA VINCI,tutti,,,DCL02,7,0,da civici ANNCSU
CILAVEGNA,VIA MACCAFERRI,tutti,,,DCL04,16,0,da civici ANNCSU
CILAVEGNA,VIA MARX,tutti,,,DCL01,57,0,da civici ANNCSU
CILAVEGNA,VIA MILANO,tutti,,,DCL04,16,0,da civici ANNCSU
CILAVEGNA,VIA MONTEGRAPPA,tutti,,,DCL04,16,0,da prese Neta
CILAVEGNA,VIA PALMIRO TOGLIATTI,tutti,,,DCL01,21,0,da civici ANNCSU
CILAVEGNA,VIA PAVIA,tutti,,,DCL04,21,0,da civici ANNCSU
CILAVEGNA,VIA PIETRO NENNI,tutti,,,DCL01,22,0,da civici ANNCSU
CILAVEGNA,VIA PISACANE,tutti,,,DCL01,33,0,da civici ANNCSU
CILAVEGNA,VIA PIZZARELLI,tutti,,,DCL04,25,0,da civici ANNCSU
CILAVEGNA,VIA RAMPONATA,tutti,,,DCL04,22,0,da civici ANNCSU
CILAVEGNA,VIA RAPISARDI,tutti,,,DCL01,10,0,da civici ANNCSU
CILAVEGNA,VIA RISERIA,tutti,,,DCL01,13,0,da civici ANNCSU
CILAVEGNA,VIA ROMA,tutti,,,DCL04,116,0,da civici ANNCSU
CILAVEGNA,VIA RONCATE,tutti,,,DCL04,7,0,da civici ANNCSU
CILAVEGNA,VIA S. ANNA,tutti,,,DCL03,9,0,da prese Neta
CILAVEGNA,VIA SALVATORE QUASIMODO,tutti,,,DCL01,30,0,da civici ANNCSU
CILAVEGNA,VIA SCALDASOLE,dispari,,,DCL01,8,0,via divisa tra distretti; da civici ANNCSU
CILAVEGNA,VIA SCALDASOLE,pari,,,DCL02,1,0,via divisa tra distretti; da civici ANNCSU
CILAVEGNA,VIA VECCHIARINO,tutti,,88,DCL04,48,0,via divisa tra distretti; da civici ANNCSU
CILAVEGNA,VIA VECCHIARINO,tutti,89,,DCL01,10,0,via divisa tra distretti; da civici ANNCSU
CILAVEGNA,VIA VERNAZZOLA,tutti,,,DCL04,40,0,da civici ANNCSU
CILAVEGNA,VIA XX SETTEMBRE,tutti,,,DCL04,51,0,da civici ANNCSU
CILAVEGNA,VIALE ARTIGIANATO,tutti,,,DCL04,2,0,da civici ANNCSU
CILAVEGNA,VIALE INDUSTRIA,tutti,,32,DCL03,6,0,via divisa tra distretti; da civici ANNCSU
CILAVEGNA,VIALE INDUSTRIA,tutti,33,,DCL01,11,0,via divisa tra distretti; da civici ANNCSU
CILAVEGNA,VIALE MARIO CAV. PAVESI,tutti,,,DCL04,6,0,da civici ANNCSU
CILAVEGNA,VICOLO ARIOSTO,tutti,,,DCL01,17,0,da civici ANNCSU
CILAVEGNA,VICOLO BIXIO,tutti,,,DCL04,19,0,da civici ANNCSU
CILAVEGNA,VICOLO BRUNO BUOZZI,tutti,,,DCL04,5,0,da civici ANNCSU
CILAVEGNA,VICOLO C. BATTISTI,tutti,,,DCL03,31,0,da civici ANNCSU
CILAVEGNA,VICOLO CAVALLOTTI,tutti,,,DCL04,17,0,da civici ANNCSU
CILAVEGNA,VICOLO COSTA,tutti,,,DCL03,7,0,da civici ANNCSU
CILAVEGNA,VICOLO DONIZETTI,tutti,,,DCL01,15,0,da civici ANNCSU
CILAVEGNA,VICOLO EDMONDO DE AMICIS,tutti,,,DCL04,10,0,da civici ANNCSU
CILAVEGNA,VICOLO ENRICO TOTI,tutti,,,DCL03,21,0,da civici ANNCSU
CILAVEGNA,VICOLO F. TURATI,tutti,,,DCL04,6,0,da civici ANNCSU
CILAVEGNA,VICOLO FOSCOLO,tutti,,,DCL01,13,0,da civici ANNCSU
CILAVEGNA,VICOLO G.A. OMODEO,tutti,,,DCL01,6,0,da prese Neta
CILAVEGNA,VICOLO GIUSTI,tutti,,,DCL01,1,0,da civici ANNCSU
CILAVEGNA,VICOLO MAMELI,tutti,,,DCL03,6,0,da civici ANNCSU
CILAVEGNA,VICOLO MANZONI,tutti,,,DCL04,17,0,da civici ANNCSU
CILAVEGNA,VICOLO MONTI,tutti,,,DCL01,5,0,da prese Neta
CILAVEGNA,VICOLO NAZARIO SAURO,tutti,,,DCL03,15,0,da civici ANNCSU
CILAVEGNA,VICOLO OMODEO SALE',tutti,,,DCL03,8,0,da civici ANNCSU
CILAVEGNA,VICOLO OROPA,tutti,,,DCL04,19,0,da civici ANNCSU
CILAVEGNA,VICOLO PARROCCHIALE,tutti,,,DCL04,14,0,da civici ANNCSU
CILAVEGNA,VICOLO PASCOLI,tutti,,,DCL04,7,0,da civici ANNCSU
CILAVEGNA,VICOLO PUCCINI,tutti,,,DCL01,8,0,da civici ANNCSU
CILAVEGNA,VICOLO REY,tutti,,,DCL01,12,0,da civici ANNCSU
CILAVEGNA,VICOLO ROSSELLI,tutti,,,DCL03,5,0,da civici ANNCSU
CILAVEGNA,VICOLO S.PELLICO,tutti,,,DCL03,8,0,da prese Neta
CILAVEGNA,VICOLO VIGEVANO,tutti,,,DCL04,13,0,da civici ANNCSU
CILAVEGNA,VICOLO VOLTA,tutti,,,DCL04,14,0,da civici ANNCSU
GAMBOLO',CORSO GIUSEPPE GARIBALDI,tutti,,,DGM05,36,0,da civici ANNCSU
GAMBOLO',CORSO UMBERTO I,dispari,,201,DGM05,100,0,via divisa tra distretti; da civici ANNCSU
GAMBOLO',CORSO UMBERTO I,dispari,202,,DGM01,14,0,via divisa tra distretti; da civici ANNCSU
GAMBOLO',CORSO UMBERTO I,pari,,308,DGM05,123,6,via divisa tra distretti; da civici ANNCSU
GAMBOLO',CORSO UMBERTO I,pari,309,,DGM01,15,0,via divisa tra distretti; da civici ANNCSU
GAMBOLO',CORSO VITTORIO EMANUELE,tutti,,,DGM05,57,0,da civici ANNCSU
GAMBOLO',FRAZ. BELCREDA-VIA PASCOLI,tutti,,,DGM03,12,0,da prese Neta
GAMBOLO',FRAZ. CASON PERI-V.DELLE VIGNE,tutti,,,DGM07,6,0,da prese Neta
GAMBOLO',FRAZ. CASON PERI-VIA GAMBOLO',tutti,,,DGM07,1,0,da prese Neta
GAMBOLO',FRAZ. GARBANA-PIAZZA,tutti,,,DGM07,1,0,da prese Neta
GAMBOLO',FRAZIONE FRAZ. BELCREDA CASCINA ROTTINO,tutti,,,DGM05,1,0,da prese Neta
GAMBOLO',FRAZIONE REMONDO'- S.S. 596,tutti,,,DGM06,1,0,da prese Neta
GAMBOLO',FRAZIONE REMONDO'-S.MARGHERITA,tutti,,,DGM06,9,0,da prese Neta
GAMBOLO',FRAZIONE REMONDO'-VIA BARACCA,tutti,,,DGM06,14,0,da prese Neta
GAMBOLO',FRAZIONE REMONDO'-VIA CAVONE,tutti,,,DGM06,33,0,da prese Neta
GAMBOLO',FRAZIONE REMONDO'-VIA CUNIBERTI A,tutti,,,DGM06,7,0,da prese Neta
GAMBOLO',FRAZIONE REMONDO'-VIA GARONA,tutti,,,DGM06,6,0,da prese Neta
GAMBOLO',FRAZIONE REMONDO'P.ZA S.MARGHERIT,tutti,,,DGM06,1,0,da prese Neta
GAMBOLO',FRAZIONE STRADELLA,tutti,,,DGM03,1,0,da prese Neta
GAMBOLO',LARGO SAN GETULIO,tutti,,,DGM05,11,0,da civici ANNCSU
GAMBOLO',PIAZZA CAMILLO BENSO CAVOUR,tutti,,,DGM05,12,0,da civici ANNCSU
GAMBOLO',PIAZZA CASTELLO,tutti,,,DGM05,8,0,da civici ANNCSU
GAMBOLO',PIAZZA COLONELLO BELLAZZI,tutti,,,DGM05,12,0,da civici ANNCSU
GAMBOLO',PIAZZA CORBETTA,tutti,,,DGM05,1,0,da civici ANNCSU
GAMBOLO',PIAZZA EDOARDO CORSICO,tutti,,,DGM06,6,0,da civici ANNCSU
GAMBOLO',PIAZZA SABBIONE,tutti,,,DGM05,21,0,da civici ANNCSU
GAMBOLO',PIAZZA SAN ROCCO,tutti,,,DGM05,5,0,da civici ANNCSU
GAMBOLO',PIAZZALE OLIMPIA,tutti,,,DGM05,12,0,da civici ANNCSU
GAMBOLO',VIA AGRICOLTURA,tutti,,,,19,0,"a cavallo, non controllata (DGM05 17, DGM03 2); da civici ANNCSU"
GAMBOLO',VIA AGRICOLTURA - FRAZ. STRADELLA,tutti,,,DGM03,4,0,da prese Neta
GAMBOLO',VIA ALDO MORO,tutti,,,DGM05,31,0,da civici ANNCSU
GAMBOLO',VIA ALESSANDRO MANZONI,tutti,,,DGM05,18,0,da civici ANNCSU
GAMBOLO',VIA ARTIGIANATO,tutti,,,DGM05,15,0,da civici ANNCSU
GAMBOLO',VIA BELCREDIO,tutti,,,DGM05,21,0,da civici ANNCSU
GAMBOLO',VIA BIRAGA,tutti,,,DGM07,25,0,da civici ANNCSU
GAMBOLO',VIA BORGO S.SIRO,tutti,,,DGM05,57,0,da civici ANNCSU
GAMBOLO',VIA CAIROLI,tutti,,,DGM05,63,0,da civici ANNCSU
GAMBOLO',VIA CARDINAL BIANCHI,tutti,,,DGM05,17,0,da civici ANNCSU
GAMBOLO',VIA CARROBBIO,tutti,,,DGM05,18,0,da civici ANNCSU
GAMBOLO',VIA CASCINA NUOVA LITTA,tutti,,,DGM05,7,0,da civici ANNCSU
GAMBOLO',VIA CASTIGNOLO,tutti,,,DGM05,29,0,da civici ANNCSU
GAMBOLO',VIA CIMITERO,tutti,,,DGM05,15,0,da civici ANNCSU
GAMBOLO',VIA COLOMBARA,tutti,,,DGM05,34,0,da civici ANNCSU
GAMBOLO',VIA CORBETTA,tutti,,,DGM05,23,0,da civici ANNCSU
GAMBOLO',VIA COSTA STEFANO,tutti,,,DGM05,68,0,da civici ANNCSU
GAMBOLO',VIA COTTA,tutti,,,DGM05,16,0,da civici ANNCSU
GAMBOLO',VIA DA GAMBOLATE,tutti,,,DGM03,9,0,da civici ANNCSU
GAMBOLO',VIA DANTE ALIGHIERI,tutti,,,DGM05,29,0,da civici ANNCSU
GAMBOLO',VIA DEGLI STABI,tutti,,,DGM07,5,0,da civici ANNCSU
GAMBOLO',VIA DELLA LIBERTA',tutti,,,DGM05,23,0,da prese Neta
GAMBOLO',VIA FATTI PIETRO,tutti,,,DGM01,13,0,da civici ANNCSU
GAMBOLO',VIA FERRARIN,tutti,,,DGM06,13,0,da civici ANNCSU
GAMBOLO',VIA FIUME,tutti,,,DGM05,33,0,da civici ANNCSU
GAMBOLO',VIA FOSSO,tutti,,,DGM05,49,0,da civici ANNCSU
GAMBOLO',VIA FRANCESCO PETRARCA,tutti,,,DGM05,23,0,da civici ANNCSU
GAMBOLO',VIA GAMBOLO',dispari,,,DGM07,23,1,via divisa tra distretti; da civici ANNCSU
GAMBOLO',VIA GAMBOLO',pari,,14,DGM06,4,1,via divisa tra distretti; da civici ANNCSU
GAMBOLO',VIA GAMBOLO',pari,15,,DGM07,15,0,via divisa tra distretti; da civici ANNCSU
GAMBOLO',VIA GAZZERA,tutti,,,DGM05,3,0,da civici ANNCSU
GAMBOLO',VIA GEMMA BIROLI,tutti,,,DGM05,10,0,da civici ANNCSU
GAMBOLO',VIA GIACOMO MATTEOTTI,tutti,,,DGM02,16,0,da civici ANNCSU
GAMBOLO',VIA GIOVANNI BOCCACCIO,tutti,,,DGM05,20,0,da civici ANNCSU
GAMBOLO',VIA GIOVANNI FALCONE,tutti,,,DGM02,121,0,da civici ANNCSU
GAMBOLO',VIA GIOVANNI PAOLO II,tutti,,,DGM05,20,0,da prese Neta
GAMBOLO',VIA GRUVALA,tutti,,,DGM05,60,0,da civici ANNCSU
GAMBOLO',VIA GUGLIELMO MARCONI,tutti,,,DGM05,13,0,da civici ANNCSU
GAMBOLO',VIA ISELLA,tutti,,,DGM05,59,0,da civici ANNCSU
GAMBOLO',VIA LAZZAROLO,tutti,,,DGM02,14,0,da civici ANNCSU
GAMBOLO',VIA LIBERTA',tutti,,,DGM05,30,0,da civici ANNCSU
GAMBOLO',VIA LOMELLINA,dispari,,11,DGM01,6,1,via divisa tra distretti; da civici ANNCSU
GAMBOLO',VIA LOMELLINA,dispari,12,,DGM05,39,0,via divisa tra distretti; da civici ANNCSU
GAMBOLO',VIA LOMELLINA,pari,,40,DGM01,19,0,via divisa tra distretti; da civici ANNCSU
GAMBOLO',VIA LOMELLINA,pari,41,,DGM05,6,0,via divisa tra distretti; da civici ANNCSU
GAMBOLO',VIA MAZZINI,tutti,,,DGM05,91,0,da civici ANNCSU
GAMBOLO',VIA MOLINO,tutti,,,DGM05,60,0,da prese Neta
GAMBOLO',VIA MOLINO DELLA ROGGIA,tutti,,,DGM05,25,0,da prese Neta
GAMBOLO',VIA MORTARA,tutti,,,DGM06,84,0,da civici ANNCSU
GAMBOLO',VIA MULINO,tutti,,,DGM05,58,0,da civici ANNCSU
GAMBOLO',VIA MULINO - FRAZ. STRADELLA,tutti,,,DGM03,2,0,da prese Neta
GAMBOLO',VIA OSPEDALE,tutti,,,DGM05,27,0,da civici ANNCSU
GAMBOLO',VIA PANDOLFO,tutti,,,DGM05,23,0,da civici ANNCSU
GAMBOLO',VIA PAOLO BORSELLINO,tutti,,,,56,0,"a cavallo, non controllata (DGM05 30, DGM02 26); da civici ANNCSU"
GAMBOLO',VIA PAVIA,tutti,,,DGM07,9,0,da civici ANNCSU
GAMBOLO',VIA PIETRO MAGENTA,tutti,,,DGM05,40,0,da civici ANNCSU
GAMBOLO',VIA ROBECCHI,tutti,,,DGM05,15,0,da civici ANNCSU
GAMBOLO',VIA ROGGIA,tutti,,,DGM05,19,0,da civici ANNCSU
GAMBOLO',VIA ROMA,tutti,,,DGM05,111,0,da civici ANNCSU
GAMBOLO',VIA ROVELLETO,tutti,,,DGM05,79,0,da civici ANNCSU
GAMBOLO',VIA ROZZA SILVIO MARIO,tutti,,,DGM05,117,0,da civici ANNCSU
GAMBOLO',VIA S.TA GIULIANA,tutti,,,DGM05,6,0,da prese Neta
GAMBOLO',VIA SABBIONE,tutti,,,DGM05,18,0,da civici ANNCSU
GAMBOLO',VIA SAN ROCCO,tutti,,,DGM05,6,0,da civici ANNCSU
GAMBOLO',VIA SANDRO PERTINI,tutti,,,DGM05,4,1,da civici ANNCSU
GAMBOLO',VIA SFORZESCA,tutti,,,DGM05,50,0,da civici ANNCSU
GAMBOLO',VIA SINIGALLIA,tutti,,,DGM05,5,0,da civici ANNCSU
GAMBOLO',VIA STAZIONE,tutti,,,DGM06,16,0,da civici ANNCSU
GAMBOLO',VIA STRAIELLO,tutti,,,DGM03,7,0,da prese Neta
GAMBOLO',VIA STRETTA,tutti,,,DGM07,8,0,da civici ANNCSU
GAMBOLO',VIA STRIOLO,tutti,,,DGM07,32,0,da civici ANNCSU
GAMBOLO',VIA TORRIANI,tutti,,,DGM05,9,0,da civici ANNCSU
GAMBOLO',VIA UNITA' D'ITALIA,tutti,,6,DGM05,5,1,via divisa tra distretti; da civici ANNCSU
GAMBOLO',VIA UNITA' D'ITALIA,tutti,7,,DGM02,10,0,via divisa tra distretti; da civici ANNCSU
GAMBOLO',VIA VECCHIA DI VIGEVANO,tutti,,,DGM05,115,0,da civici ANNCSU
GAMBOLO',VIA VIGEVANO,tutti,,22,DGM07,14,0,via divisa tra distretti; da civici ANNCSU
GAMBOLO',VIA VIGEVANO,tutti,23,,DGM06,8,1,via divisa tra distretti; da civici ANNCSU
GAMBOLO',VIA VIGNATE,tutti,,,DGM02,105,0,da civici ANNCSU
GAMBOLO',VIA XXV APRILE,tutti,,,DGM03,18,0,da civici ANNCSU
GAMBOLO',VIALE INDUSTRIA,tutti,,,DGM01,46,0,da civici ANNCSU
GARLASCO,CASCINA BARBESINA,tutti,,,DGR03,2,0,da prese Neta
GARLASCO,CASCINA COSTIERA,tutti,,,DSB02,1,0,da prese Neta
GARLASCO,CASCINA SANTA VERONICA,tutti,,,DGR05,1,0,da prese Neta
GARLASCO,CASCINA SCALINA,tutti,,,DGR08,1,0,da prese Neta
GARLASCO,CASCINA STREMIANA,tutti,,,DGR05,2,0,da prese Neta
GARLASCO,CASCINA TOLEDINA,tutti,,,DGR06,1,0,da prese Neta
GARLASCO,CASCINA VENTURINA,tutti,,,DGR02,3,0,da prese Neta
GARLASCO,CORSO CAVOUR,tutti,,,DGR08,178,0,da civici ANNCSU
GARLASCO,LARGO 1 MAGGIO,tutti,,,DGR08,40,0,da civici ANNCSU
GARLASCO,P.TTA GROSSI,tutti,,,DGR08,8,0,da prese Neta
GARLASCO,PIAZZA DELLA REPUBBLICA,tutti,,,DGR08,32,0,da civici ANNCSU
GARLASCO,PIAZZA EUROPA,tutti,,,DGR08,12,0,da civici ANNCSU
GARLASCO,PIAZZA GARIBALDI,tutti,,,DGR08,19,0,da civici ANNCSU
GARLASCO,PIAZZA GIOVANNI XXIII,tutti,,,DGR08,1,0,da prese Neta
GARLASCO,PIAZZA PICCOLA,tutti,,,DGR08,5,0,da civici ANNCSU
GARLASCO,PIAZZA S.ROCCO,tutti,,,DGR08,9,0,da civici ANNCSU
GARLASCO,PIAZZA UNITA' D'ITALIA,tutti,,,DGR08,19,0,da civici ANNCSU
GARLASCO,PIAZZALE DALLA CHIESA C.ALBERTO,tutti,,,DGR08,5,0,da civici ANNCSU
GARLASCO,PIAZZALE TOGLIATTI,tutti,,,DGR08,1,0,da civici ANNCSU
GARLASCO,PIAZZALE VITTORIA,tutti,,,DGR08,12,0,da civici ANNCSU
GARLASCO,STRADA MAIERNO,tutti,,,DGR02,2,0,da civici ANNCSU
GARLASCO,STRADA TROMELLINI,tutti,,,DGR02,7,0,da civici ANNCSU
GARLASCO,STRADA VENTURINA,tutti,,,DGR02,12,0,da civici ANNCSU
GARLASCO,STRADA VICINALE DELLA REALETTA,tutti,,,DGR08,2,0,da civici ANNCSU
GARLASCO,VIA A. NEGRI,tutti,,,DGR08,1,0,da civici ANNCSU
GARLASCO,VIA ABETONE,tutti,,,DGR06,8,0,da civici ANNCSU
GARLASCO,VIA ACHILLE GRANDI,tutti,,,DGR08,16,0,da civici ANNCSU
GARLASCO,VIA ALAGNA,tutti,,,DGR08,112,0,da civici ANNCSU
GARLASCO,VIA ALBERETTA,tutti,,,DGR08,7,0,da civici ANNCSU
GARLASCO,VIA ALCIDE DE GASPERI,tutti,,,DGR08,16,0,da civici ANNCSU
GARLASCO,VIA ALESSANDRO VOLTA,tutti,,,DGR08,7,0,da civici ANNCSU
GARLASCO,VIA ALTINO,tutti,,,DGR08,24,0,da civici ANNCSU
GARLASCO,VIA ANTONA,tutti,,,DGR08,26,0,da civici ANNCSU
GARLASCO,VIA ANTONIO GRAMSCI,tutti,,,DGR08,41,0,da civici ANNCSU
GARLASCO,VIA ARCHIMEDE,tutti,,,DGR08,7,0,da civici ANNCSU
GARLASCO,VIA ASILO,tutti,,,DGR08,33,0,da civici ANNCSU
GARLASCO,VIA BARAGGIA,tutti,,,DGR02,60,0,da civici ANNCSU
GARLASCO,VIA BARBIERI,tutti,,,DGR08,10,0,da civici ANNCSU
GARLASCO,VIA BARNI,tutti,,,DGR02,2,0,da civici ANNCSU
GARLASCO,VIA BARTOLI ADELE,tutti,,,DGR06,10,0,da civici ANNCSU
GARLASCO,VIA BASSINI,tutti,,,DGR02,1,0,da civici ANNCSU
GARLASCO,VIA BELFIORE,tutti,,,DGR02,1,0,da civici ANNCSU
GARLASCO,VIA BELLONE,tutti,,,DGR08,23,0,da civici ANNCSU
GARLASCO,VIA BENVENUTO CELLINI,tutti,,,DGR06,8,0,da civici ANNCSU
GARLASCO,VIA BERNARDINO LUINI,tutti,,,DGR08,8,0,da civici ANNCSU
GARLASCO,VIA BOLDINI GIOVANNI,tutti,,,DGR06,21,0,da civici ANNCSU
GARLASCO,VIA BORDONI,tutti,,,DGR08,6,0,da civici ANNCSU
GARLASCO,VIA BORGO AURELIO,tutti,,,DGR04,7,0,da civici ANNCSU
GARLASCO,VIA BORGO S.SIRO,tutti,,,DGR08,54,2,da civici ANNCSU
GARLASCO,VIA BORGOGNONE,tutti,,,DGR08,4,0,da civici ANNCSU
GARLASCO,VIA BORGOLO,tutti,,,DGR08,39,0,da civici ANNCSU
GARLASCO,VIA BORGONUOVO,tutti,,,DGR08,38,0,da civici ANNCSU
GARLASCO,VIA BOTTO ANNA,tutti,,,DGR04,21,0,da civici ANNCSU
GARLASCO,VIA BRENNERO,tutti,,,DGR06,2,0,da civici ANNCSU
GARLASCO,VIA BRUNO BUOZZI,tutti,,,DGR08,18,0,da civici ANNCSU
GARLASCO,VIA CA' BASSA,tutti,,,DGR02,28,0,da prese Neta
GARLASCO,VIA CA' BELLA,tutti,,,DGR04,2,0,da civici ANNCSU
GARLASCO,VIA CALLERIO,tutti,,,DGR08,25,0,da civici ANNCSU
GARLASCO,VIA CAMILLO GOLGI,tutti,,,DGR08,11,0,da civici ANNCSU
GARLASCO,VIA CANEVARI,tutti,,,DGR08,14,0,da civici ANNCSU
GARLASCO,VIA CANOVA,tutti,,,DGR08,5,0,da civici ANNCSU
GARLASCO,VIA CANTONE,tutti,,,DGR04,19,0,da civici ANNCSU
GARLASCO,VIA CAPPA,tutti,,,DGR08,4,0,da civici ANNCSU
GARLASCO,VIA CARDANO,tutti,,,DGR08,4,0,da civici ANNCSU
GARLASCO,VIA CARLO GOLDONI,tutti,,,DGR08,8,0,da civici ANNCSU
GARLASCO,VIA CASTELLANI,tutti,,,DGR04,6,0,da civici ANNCSU
GARLASCO,VIA CERVINO,tutti,,,DGR06,35,0,da civici ANNCSU
GARLASCO,VIA CESARE BATTISTI,tutti,,,DGR08,3,0,da civici ANNCSU
GARLASCO,VIA CESARE PAVESE,tutti,,,DGR08,16,0,da civici ANNCSU
GARLASCO,VIA CHE GUEVARA,tutti,,,DGR08,2,0,da civici ANNCSU
GARLASCO,VIA CIRO MENOTTI,tutti,,,DGR08,3,0,da civici ANNCSU
GARLASCO,VIA CUSTOZA,tutti,,,DGR06,8,0,da civici ANNCSU
GARLASCO,VIA DAMIANO CHIESA,tutti,,,DGR04,8,0,da civici ANNCSU
GARLASCO,VIA DANTE ALIGHIERI,tutti,,,DGR08,9,0,da civici ANNCSU
GARLASCO,VIA DE AMICIS,tutti,,,DGR08,25,0,da civici ANNCSU
GARLASCO,VIA DEI MOLINAI,tutti,,,DGR06,27,0,da prese Neta
GARLASCO,VIA DEL CARRETTO,tutti,,,DGR08,46,0,da civici ANNCSU
GARLASCO,VIA DELEDDA,tutti,,,DGR08,15,0,da civici ANNCSU
GARLASCO,VIA DELL'ARTIGIANATO,dispari,,,DGR08,3,0,via divisa tra distretti; da civici ANNCSU
GARLASCO,VIA DELL'ARTIGIANATO,pari,,,DGR01,19,0,via divisa tra distretti; da civici ANNCSU
GARLASCO,VIA DELL'INDUSTRIA,tutti,,,DGR08,10,0,da civici ANNCSU
GARLASCO,VIA DELLA CHIESA,tutti,,,DGR04,38,0,da civici ANNCSU
GARLASCO,VIA DELLA COSTA,tutti,,,DGR04,5,0,da civici ANNCSU
GARLASCO,VIA DELLE AZALEE,tutti,,,DGR06,23,0,da civici ANNCSU
GARLASCO,VIA DELLE MIMOSE,tutti,,,DGR06,5,0,da civici ANNCSU
GARLASCO,VIA DELLE MURA,tutti,,,DGR08,47,0,da civici ANNCSU
GARLASCO,VIA DELLE ORTENSIE,tutti,,,DGR06,8,0,da civici ANNCSU
GARLASCO,VIA DELLE ROSE,tutti,,,DGR06,42,0,da civici ANNCSU
GARLASCO,VIA DEPRETIS,tutti,,,DGR04,7,0,da civici ANNCSU
GARLASCO,VIA DESERTO,tutti,,,DGR08,6,0,da civici ANNCSU
GARLASCO,VIA DIAZ,tutti,,,DGR08,10,0,da civici ANNCSU
GARLASCO,VIA DIMITROV,tutti,,,DGR02,7,0,da civici ANNCSU
GARLASCO,VIA DOLOMITI,tutti,,,DGR06,3,0,da civici ANNCSU
GARLASCO,VIA DON BALDUZZI,tutti,,,DGR08,16,0,da civici ANNCSU
GARLASCO,VIA DON ENRICO TAZZOLI,tutti,,,DGR08,8,0,da civici ANNCSU
GARLASCO,VIA DON GENNARO,tutti,,,DGR08,52,0,da civici ANNCSU
GARLASCO,VIA DON GIOVANNI MINZONI,tutti,,,DGR02,4,0,da civici ANNCSU
GARLASCO,VIA DORNO,tutti,,,DGR08,92,0,da civici ANNCSU
GARLASCO,VIA DUSE,tutti,,,DGR08,8,0,da civici ANNCSU
GARLASCO,VIA EMILIA,tutti,,,DGR08,32,0,da civici ANNCSU
GARLASCO,VIA ENRICO FERMI,tutti,,,DGR08,8,0,da civici ANNCSU
GARLASCO,VIA F.LLI CAIROLI,tutti,,,DGR06,12,0,da civici ANNCSU
GARLASCO,VIA F.LLI ROSSELLI,tutti,,,DGR08,16,0,da civici ANNCSU
GARLASCO,VIA FEDERICO ALBERA,tutti,,,DGR08,31,0,da civici ANNCSU
GARLASCO,VIA FELICE CAVALLOTTI,tutti,,,DGR08,8,0,da civici ANNCSU
GARLASCO,VIA FERRARIS,tutti,,,DGR08,8,0,da civici ANNCSU
GARLASCO,VIA FERRETTI N.,tutti,,,DGR04,2,0,da civici ANNCSU
GARLASCO,VIA FILIPPO TURATI,tutti,,,DGR06,11,0,da civici ANNCSU
GARLASCO,VIA FIORAVANTI,tutti,,,DGR08,8,0,da civici ANNCSU
GARLASCO,VIA FLOREANINI GISELLA,tutti,,,DGR08,7,0,da civici ANNCSU
GARLASCO,VIA FRANCESCO PETRARCA,tutti,,,DGR08,25,0,da civici ANNCSU
GARLASCO,VIA FRANCESCO SAMPIETRO,tutti,,,DGR08,1,0,da prese Neta
GARLASCO,VIA FRASCAROLI ANTONIO,tutti,,7,DGR04,4,0,via divisa tra distretti; da civici ANNCSU
GARLASCO,VIA FRASCAROLI ANTONIO,tutti,8,,DGR06,8,0,via divisa tra distretti; da civici ANNCSU
GARLASCO,VIA FRIULI,tutti,,,DGR02,5,0,da civici ANNCSU
GARLASCO,VIA FUCIK,tutti,,,DGR08,10,0,da civici ANNCSU
GARLASCO,VIA GABETTA,tutti,,,DGR02,4,0,da civici ANNCSU
GARLASCO,VIA GALILEO GALILEI,tutti,,,DGR08,13,0,da prese Neta
GARLASCO,VIA GALLIONE PIERLUIGI,tutti,,,DGR08,17,0,da prese Neta
GARLASCO,VIA GARCIA LORCA,tutti,,,DGR02,3,0,da civici ANNCSU
GARLASCO,VIA GEMITO,tutti,,,DGR08,4,0,da civici ANNCSU
GARLASCO,VIA GENERAL ALESSANDRO VACCANEO,tutti,,,DGR08,21,0,da civici ANNCSU
GARLASCO,VIA GHINAGLIA,tutti,,,DGR02,2,0,da civici ANNCSU
GARLASCO,VIA GIACOMO LEOPARDI,tutti,,,DGR08,14,0,da civici ANNCSU
GARLASCO,VIA GIACOMO MATTEOTTI,tutti,,,DGR08,47,0,da civici ANNCSU
GARLASCO,VIA GIOACCHINO ROSSINI,tutti,,,DGR08,7,0,da civici ANNCSU
GARLASCO,VIA GIOBERTI,tutti,,,DGR08,29,0,da civici ANNCSU
GARLASCO,VIA GIOSUE' CARDUCCI,tutti,,,DGR08,37,0,da civici ANNCSU
GARLASCO,VIA GIOVANNI BOCCACCIO,tutti,,,DGR08,12,0,da civici ANNCSU
GARLASCO,VIA GIOVANNI PASCOLI,tutti,,,DGR08,14,0,da civici ANNCSU
GARLASCO,VIA GIOVANNI VERGA,tutti,,,DGR08,1,0,da civici ANNCSU
GARLASCO,VIA GIUSEPPE DI VITTORIO,tutti,,,DGR08,19,0,da civici ANNCSU
GARLASCO,VIA GIUSEPPE PARINI,tutti,,,DGR08,38,0,da civici ANNCSU
GARLASCO,VIA GIUSEPPE UNGARETTI,tutti,,,DGR08,3,0,da civici ANNCSU
GARLASCO,VIA GORIZIA,tutti,,,DGR06,24,0,da civici ANNCSU
GARLASCO,VIA GRASSANO,tutti,,,DGR08,6,0,da civici ANNCSU
GARLASCO,VIA GUGLIELMO MARCONI,tutti,,,DGR08,36,0,da civici ANNCSU
GARLASCO,VIA IPPOLITO NIEVO,tutti,,,DGR02,15,0,da civici ANNCSU
GARLASCO,VIA ISONZO,tutti,,,DGR06,4,0,da civici ANNCSU
GARLASCO,VIA IV NOVEMBRE,tutti,,,DGR06,7,0,da civici ANNCSU
GARLASCO,VIA LA MASA,tutti,,,DGR02,8,0,da civici ANNCSU
GARLASCO,VIA LANCIA,tutti,,,DGR08,9,0,da civici ANNCSU
GARLASCO,VIA LENIN,tutti,,,DGR08,25,0,da civici ANNCSU
GARLASCO,VIA LEONARDO DA VINCI,tutti,,,DGR08,140,0,da civici ANNCSU
GARLASCO,VIA LIGURIA,tutti,,,DGR08,64,0,da civici ANNCSU
GARLASCO,VIA LOMBARDIA,tutti,,,DGR08,38,0,da civici ANNCSU
GARLASCO,VIA LONGO,tutti,,,DGR02,9,0,da civici ANNCSU
GARLASCO,VIA LUCCHINA,tutti,,,DGR08,8,0,da civici ANNCSU
GARLASCO,VIA LUCERTINA,tutti,,,DGR04,8,0,da civici ANNCSU
GARLASCO,VIA LUCOMAGNO,tutti,,,DGR06,13,0,da civici ANNCSU
GARLASCO,VIA LUDOVICO ARIOSTO,tutti,,,DGR08,18,0,da civici ANNCSU
GARLASCO,VIA LUIGI EINAUDI,tutti,,,DGR08,6,0,da civici ANNCSU
GARLASCO,VIA LUIGI GALVANI,tutti,,,DGR08,16,0,da civici ANNCSU
GARLASCO,VIA MADDALENA,tutti,,,DGR08,21,0,da civici ANNCSU
GARLASCO,VIA MADONNA DELLA BOZZOLA,tutti,,85,DGR08,65,0,via divisa tra distretti; da civici ANNCSU
GARLASCO,VIA MADONNA DELLA BOZZOLA,tutti,86,,DGR06,41,4,via divisa tra distretti; da civici ANNCSU
GARLASCO,VIA MAGELLANO,tutti,,,DGR08,8,0,da civici ANNCSU
GARLASCO,VIA MASCHERONI,tutti,,,DGR06,14,0,da civici ANNCSU
GARLASCO,VIA MASTRONARDI,tutti,,,DGR08,10,0,da civici ANNCSU
GARLASCO,VIA MAZZINI,tutti,,,DGR08,20,0,da civici ANNCSU
GARLASCO,VIA MILANO,tutti,,,DGR06,40,0,da civici ANNCSU
GARLASCO,VIA MISSORI,tutti,,,DGR08,10,0,da civici ANNCSU
GARLASCO,VIA MODENA,tutti,,,DGR08,10,0,da civici ANNCSU
GARLASCO,VIA MOLINARI,tutti,,,DGR06,32,0,da civici ANNCSU
GARLASCO,VIA MONTE PENICE,tutti,,,DGR06,4,0,da civici ANNCSU
GARLASCO,VIA MONTE STELVIO,tutti,,,DGR06,1,0,da civici ANNCSU
GARLASCO,VIA MONTEBIANCO,tutti,,,DGR06,13,0,da prese Neta
GARLASCO,VIA MONTEGRAPPA,tutti,,,DGR06,4,0,da prese Neta
GARLASCO,VIA MONTELLO,tutti,,,DGR06,34,0,da civici ANNCSU
GARLASCO,VIA MONTENERO,tutti,,,DGR06,3,0,da prese Neta
GARLASCO,VIA MONTESSORI,tutti,,,,16,0,"a cavallo, non controllata (DGR08 13, DGR06 3); da civici ANNCSU"
GARLASCO,VIA MONTI VINCENZO,tutti,,,DGR08,13,0,da civici ANNCSU
GARLASCO,VIA MONVISO,tutti,,,DGR06,2,0,da civici ANNCSU
GARLASCO,VIA MORUZZI,tutti,,,DGR08,8,0,da civici ANNCSU
GARLASCO,VIA MOTTARONE,tutti,,,DGR06,4,0,da civici ANNCSU
GARLASCO,VIA MULINO,tutti,,,DGR08,33,0,da civici ANNCSU
GARLASCO,VIA NAZARIO SAURO,tutti,,,DGR08,7,0,da civici ANNCSU
GARLASCO,VIA NICOLO' COPERNICO,tutti,,,DGR08,18,0,da civici ANNCSU
GARLASCO,VIA NINO BIXIO,tutti,,,DGR08,5,0,da civici ANNCSU
GARLASCO,VIA ORIANI,tutti,,,DGR08,18,0,da civici ANNCSU
GARLASCO,VIA PAGLIAZZO,tutti,,,DGR06,27,0,da civici ANNCSU
GARLASCO,VIA PALESTRO,tutti,,,DGR06,5,0,da civici ANNCSU
GARLASCO,VIA PARASACCO,tutti,,,DGR04,1,0,da civici ANNCSU
GARLASCO,VIA PAVIA,tutti,,,DGR08,53,0,da civici ANNCSU
GARLASCO,VIA PAZZI G.,tutti,,,DGR02,8,0,da civici ANNCSU
GARLASCO,VIA PESSINA,tutti,,,DGR08,26,0,da civici ANNCSU
GARLASCO,VIA PIAVE,tutti,,,DGR08,5,0,da civici ANNCSU
GARLASCO,VIA PIEMONTE,tutti,,,DGR08,23,0,da civici ANNCSU
GARLASCO,VIA PIETRO MASCAGNI,tutti,,,DGR08,21,0,da civici ANNCSU
GARLASCO,VIA PIETRO NENNI,tutti,,,DGR08,12,0,da civici ANNCSU
GARLASCO,VIA PISACANE,tutti,,,DGR08,4,0,da civici ANNCSU
GARLASCO,VIA POLLINI,tutti,,,DGR08,2,0,da civici ANNCSU
GARLASCO,VIA PUGLIA,tutti,,,DGR08,8,0,da civici ANNCSU
GARLASCO,VIA RAFFAELLO SANZIO,tutti,,,DGR08,23,0,da civici ANNCSU
GARLASCO,VIA REALE,tutti,,,DGR08,35,0,da civici ANNCSU
GARLASCO,VIA REALETTA,tutti,,,DGR08,75,0,da civici ANNCSU
GARLASCO,VIA REDIPUGLIA,tutti,,,DGR06,1,0,da civici ANNCSU
GARLASCO,VIA RESEGONE,tutti,,,DGR06,5,0,da civici ANNCSU
GARLASCO,VIA RODOLFO MORANDI,tutti,,,DGR02,2,0,da civici ANNCSU
GARLASCO,VIA ROMA,tutti,,,DGR08,94,0,da civici ANNCSU
GARLASCO,VIA S. MARTINO,tutti,,,DGR06,8,0,da civici ANNCSU
GARLASCO,VIA S. ZENO,tutti,,,DGR08,37,0,da civici ANNCSU
GARLASCO,VIA S.LUCIA,tutti,,43,DGR08,44,0,via divisa tra distretti; da prese Neta
GARLASCO,VIA S.LUCIA,tutti,44,,DGR06,43,0,via divisa tra distretti; da prese Neta
GARLASCO,VIA SALVATOR ROSA,tutti,,,DGR08,14,0,da civici ANNCSU
GARLASCO,VIA SAMPIETRO,tutti,,,DGR08,5,0,da civici ANNCSU
GARLASCO,VIA SAN BIAGIO,tutti,,,DGR06,58,0,da civici ANNCSU
GARLASCO,VIA SAN GIORGIO,tutti,,,DGR04,1,0,da civici ANNCSU
GARLASCO,VIA SAN PIETRO,tutti,,,DGR08,61,0,da civici ANNCSU
GARLASCO,VIA SAN ROCCO,tutti,,,DGR08,10,0,da civici ANNCSU
GARLASCO,VIA SANTA MARIA,tutti,,,DGR08,64,0,da civici ANNCSU
GARLASCO,VIA SANTINI,tutti,,,DGR08,8,0,da civici ANNCSU
GARLASCO,VIA SCALINA,tutti,,,DGR08,40,0,da civici ANNCSU
GARLASCO,VIA SCOVA,tutti,,,DGR06,7,0,da civici ANNCSU
GARLASCO,VIA SEMPIONE,tutti,,,DGR06,18,0,da civici ANNCSU
GARLASCO,VIA SERAFINI,tutti,,,DGR08,3,0,da civici ANNCSU
GARLASCO,VIA SFORZESCA,tutti,,,DGR08,1,0,da civici ANNCSU
GARLASCO,VIA SIBERIA,tutti,,,DGR08,17,0,da civici ANNCSU
GARLASCO,VIA SIEPI,tutti,,,DGR08,12,0,da civici ANNCSU
GARLASCO,VIA SILVIO PELLICO,tutti,,,DGR08,14,0,da civici ANNCSU
GARLASCO,VIA SIRTORI,tutti,,,DGR02,9,0,da civici ANNCSU
GARLASCO,VIA SOLFERINO,tutti,,,DGR06,21,0,da civici ANNCSU
GARLASCO,VIA SONNO,tutti,,,DGR08,14,0,da civici ANNCSU
GARLASCO,VIA SOZZI,tutti,,,DGR02,3,0,da civici ANNCSU
GARLASCO,VIA SPLUGA,tutti,,,DGR06,5,0,da civici ANNCSU
GARLASCO,VIA SS.TRINITA',tutti,,,DGR08,9,0,da prese Neta
GARLASCO,VIA STRIELLA,tutti,,,DGR02,8,0,da civici ANNCSU
GARLASCO,VIA TERESIO OLIVELLI,tutti,,,DGR08,11,0,da civici ANNCSU
GARLASCO,VIA TICINO,tutti,,,DGR04,109,0,da civici ANNCSU
GARLASCO,VIA TOLEDO,tutti,,,DGR08,28,0,da civici ANNCSU
GARLASCO,VIA TORRICELLI,tutti,,,DGR08,14,0,da civici ANNCSU
GARLASCO,VIA TORRIONE,tutti,,,DGR08,6,0,da civici ANNCSU
GARLASCO,VIA TOSCANA,tutti,,,DGR08,7,0,da civici ANNCSU
GARLASCO,VIA TRAMIA,tutti,,,DGR08,90,0,da civici ANNCSU
GARLASCO,VIA TRENTO,tutti,,,DGR06,16,0,da civici ANNCSU
GARLASCO,VIA TRIESTE,tutti,,,DGR06,24,0,da civici ANNCSU
GARLASCO,VIA TROMELLO,tutti,,,DGR08,44,0,da civici ANNCSU
GARLASCO,VIA UGO FOSCOLO,tutti,,,DGR08,5,0,da civici ANNCSU
GARLASCO,VIA UMBRIA,tutti,,,DGR08,12,0,da civici ANNCSU
GARLASCO,VIA VALTELLINA,tutti,,,DGR06,3,0,da civici ANNCSU
GARLASCO,VIA VEC. BOZZOLA,tutti,,,DGR06,4,0,da prese Neta
GARLASCO,VIA VECCHIA D'ANTONA,tutti,,,DGR06,16,1,da civici ANNCSU
GARLASCO,VIA VENETO,tutti,,,DGR08,15,0,da civici ANNCSU
GARLASCO,VIA VERDI,tutti,,,DGR08,23,0,da civici ANNCSU
GARLASCO,VIA VERNE GIULIO,tutti,,,DGR08,21,0,da civici ANNCSU
GARLASCO,VIA VILLANI F.LLI,tutti,,,DGR08,11,0,da civici ANNCSU
GARLASCO,VIA VINCENZO BELLINI,tutti,,,DGR08,23,0,da civici ANNCSU
GARLASCO,VIA VITTORIO VENETO,tutti,,,DGR08,42,0,da civici ANNCSU
GARLASCO,VIA VOLTONE,tutti,,,DGR08,13,0,da civici ANNCSU
GARLASCO,VIA XX SETTEMBRE,tutti,,,DGR06,2,0,da civici ANNCSU
GARLASCO,VIA ZANINETTA,tutti,,,DGR06,40,0,da civici ANNCSU
GARLASCO,VIALE NATTA GIULIO,tutti,,,DGR01,4,0,da civici ANNCSU
GARLASCO,VIALE XXV APRILE,tutti,,,DGR08,12,0,da civici ANNCSU
GARLASCO,VICOLO ACCADEMIA,tutti,,,DGR08,17,0,da civici ANNCSU
GARLASCO,VICOLO CAMPANILE,tutti,,,DGR08,11,0,da civici ANNCSU
GARLASCO,VICOLO CAMPESTRE,tutti,,,DGR08,17,0,da civici ANNCSU
GARLASCO,VICOLO CHIUSO,tutti,,,DGR08,5,0,da civici ANNCSU
GARLASCO,VICOLO CIECO,tutti,,,DGR08,12,0,da civici ANNCSU
GARLASCO,VICOLO CINTA,tutti,,,DGR08,15,0,da civici ANNCSU
GARLASCO,VICOLO CONSORTILE,tutti,,,DGR08,13,0,da civici ANNCSU
GARLASCO,VICOLO CORTO,tutti,,,DGR08,12,0,da civici ANNCSU
GARLASCO,VICOLO DEL FORNO,tutti,,,DGR08,22,0,da civici ANNCSU
GARLASCO,VICOLO DEL TEATRO,tutti,,,DGR08,33,0,da civici ANNCSU
GARLASCO,VICOLO DELLA BELLA,tutti,,,DGR08,12,0,da civici ANNCSU
GARLASCO,VICOLO FELICITA',tutti,,,DGR08,11,0,da civici ANNCSU
GARLASCO,VICOLO FORTUNA,tutti,,,DGR08,15,0,da civici ANNCSU
GARLASCO,VICOLO FOSSA,tutti,,,DGR08,15,0,da civici ANNCSU
GARLASCO,VICOLO GABBA,tutti,,,DGR08,14,0,da civici ANNCSU
GARLASCO,VICOLO MONCO,tutti,,,DGR08,8,0,da civici ANNCSU
GARLASCO,VICOLO MURATO,tutti,,,DGR08,9,0,da civici ANNCSU
GARLASCO,VICOLO OMBROSO,tutti,,,DGR08,7,0,da civici ANNCSU
GARLASCO,VICOLO OSCURO,tutti,,,DGR08,20,0,da civici ANNCSU
GARLASCO,VICOLO PERDUTO,tutti,,,DGR08,15,0,da civici ANNCSU
GARLASCO,VICOLO PONTE,tutti,,,DGR08,19,0,da civici ANNCSU
GARLASCO,VICOLO PORTA,tutti,,,DGR08,24,0,da civici ANNCSU
GARLASCO,VICOLO PORTONE,tutti,,,DGR08,55,0,da civici ANNCSU
GARLASCO,VICOLO RISORTO,tutti,,,DGR08,7,0,da civici ANNCSU
GARLASCO,VICOLO ROGGIA,tutti,,,DGR08,18,0,da civici ANNCSU
GARLASCO,VICOLO RUSTICO,tutti,,,DGR08,12,0,da civici ANNCSU
GARLASCO,VICOLO SALIENTE,tutti,,,DGR08,13,0,da civici ANNCSU
GARLASCO,VICOLO SCABROSO,tutti,,,DGR08,29,0,da civici ANNCSU
GARLASCO,VICOLO SCUOLE,tutti,,,DGR08,3,0,da civici ANNCSU
GARLASCO,VICOLO SERRATO,tutti,,,DGR08,9,0,da civici ANNCSU
GARLASCO,VICOLO SOCCORSO,tutti,,,DGR08,3,0,da civici ANNCSU
GARLASCO,VICOLO SOLITARIO,tutti,,,DGR08,15,0,da civici ANNCSU
GARLASCO,VICOLO SPEZZATO,tutti,,,DGR08,4,0,da civici ANNCSU
GARLASCO,VICOLO SPINOSO,tutti,,,DGR08,16,0,da civici ANNCSU
GARLASCO,VICOLO TINTORI,tutti,,,DGR08,23,0,da civici ANNCSU
GARLASCO,VICOLO TROMBA,tutti,,,DGR08,17,0,da civici ANNCSU
GARLASCO,VICOLO TRONCO,tutti,,,DGR08,5,0,da civici ANNCSU
GARLASCO,VICOLO VIENNA,tutti,,,DGR08,17,0,da civici ANNCSU
GIUSSAGO,CASCINA ALTOMIRA,tutti,,,DGSG05,1,0,da prese Neta
GIUSSAGO,CASCINA CASSINASSA,tutti,,,DGSG04,1,0,da prese Neta
GIUSSAGO,CASCINA CROCIONE,tutti,,,DGSG04,8,0,da prese Neta
GIUSSAGO,CASCINA GHISALBA,tutti,,,DGSG05,6,0,da prese Neta
GIUSSAGO,CASCINA MAGGIORE,tutti,,,DGSG04,3,0,da prese Neta
GIUSSAGO,CASCINA NOVEDO,tutti,,,DGSG02,4,0,da prese Neta
GIUSSAGO,CASCINA RONCHETTO,tutti,,,DGSG04,5,0,da prese Neta
GIUSSAGO,FRAZIONE LICONASCO,tutti,,,DGSG02,21,0,da prese Neta
GIUSSAGO,PIAZZA DEL VOLONTARIATO,tutti,,,DGSG06,1,0,da civici ANNCSU
GIUSSAGO,VIA ALDO MORO,tutti,,,DGSG05,19,1,da civici ANNCSU
GIUSSAGO,VIA ALESSANDRO MANZONI,tutti,,,DGSG06,26,0,da civici ANNCSU
GIUSSAGO,VIA ALESSANDRO VOLTA,tutti,,,DGSG06,14,0,da civici ANNCSU
GIUSSAGO,VIA ANTONIO GRAMSCI,tutti,,,DGSG06,46,0,da civici ANNCSU
GIUSSAGO,VIA ANTONIO MEUCCI,tutti,,,DGSG05,16,0,da civici ANNCSU
GIUSSAGO,VIA AOSTA,tutti,,,DGSG04,18,0,da civici ANNCSU
GIUSSAGO,VIA ARTIGIANI,tutti,,,DGSG06,23,0,da civici ANNCSU
GIUSSAGO,VIA BARONA,tutti,,,DGSG05,12,0,da civici ANNCSU
GIUSSAGO,VIA BENEDETTO CROCE,tutti,,,DGSG05,35,0,da civici ANNCSU
GIUSSAGO,VIA CASCINA DARSENA,tutti,,,DGSG04,1,0,da prese Neta
GIUSSAGO,VIA CESARE BATTISTI,tutti,,,DGSG05,26,0,da civici ANNCSU
GIUSSAGO,VIA CORTAZZA,tutti,,,DGSG01,16,0,da civici ANNCSU
GIUSSAGO,VIA DANTE ALIGHIERI,tutti,,,DGSG06,45,0,da civici ANNCSU
GIUSSAGO,VIA DEL SOLE FR.TURAGO BORDONE,tutti,,,DGSG03,56,0,da prese Neta
GIUSSAGO,VIA DELLA PILA-TURAGO BORDONE,tutti,,,DGSG03,40,0,da prese Neta
GIUSSAGO,VIA DELLA PISTA,tutti,,,DGSG06,23,0,da civici ANNCSU
GIUSSAGO,VIA DELLA SPIGA,tutti,,,DGSG03,8,0,da civici ANNCSU
GIUSSAGO,VIA DELLA STAZIONE,tutti,,,DGSG06,11,0,da civici ANNCSU
GIUSSAGO,VIA EDISON,tutti,,,DGSG05,9,0,da civici ANNCSU
GIUSSAGO,VIA ENRICO FERMI,tutti,,,DGSG06,56,0,da civici ANNCSU
GIUSSAGO,VIA F.LLI BANDIERA,tutti,,,DGSG02,49,0,da civici ANNCSU
GIUSSAGO,VIA F.LLI CAIROLI,tutti,,,,49,0,"a cavallo, non controllata (DGSG06 43, DGSG05 6); da civici ANNCSU"
GIUSSAGO,VIA F.LLI ROSSELLI,tutti,,,DGSG04,53,0,da civici ANNCSU
GIUSSAGO,VIA F.LLI TESTA FRAZ.GUINZANO,tutti,,,DGSG06,53,0,da prese Neta
GIUSSAGO,VIA FILIPPO TURATI,tutti,,,DGSG06,9,0,da civici ANNCSU
GIUSSAGO,VIA FRATELLI CERVI,tutti,,,DGSG06,64,0,da civici ANNCSU
GIUSSAGO,VIA GALILEO GALILEI - GUINZANO,tutti,,,DGSG06,2,0,da civici ANNCSU
GIUSSAGO,VIA GARIBALDI FRAZ.NOVEDO,tutti,,,DGSG02,107,0,da prese Neta
GIUSSAGO,VIA GIACOMO MATTEOTTI,tutti,,,DGSG03,18,0,da civici ANNCSU
GIUSSAGO,VIA GIOSUE' CARDUCCI,tutti,,,DGSG05,41,0,da civici ANNCSU
GIUSSAGO,VIA GIOVANNI AMENDOLA,tutti,,,DGSG05,11,0,da prese Neta
GIUSSAGO,VIA GIUSEPPE DI VITTORIO,tutti,,,DGSG01,75,0,da civici ANNCSU
GIUSSAGO,VIA GIUSEPPE MAZZINI,tutti,,,DGSG04,37,0,da civici ANNCSU
GIUSSAGO,VIA GIUSEPPE VERDI,tutti,,,DGSG06,19,0,da civici ANNCSU
GIUSSAGO,VIA GRANDE,tutti,,,DGSG03,109,0,da civici ANNCSU
GIUSSAGO,VIA GUGLIELMO MARCONI,tutti,,,DGSG05,118,1,da civici ANNCSU
GIUSSAGO,VIA I MAGGIO,tutti,,,DGSG06,20,0,da civici ANNCSU
GIUSSAGO,VIA LAGHETTO FR.TURAGO BORDONE,tutti,,,DGSG03,32,0,da prese Neta
GIUSSAGO,VIA LANZONI,tutti,,,DGSG05,11,0,da prese Neta
GIUSSAGO,VIA LEONARDO DA VINCI,tutti,,,DGSG06,8,0,da civici ANNCSU
GIUSSAGO,VIA LOMBARDIA,tutti,,,DGSG04,25,0,da civici ANNCSU
GIUSSAGO,VIA LONGO,tutti,,,DGSG05,31,0,da civici ANNCSU
GIUSSAGO,VIA MACHIAVELLI - GUINZANO,tutti,,,DGSG06,46,0,da prese Neta
GIUSSAGO,VIA MICHELANGELO - GUINZANO,tutti,,,DGSG06,74,0,da prese Neta
GIUSSAGO,VIA MILANO FRAZ.NIVOLTO,tutti,,,DGSG05,41,0,da prese Neta
GIUSSAGO,VIA MOLINO DEI PROTTI,tutti,,,DGSG06,5,0,da prese Neta
GIUSSAGO,VIA MORIAGO,tutti,,,DGSG02,3,0,da prese Neta
GIUSSAGO,VIA NEGRONI,tutti,,,DGSG06,15,0,da civici ANNCSU
GIUSSAGO,VIA NERUDA - GUINZANO,tutti,,,DGSG06,11,0,da prese Neta
GIUSSAGO,VIA PALMIRO TOGLIATTI,tutti,,,DGSG01,25,0,da civici ANNCSU
GIUSSAGO,VIA PAPA GIOVANNI XXIII,tutti,,,DGSG05,17,0,da prese Neta
GIUSSAGO,VIA PER CASATICO - LICONASCO,tutti,,,DGSG02,1,0,da prese Neta
GIUSSAGO,VIA PIAVE,tutti,,,DGSG06,23,0,da civici ANNCSU
GIUSSAGO,VIA PIETRO NENNI,tutti,,,DGSG05,38,0,da civici ANNCSU
GIUSSAGO,VIA PITAGORA,tutti,,,DGSG05,26,0,da civici ANNCSU
GIUSSAGO,VIA PLATANI,tutti,,,DGSG01,45,0,da civici ANNCSU
GIUSSAGO,VIA RESISTENZA,tutti,,,DGSG05,14,0,da civici ANNCSU
GIUSSAGO,VIA ROMA,tutti,,,DGSG05,222,0,da civici ANNCSU
GIUSSAGO,VIA SAN BERNARDO,tutti,,,DGSG05,33,0,da civici ANNCSU
GIUSSAGO,VIA SANTA ONORATA,tutti,,,DGSG02,46,0,da civici ANNCSU
GIUSSAGO,VIA SPINELLI,tutti,,,DGSG05,21,0,da civici ANNCSU
GIUSSAGO,VIA TRAVIGANTI,tutti,,,DGSG05,37,0,da civici ANNCSU
GIUSSAGO,VIA TRENTO,tutti,,,DGSG05,23,0,da civici ANNCSU
GIUSSAGO,VIA TRIESTE,tutti,,,DGSG05,8,0,da civici ANNCSU
GIUSSAGO,VIA UGO FOSCOLO,tutti,,,DGSG06,26,0,da civici ANNCSU
GIUSSAGO,VIA UMBRIA,tutti,,,DGSG04,27,0,da civici ANNCSU
GIUSSAGO,VIA VITTORIO VENETO,tutti,,,DGSG06,4,0,da civici ANNCSU
LANDRIANO,CASC. ROBECCO,tutti,,,DLD04,2,0,da prese Neta
LANDRIANO,CASCINA FOINA,tutti,,,DLD03,1,0,da prese Neta
LANDRIANO,CASCINA LIVELLINA,tutti,,,DLD02,1,0,da prese Neta
LANDRIANO,CASCINA VERCELLI,tutti,,,DLD03,1,0,da prese Neta
LANDRIANO,CASCINA ZANAROCCA,tutti,,,DLD04,1,0,da prese Neta
LANDRIANO,PIAZZA 8 MARZO,tutti,,,DLD04,3,0,da prese Neta
LANDRIANO,PIAZZA E. MATTEI,tutti,,,DLD04,1,0,da prese Neta
LANDRIANO,PIAZZA GARIBALDI,tutti,,,DLD04,19,0,da prese Neta
LANDRIANO,PIAZZA GUIDO ROSSA,tutti,,,DLD04,1,0,da prese Neta
LANDRIANO,PIAZZA MARCONI,tutti,,,DLD04,14,0,da prese Neta
LANDRIANO,PIAZZA PICCOLA,tutti,,,DLD04,9,0,da prese Neta
LANDRIANO,PIAZZA PURIFICAZIONE MARIA VER,tutti,,,DLD03,22,0,da prese Neta
LANDRIANO,PIAZZA SALVADOR ALLENDE,tutti,,,DLD04,19,0,da prese Neta
LANDRIANO,SS. 412 NUOVA VAL TIDONE,tutti,,,DLD04,1,0,da prese Neta
LANDRIANO,VIA A.ANIASI,tutti,,,DLD01,1,0,da prese Neta
LANDRIANO,VIA ACHILLE GRANDI,tutti,,,DLD04,40,0,da prese Neta
LANDRIANO,VIA ALCIDE DE GASPERI,tutti,,,DLD04,22,0,da prese Neta
LANDRIANO,VIA ALDO MORO,tutti,,,DLD04,21,0,da prese Neta
LANDRIANO,VIA ANNA FRANK,tutti,,,DLD04,15,0,da prese Neta
LANDRIANO,VIA ANTONIO GRAMSCI,tutti,,,DLD04,30,0,da prese Neta
LANDRIANO,VIA BRAMBILLA,tutti,,,DLD04,41,0,da prese Neta
LANDRIANO,VIA BUFFALORA,tutti,,,DLD03,6,0,da prese Neta
LANDRIANO,VIA BUSSANA,tutti,,,DLD03,13,0,da prese Neta
LANDRIANO,VIA C.CASSOLA FRAZ.PAIRANA,tutti,,,DLD03,6,0,da prese Neta
LANDRIANO,VIA CARLO AZELIO CIAMPI,tutti,,,DLD04,1,0,da prese Neta
LANDRIANO,VIA CARLO CATTANEO,tutti,,,DLD04,8,0,da prese Neta
LANDRIANO,VIA CASE LA PORTA,tutti,,,DLD04,5,0,da prese Neta
LANDRIANO,VIA CASTELLO,tutti,,,DLD03,2,0,da prese Neta
LANDRIANO,VIA CERCA,tutti,,,DLD04,40,0,da prese Neta
LANDRIANO,VIA CIMITERO VECCHIO,tutti,,,DLD04,63,0,da prese Neta
LANDRIANO,VIA CIRANO,tutti,,,DLD01,36,0,da prese Neta
LANDRIANO,VIA CORTE BUFFALORA,tutti,,,DLD03,3,0,da prese Neta
LANDRIANO,VIA COSTA,tutti,,,DLD04,15,0,da prese Neta
LANDRIANO,VIA CROSIO,tutti,,,DLD04,47,0,da prese Neta
LANDRIANO,VIA D. RICOTTI,tutti,,,DLD04,9,0,da prese Neta
LANDRIANO,VIA DELLA ROCCA,tutti,,,DLD04,3,0,da prese Neta
LANDRIANO,VIA DELLE ROSE,tutti,,,DLD03,18,0,da prese Neta
LANDRIANO,VIA DON B. TRABATTI,tutti,,,DLD04,11,0,da prese Neta
LANDRIANO,VIA DON PRIMO MAZZOLARI,tutti,,,DLD04,20,0,da prese Neta
LANDRIANO,VIA E. LUSSU,tutti,,,DLD03,40,0,da prese Neta
LANDRIANO,VIA ENRICO FERMI,tutti,,,DLD04,7,0,da prese Neta
LANDRIANO,VIA F.LLI CAIROLI,tutti,,,DLD04,19,0,da prese Neta
LANDRIANO,VIA F.LLI CERVI,tutti,,,DLD04,67,0,da prese Neta
LANDRIANO,VIA F.LLI ROSSELLI,tutti,,,DLD04,3,0,da prese Neta
LANDRIANO,VIA FERRUCCIO PARRI,tutti,,,DLD04,3,0,da prese Neta
LANDRIANO,VIA FILIPPO TURATI,tutti,,,DLD04,17,0,da prese Neta
LANDRIANO,VIA FOINA,tutti,,,DLD03,3,0,da prese Neta
LANDRIANO,VIA GALILEO GALILEI,tutti,,,DLD04,3,0,da prese Neta
LANDRIANO,VIA GIACOMO BRODOLINI,tutti,,,DLD04,12,0,da prese Neta
LANDRIANO,VIA GIACOMO MATTEOTTI,tutti,,,DLD04,32,0,da prese Neta
LANDRIANO,VIA GIOVANNI AMENDOLA,tutti,,,DLD04,11,0,da prese Neta
LANDRIANO,VIA GIOVANNI FALCONE,tutti,,,DLD04,10,0,da prese Neta
LANDRIANO,VIA GIUSEPPE DI VITTORIO,tutti,,,DLD04,20,0,da prese Neta
LANDRIANO,VIA GIUSEPPE MAZZINI,tutti,,,DLD04,11,0,da prese Neta
LANDRIANO,VIA GIUSEPPE VERDI,tutti,,,DLD04,8,0,da prese Neta
LANDRIANO,VIA GLICINE,tutti,,,DLD03,12,0,da prese Neta
LANDRIANO,VIA GORGONA,tutti,,,DLD02,1,0,da prese Neta
LANDRIANO,VIA GRAFFIGNANA,tutti,,,DLD04,39,0,da prese Neta
LANDRIANO,VIA I MAGGIO,tutti,,,DLD04,17,0,da prese Neta
LANDRIANO,VIA INTINI,tutti,,,DLD01,2,0,da prese Neta
LANDRIANO,VIA IV NOVEMBRE,tutti,,,DLD04,61,0,da prese Neta
LANDRIANO,VIA KENNEDY,tutti,,,DLD04,19,0,da prese Neta
LANDRIANO,VIA L. EINAUDI,tutti,,,DLD04,7,0,da prese Neta
LANDRIANO,VIA L.LAMA,tutti,,,DLD04,3,0,da prese Neta
LANDRIANO,VIA LEONARDO DA VINCI,tutti,,,DLD04,8,0,da prese Neta
LANDRIANO,VIA LEONCINA,tutti,,,DLD03,1,0,da prese Neta
LANDRIANO,VIA MARCHESINA,tutti,,,DLD03,1,0,da prese Neta
LANDRIANO,VIA MARCHESONA,tutti,,,DLD03,10,0,da prese Neta
LANDRIANO,VIA MARCO BIAGI,tutti,,,DLD04,24,0,da prese Neta
LANDRIANO,VIA MASSIMO D'ANTONA,tutti,,,DLD04,3,0,da prese Neta
LANDRIANO,VIA MICHELANGELO BUONARROTI,tutti,,,DLD04,5,0,da prese Neta
LANDRIANO,VIA MILANO,tutti,,,DLD04,120,0,da prese Neta
LANDRIANO,VIA MONS.ANGELINI,tutti,,,DLD04,3,0,da prese Neta
LANDRIANO,VIA NILDE IOTTI,tutti,,,DLD04,3,0,da prese Neta
LANDRIANO,VIA OPERAI,tutti,,,DLD04,39,0,da prese Neta
LANDRIANO,VIA ORTENSIE,tutti,,,DLD03,22,0,da prese Neta
LANDRIANO,VIA OSPIZIO,tutti,,,DLD04,5,0,da prese Neta
LANDRIANO,VIA PADRE BALDUCCI,tutti,,,DLD04,2,0,da prese Neta
LANDRIANO,VIA PAIRANA,tutti,,,DLD03,1,0,da prese Neta
LANDRIANO,VIA PALMIRO TOGLIATTI,tutti,,,DLD04,10,0,da prese Neta
LANDRIANO,VIA PAOLO BORSELLINO,tutti,,,DLD04,50,0,da prese Neta
LANDRIANO,VIA PAPA GIOVANNI PAOLO II,tutti,,,DLD03,19,0,da prese Neta
LANDRIANO,VIA PAPA GIOVANNI XXIII,tutti,,,DLD04,47,0,da prese Neta
LANDRIANO,VIA PIETRO NENNI,tutti,,,DLD04,14,0,da prese Neta
LANDRIANO,VIA PORTONE,tutti,,,DLD03,21,0,da prese Neta
LANDRIANO,VIA PRIMO LEVI,tutti,,,DLD03,29,0,da prese Neta
LANDRIANO,VIA RIMEMBRANZE,tutti,,,DLD04,4,0,da prese Neta
LANDRIANO,VIA ROBECCO,tutti,,,DLD04,2,0,da prese Neta
LANDRIANO,VIA ROMA,tutti,,,DLD04,18,0,da prese Neta
LANDRIANO,VIA SALVO D'ACQUISTO,tutti,,,DLD04,2,0,da prese Neta
LANDRIANO,VIA SAN GLICERIO,tutti,,,DLD04,7,0,da prese Neta
LANDRIANO,VIA SAN QUIRICO,tutti,,,DLD04,47,0,da prese Neta
LANDRIANO,VIA SAN ROCCO,tutti,,,DLD04,52,0,da prese Neta
LANDRIANO,VIA SAN VITTORE,tutti,,,DLD04,31,0,da prese Neta
LANDRIANO,VIA SANDRO PERTINI,tutti,,,DLD04,14,0,da prese Neta
LANDRIANO,VIA SILVIO PELLICO,tutti,,,DLD04,3,0,da prese Neta
LANDRIANO,VIA TRIESTE,tutti,,,DLD04,19,0,da prese Neta
LANDRIANO,VIA UGO LA MALFA,tutti,,,DLD04,1,0,da prese Neta
LANDRIANO,VIA XXV APRILE,tutti,,,DLD04,48,0,da prese Neta
LANDRIANO,VIALE DELLA RESISTENZA,tutti,,,DLD04,28,0,da prese Neta
LANDRIANO,VIALE ENRICO BERLINGUER,tutti,,,DLD04,10,0,da prese Neta
MEDE,CORSO CAVOUR,tutti,,,DMD08,55,0,da prese Neta
MEDE,CORSO ITALIA,tutti,,,DMD08,40,0,da prese Neta
MEDE,CORSO VITTORIO VENETO,tutti,,,DMD08,72,0,da prese Neta
MEDE,FRAZIONE PARZANO,tutti,,,DMD06,1,0,da prese Neta
MEDE,FRAZIONE TORTOROLO,tutti,,,DMD03,6,0,da prese Neta
MEDE,LARGO DOTT. G. VITALE,tutti,,,DMD08,2,0,da prese Neta
MEDE,LARGO GEN. MAGNANI,tutti,,,DMD08,14,0,da prese Neta
MEDE,PIAZZA A. DA GIUSSANO,tutti,,,DMD08,1,0,da prese Neta
MEDE,PIAZZA AMISANI,tutti,,,DMD08,3,0,da prese Neta
MEDE,PIAZZA COSTITUZIONE,tutti,,,DMD08,2,0,da prese Neta
MEDE,PIAZZA DELLA REPUBBLICA,tutti,,,DMD08,15,0,da prese Neta
MEDE,PIAZZA FAUSTO COPPI,tutti,,,DMD08,3,0,da prese Neta
MEDE,PIAZZA MARCONI,tutti,,,DMD08,15,0,da prese Neta
MEDE,PIAZZA XX SETTEMBRE,tutti,,,DMD08,12,0,da prese Neta
MEDE,STRADA PIANCONE,tutti,,,DMD08,25,0,da prese Neta
MEDE,STRADA PROVINCIALE 193,tutti,,,DMD08,2,0,da prese Neta
MEDE,VIA ACHILLE GRANDI,tutti,,,DMD08,13,0,da prese Neta
MEDE,VIA ALDO MORO,tutti,,,DMD01,6,0,da prese Neta
MEDE,VIA ALESSANDRO MANZONI,tutti,,,DMD08,31,0,da prese Neta
MEDE,VIA ANDREA COSTA,tutti,,,DMD08,74,0,da prese Neta
MEDE,VIA ANTONIO GRAMSCI,tutti,,,DMD08,23,0,da prese Neta
MEDE,VIA BASSO,tutti,,,DMD08,28,0,da prese Neta
MEDE,VIA BELLONCELLI,tutti,,,DMD08,1,0,da prese Neta
MEDE,VIA BELLONE,tutti,,,DMD08,27,0,da prese Neta
MEDE,VIA BENEDETTO CROCE,tutti,,,DMD08,5,0,da prese Neta
MEDE,VIA BESOSTRI,tutti,,,DMD08,9,0,da prese Neta
MEDE,VIA C. ARRIGO,tutti,,,DMD08,40,0,da prese Neta
MEDE,VIA CACCIALUPA,tutti,,,DMD08,21,0,da prese Neta
MEDE,VIA CAMUSSONI,tutti,,,DMD08,17,0,da prese Neta
MEDE,VIA CARLO PERONE,tutti,,,DMD01,2,0,da prese Neta
MEDE,VIA CASTELLARO,tutti,,,,19,0,"a cavallo, non controllata (DMD08 16, DMD05 3); da prese Neta"
MEDE,VIA CAVALLINI,tutti,,,DMD08,1,0,da prese Neta
MEDE,VIA CESARE BATTISTI,tutti,,,DMD08,33,0,da prese Neta
MEDE,VIA CORDARA,tutti,,,DMD08,3,0,da prese Neta
MEDE,VIA CURIEL,tutti,,,DMD08,5,0,da prese Neta
MEDE,VIA DANTE ALIGHIERI,tutti,,,DMD08,16,0,da prese Neta
MEDE,VIA DELLE MONDINE,tutti,,,DMD08,11,0,da prese Neta
MEDE,VIA DON CARLO GNOCCHI,tutti,,,DMD08,25,0,da prese Neta
MEDE,VIA DON GIOVANNI MINZONI,tutti,,,DMD08,14,0,da prese Neta
MEDE,VIA DOTT. CASASCO,tutti,,,DMD08,12,0,da prese Neta
MEDE,VIA E. CAGNONI,tutti,,,DMD08,14,0,da prese Neta
MEDE,VIA EMILIO ALESSANDRINI,tutti,,,DMD08,17,0,da prese Neta
MEDE,VIA ENRICO FERMI,tutti,,,DMD08,10,0,da prese Neta
MEDE,VIA F.LLI CAIROLI,tutti,,,DMD08,47,0,da prese Neta
MEDE,VIA F.LLI ROSSELLI,tutti,,,DMD08,20,0,da prese Neta
MEDE,VIA F.SANTI,tutti,,,DMD08,20,0,da prese Neta
MEDE,VIA FELICE CAVALLOTTI,tutti,,,DMD08,19,0,da prese Neta
MEDE,VIA GALILEO GALILEI,tutti,,,DMD08,3,0,da prese Neta
MEDE,VIA GIACOMO MATTEOTTI,tutti,,,DMD08,37,0,da prese Neta
MEDE,VIA GIORDANO BRUNO,tutti,,,DMD08,13,0,da prese Neta
MEDE,VIA GIOSUE' CARDUCCI,tutti,,,DMD08,16,0,da prese Neta
MEDE,VIA GIOVANNI AMENDOLA,tutti,,,DMD02,19,0,da prese Neta
MEDE,VIA GIUSEPPE DI VITTORIO,tutti,,,DMD08,13,0,da prese Neta
MEDE,VIA GIUSEPPE GARIBALDI,tutti,,,DMD08,52,0,da prese Neta
MEDE,VIA GIUSEPPE MAZZINI,tutti,,,DMD08,34,0,da prese Neta
MEDE,VIA GROSSI,tutti,,,DMD08,8,0,da prese Neta
MEDE,VIA INVERNIZZI,tutti,,,DMD08,34,0,da prese Neta
MEDE,VIA KENNEDY,tutti,,,DMD08,4,0,da prese Neta
MEDE,VIA LENIN,tutti,,,DMD08,9,0,da prese Neta
MEDE,VIA LEONARDO DA VINCI,tutti,,,DMD08,2,0,da prese Neta
MEDE,VIA LUXEMBURG,tutti,,,DMD08,15,0,da prese Neta
MEDE,VIA M. LUTHER KING,tutti,,,DMD08,1,0,da prese Neta
MEDE,VIA MAGNANI,tutti,,,DMD08,7,0,da prese Neta
MEDE,VIA MANERA,tutti,,,DMD08,2,0,da prese Neta
MEDE,VIA MARIO SEVA,tutti,,,DMD08,14,0,da prese Neta
MEDE,VIA MARX,tutti,,,DMD08,10,0,da prese Neta
MEDE,VIA MASSAZZA,tutti,,,DMD08,21,0,da prese Neta
MEDE,VIA MATTEI,tutti,,,DMD08,22,0,da prese Neta
MEDE,VIA MENTANA,tutti,,,DMD08,34,0,da prese Neta
MEDE,VIA MONTEMARTINI,tutti,,,DMD02,2,0,da prese Neta
MEDE,VIA MORONONI,tutti,,,DMD08,3,0,da prese Neta
MEDE,VIA MULINO,tutti,,,DMD08,15,0,da prese Neta
MEDE,VIA OLMAZZO,tutti,,,DMD02,1,0,da prese Neta
MEDE,VIA PALAZZIETTA,tutti,,,DMD08,32,0,da prese Neta
MEDE,VIA PALESTRO,tutti,,,DMD08,24,0,da prese Neta
MEDE,VIA PALMIRO TOGLIATTI,tutti,,,DMD08,29,0,da prese Neta
MEDE,VIA PAOLO BORSELLINO,tutti,,,DMD01,2,0,da prese Neta
MEDE,VIA PAPA GIOVANNI XXIII,tutti,,,DMD08,2,0,da prese Neta
MEDE,VIA PECETO,tutti,,,DMD08,30,0,da prese Neta
MEDE,VIA PEROSI,tutti,,,DMD08,3,0,da prese Neta
MEDE,VIA PIERO GOBETTI,tutti,,,DMD08,3,0,da prese Neta
MEDE,VIA PROF. ROCCA,tutti,,,DMD08,7,0,da prese Neta
MEDE,VIA ROGNONI,tutti,,,DMD08,7,0,da prese Neta
MEDE,VIA S. BERNARDINO,tutti,,,DMD08,10,0,da prese Neta
MEDE,VIA SACERDOTE,tutti,,,DMD08,7,0,da prese Neta
MEDE,VIA SALVADOR ALLENDE,tutti,,,DMD08,17,0,da prese Neta
MEDE,VIA SILVIO PELLICO,tutti,,,DMD08,52,0,da prese Neta
MEDE,VIA SOLFERINO,tutti,,,DMD08,18,0,da prese Neta
MEDE,VIA TERESIO OLIVELLI,tutti,,,DMD08,6,0,da prese Neta
MEDE,VIA TIRO A SEGNO,tutti,,,DMD08,5,0,da prese Neta
MEDE,VIA TRENTO E TRIESTE,tutti,,,DMD08,30,0,da prese Neta
MEDE,VIA XXV APRILE,tutti,,,DMD08,31,0,da prese Neta
MEDE,VIALE BIALETTI,tutti,,,DMD08,38,0,da prese Neta
MEDE,VIALE DEI MILLE,tutti,,,DMD08,35,0,da prese Neta
MEDE,VIALE I MAGGIO,tutti,,,DMD08,61,0,da prese Neta
MEDE,VIALE MARTIRI LIBERTA',tutti,,,DMD08,70,0,da prese Neta
MEDE,VIALE SORMANI,tutti,,,DMD08,22,0,da prese Neta
MEDE,VIALE UNIONE SOVIETICA,tutti,,,,39,0,"a cavallo, non controllata (DMD08 23, DMD01 16); da prese Neta"
MEDE,VICOLO BACHELET,tutti,,,DMD08,4,0,da prese Neta
MEDE,VICOLO BERNINI,tutti,,,DMD08,23,0,da prese Neta
MEDE,VICOLO BIGLIANI,tutti,,,DMD08,10,0,da prese Neta
MEDE,VICOLO BOSIO,tutti,,,DMD08,12,0,da prese Neta
MEDE,VICOLO CANCELLI,tutti,,,DMD08,9,0,da prese Neta
MEDE,VICOLO CASTELVECCHIO,tutti,,,DMD08,3,0,da prese Neta
MEDE,VICOLO CHE GUEVARA,tutti,,,DMD08,6,0,da prese Neta
MEDE,VICOLO DAMIANI,tutti,,,DMD08,11,0,da prese Neta
MEDE,VICOLO DELLA RESISTENZA,tutti,,,DMD08,15,0,da prese Neta
MEDE,VICOLO DEMARTINI,tutti,,,DMD08,11,0,da prese Neta
MEDE,VICOLO EINAUDI,tutti,,,DMD08,4,0,da prese Neta
MEDE,VICOLO F.LLI CERVI,tutti,,,DMD08,16,0,da prese Neta
MEDE,VICOLO FELICE SOZZI,tutti,,,DMD08,10,0,da prese Neta
MEDE,VICOLO GABBE,tutti,,,DMD08,7,0,da prese Neta
MEDE,VICOLO GALIMBERTI,tutti,,,DMD08,1,0,da prese Neta
MEDE,VICOLO GIOVANNI ROSSI,tutti,,,DMD08,6,0,da prese Neta
MEDE,VICOLO NENNI,tutti,,,DMD08,7,0,da prese Neta
MEDE,VICOLO PALLESTRINI,tutti,,,DMD08,5,0,da prese Neta
MEDE,VICOLO PARTIGIANI,tutti,,,DMD08,16,0,da prese Neta
MEDE,VICOLO POZZO,tutti,,,DMD08,18,0,da prese Neta
MEDE,VICOLO PROF. BELLONE,tutti,,,DMD08,1,0,da prese Neta
MEDE,VICOLO REGINA CASSOLO,tutti,,,DMD08,3,0,da prese Neta
MEDE,VICOLO SAN ROCCO,tutti,,,DMD08,3,0,da prese Neta
MEDE,VICOLO SESTI,tutti,,,DMD08,35,0,da prese Neta
MEDE,VICOLO STRETTO,tutti,,,DMD08,4,0,da prese Neta
MEDE,VICOLO SURBA,tutti,,,DMD08,7,0,da prese Neta
MORTARA,BALUARDO S. CHIARA,tutti,,,DMR10,14,0,da prese Neta
MORTARA,CONTRADA DELLA TORRE,tutti,,,DMR10,16,0,da civici ANNCSU
MORTARA,CONTRADA DI LORETO,tutti,,,DMR10,20,0,da civici ANNCSU
MORTARA,CONTRADA DI ROTONDO,tutti,,,DMR10,8,0,da prese Neta
MORTARA,CONTRADA S. LORENZO,tutti,,,DMR10,4,0,da prese Neta
MORTARA,CONTRADA S. MICHELE,tutti,,,DMR10,10,0,da prese Neta
MORTARA,CONTRADA S. VENERANDA,tutti,,,DMR10,3,0,da prese Neta
MORTARA,CONTRADA S.S. TRINITA',tutti,,,DMR10,20,0,da prese Neta
MORTARA,CONTRADA SAN CASSIANO,tutti,,,DMR10,6,0,da prese Neta
MORTARA,CONTRADA SAN DIONIGI,tutti,,,DMR10,3,0,da prese Neta
MORTARA,CORSO CAVOUR,tutti,,,DMR10,46,0,da prese Neta
MORTARA,CORSO GIUSEPPE GARIBALDI,tutti,,,DMR10,70,0,da prese Neta
MORTARA,CORSO PIAVE,tutti,,,DMR10,5,0,da civici ANNCSU
MORTARA,CORSO PORTA NOVARA,tutti,,,DMR10,16,0,da prese Neta
MORTARA,CORSO TORINO,tutti,,,DMR10,90,0,da prese Neta
MORTARA,DOSSO DELLE BRAIDE,tutti,,,DMR10,2,0,da civici ANNCSU
MORTARA,PIAZZA CAGNONI,tutti,,,DMR10,1,0,da prese Neta
MORTARA,PIAZZA CARLO ALBERTO,tutti,,,DMR10,7,0,da prese Neta
MORTARA,PIAZZA GIOVANNI XXIII,tutti,,,DMR10,2,0,da prese Neta
MORTARA,PIAZZA GUIDA,tutti,,,DMR10,8,0,da prese Neta
MORTARA,PIAZZA ITALIA,tutti,,,DMR10,6,0,da prese Neta
MORTARA,PIAZZA MARCONI,tutti,,,DMR10,4,0,da prese Neta
MORTARA,PIAZZA MARTIRI LIBERTA',tutti,,,DMR10,10,0,da prese Neta
MORTARA,PIAZZA MONS. DUGHERA,tutti,,,DMR10,8,0,da prese Neta
MORTARA,PIAZZA SAN CASSIANO,tutti,,,DMR10,11,0,da prese Neta
MORTARA,PIAZZA SILVABELLA,tutti,,,DMR10,11,0,da prese Neta
MORTARA,PIAZZA T. OLIVELLI,tutti,,,DMR10,2,0,da prese Neta
MORTARA,PIAZZA TRENTO,tutti,,,DMR10,1,0,da prese Neta
MORTARA,PIAZZA TRIESTE,tutti,,,DMR10,10,0,da prese Neta
MORTARA,PIAZZA URBANO,tutti,,,DMR10,1,0,da prese Neta
MORTARA,PIAZZA VITTORIO EMANUELE II,tutti,,,DMR10,5,0,da prese Neta
MORTARA,PIAZZALE ISTRIA,tutti,,,DMR10,1,0,da prese Neta
MORTARA,RONDO' CARLO MAGNO,tutti,,,DMR10,5,0,da prese Neta
MORTARA,RONDO' DELLA BATTAGLIA,tutti,,,DMR10,12,0,da prese Neta
MORTARA,S.DA VECCHIA GALLIATE,tutti,,,DMR04,50,0,da prese Neta
MORTARA,S.DA VECCHIA GAMBOLO',tutti,,,DMR10,12,0,da prese Neta
MORTARA,STRADA MILANESE,tutti,,,DMR10,5,1,da prese Neta
MORTARA,STRADA PAVESE,tutti,,,DMR10,5,0,da civici ANNCSU
MORTARA,STRADA VECCHIA MORTARA CASONI SANT'ALBINO,tutti,,,DMR09,2,0,da prese Neta
MORTARA,VIA A. COLLI,tutti,,,DMR10,1,0,da prese Neta
MORTARA,VIA A. DE CANTIANO,tutti,,,DMR10,4,0,da prese Neta
MORTARA,VIA A. NEGRI,tutti,,,DMR03,4,0,da prese Neta
MORTARA,VIA ABBA,tutti,,,DMR10,7,0,da prese Neta
MORTARA,VIA ADAMO DA MORTARA,tutti,,,DMR10,1,0,da prese Neta
MORTARA,VIA ALBONESE,tutti,,,DMR03,22,0,da prese Neta
MORTARA,VIA ALCIDE DE GASPERI,tutti,,,DMR10,5,0,da prese Neta
MORTARA,VIA ALESSANDRO VOLTA,tutti,,,DMR10,8,0,da prese Neta
MORTARA,VIA ANNA BANDI,tutti,,,DMR10,14,0,da prese Neta
MORTARA,VIA ANTONELLI,tutti,,,DMR10,3,0,da prese Neta
MORTARA,VIA ARBOGNA,tutti,,,DMR10,5,0,da prese Neta
MORTARA,VIA ASIAGO,tutti,,,DMR04,9,0,da prese Neta
MORTARA,VIA B. AVICO,tutti,,,DMR10,5,0,da prese Neta
MORTARA,VIA B. LANINO,tutti,,,DMR10,6,0,da prese Neta
MORTARA,VIA BAINSIZZA,tutti,,,,22,0,"a cavallo, non controllata (DMR10 19, DMR04 3); da prese Neta"
MORTARA,VIA BALDUZZI,tutti,,,DMR10,64,0,da prese Neta
MORTARA,VIA BARATIERI,tutti,,,DMR10,2,0,da prese Neta
MORTARA,VIA BARONI,tutti,,,DMR10,11,0,da prese Neta
MORTARA,VIA BECCARIA,tutti,,,DMR10,3,0,da prese Neta
MORTARA,VIA BELDIPORTO,tutti,,,DMR10,29,0,da prese Neta
MORTARA,VIA BELLUSCHI,tutti,,,DMR10,5,0,da prese Neta
MORTARA,VIA BELVEDERE,tutti,,,DMR10,12,0,da prese Neta
MORTARA,VIA BERTOLLI,tutti,,,DMR10,12,0,da prese Neta
MORTARA,VIA BISTOLFI,tutti,,,DMR09,2,0,da prese Neta
MORTARA,VIA BOLIVIA,tutti,,,DMR10,22,0,da prese Neta
MORTARA,VIA BOSETTI,tutti,,,DMR10,11,0,da prese Neta
MORTARA,VIA BOSSI GREGOTTI,tutti,,,DMR03,35,0,da prese Neta
MORTARA,VIA BOTTA,tutti,,,DMR10,3,0,da prese Neta
MORTARA,VIA BOTTEGO,tutti,,,DMR10,1,0,da prese Neta
MORTARA,VIA BRESSA,tutti,,,DMR10,10,0,da prese Neta
MORTARA,VIA BRUNO BUOZZI,tutti,,,DMR10,16,0,da prese Neta
MORTARA,VIA BUSONI,tutti,,,DMR10,6,0,da prese Neta
MORTARA,VIA C. CORRENTI,tutti,,,DMR10,7,0,da prese Neta
MORTARA,VIA C. LOMBARDI,tutti,,,DMR10,4,0,da prese Neta
MORTARA,VIA C. POLLINI,tutti,,,DMR10,4,0,da prese Neta
MORTARA,VIA CADORNA,tutti,,,DMR10,36,0,da prese Neta
MORTARA,VIA CADUTI DI NASSIRIYA,tutti,,,DMR10,9,0,da prese Neta
MORTARA,VIA CAMILLO GOLGI,tutti,,,DMR10,10,0,da prese Neta
MORTARA,VIA CAP. MALABARBA,tutti,,,DMR08,9,0,da prese Neta
MORTARA,VIA CAPELLI,tutti,,,DMR10,8,0,da prese Neta
MORTARA,VIA CARLO A. DALLA CHIESA,tutti,,,DMR10,10,0,da prese Neta
MORTARA,VIA CARLO CATTANEO,tutti,,,DMR10,5,0,da prese Neta
MORTARA,VIA CASE BIANCHE,tutti,,,DMR10,19,0,da prese Neta
MORTARA,VIA CASONI DEI PERI,tutti,,,DMR08,2,0,da prese Neta
MORTARA,VIA CATTANEA,tutti,,,DMR08,5,0,da prese Neta
MORTARA,VIA CESARE BATTISTI,tutti,,,DMR10,12,0,da prese Neta
MORTARA,VIA CICCONI,tutti,,,DMR10,13,0,da prese Neta
MORTARA,VIA CINISELLI,tutti,,,DMR10,7,0,da prese Neta
MORTARA,VIA COL DI LANA,tutti,,,DMR10,7,0,da prese Neta
MORTARA,VIA COL. ROMERO,tutti,,,DMR10,9,0,da prese Neta
MORTARA,VIA CORDARA,tutti,,,DMR03,13,0,da prese Neta
MORTARA,VIA CORTELLONA,tutti,,,DMR10,21,0,da prese Neta
MORTARA,VIA D. CAMPANA,tutti,,,DMR03,2,0,da prese Neta
MORTARA,VIA DE AMICIS,tutti,,,DMR10,12,0,da prese Neta
MORTARA,VIA DE CASTRO,tutti,,,DMR10,1,0,da prese Neta
MORTARA,VIA DE PARENTI,tutti,,,DMR10,2,0,da prese Neta
MORTARA,VIA DEI DOSSI,tutti,,,DMR05,4,0,da prese Neta
MORTARA,VIA DEL CANNONE,tutti,,,DMR10,15,0,da prese Neta
MORTARA,VIA DEL CONTE,tutti,,,DMR10,15,0,da prese Neta
MORTARA,VIA DEL GIANOLO,tutti,,,DMR03,6,0,da prese Neta
MORTARA,VIA DELLA MONDINA,tutti,,,DMR04,7,0,da prese Neta
MORTARA,VIA DELLO ZERBO,tutti,,,DMR10,7,0,da civici ANNCSU
MORTARA,VIA DEPRETIS,tutti,,,DMR10,10,0,da prese Neta
MORTARA,VIA DIAZ,tutti,,,DMR04,2,0,da civici ANNCSU
MORTARA,VIA DON BERNUZZI,tutti,,,DMR10,6,0,da prese Neta
MORTARA,VIA DON GIOVANNI MINZONI,tutti,,,DMR10,5,0,da civici ANNCSU
MORTARA,VIA DUCA D'AOSTA,tutti,,,DMR10,6,0,da prese Neta
MORTARA,VIA DURINI,tutti,,,DMR10,26,0,da prese Neta
MORTARA,VIA DUSE,tutti,,,DMR10,2,0,da prese Neta
MORTARA,VIA E. CIALDINI,tutti,,,DMR10,1,0,da prese Neta
MORTARA,VIA E. FERMI,tutti,,,,25,0,"a cavallo, non controllata (DMR10 23, DMR01 2); da prese Neta"
MORTARA,VIA E. SCHINELLI,tutti,,,DMR10,18,0,da prese Neta
MORTARA,VIA EINSTEIN,tutti,,,DMR01,3,0,da civici ANNCSU
MORTARA,VIA EUROPA,tutti,,,DMR10,22,0,da prese Neta
MORTARA,VIA F. TESTI,tutti,,,DMR08,6,0,da prese Neta
MORTARA,VIA F.LLI BANDIERA,tutti,,,DMR10,2,0,da prese Neta
MORTARA,VIA F.LLI CAIROLI,tutti,,,DMR10,18,0,da prese Neta
MORTARA,VIA F.LLI ROSSELLI,tutti,,,DMR10,18,0,da prese Neta
MORTARA,VIA FAGNANI,tutti,,,DMR10,11,0,da prese Neta
MORTARA,VIA FELICE CAVALLOTTI,tutti,,,DMR10,6,0,da prese Neta
MORTARA,VIA FERRARI,tutti,,,DMR10,11,0,da prese Neta
MORTARA,VIA FILIPPO TURATI,tutti,,,DMR10,14,0,da prese Neta
MORTARA,VIA FINALI,tutti,,,DMR10,2,0,da prese Neta
MORTARA,VIA FIUME,tutti,,,DMR10,4,0,da prese Neta
MORTARA,VIA FONTANILE,tutti,,,DMR10,9,0,da prese Neta
MORTARA,VIA FOSSE ARDEATINE,tutti,,,DMR10,5,0,da prese Neta
MORTARA,VIA FRANCESCO BARACCA,tutti,,,DMR10,8,0,da prese Neta
MORTARA,VIA FUIANO,tutti,,,DMR10,2,0,da prese Neta
MORTARA,VIA G. BACELLI,tutti,,,DMR10,4,0,da prese Neta
MORTARA,VIA GABRIELE D'ANNUNZIO,tutti,,,DMR03,7,0,da prese Neta
MORTARA,VIA GALILEO GALILEI,tutti,,,DMR10,10,0,da prese Neta
MORTARA,VIA GALLARATI,tutti,,,DMR10,2,0,da prese Neta
MORTARA,VIA GALLIATE ANGOLO MON,tutti,,,DMR04,1,0,da prese Neta
MORTARA,VIA GAMBOLO' - CAS. PERI,tutti,,,DMR08,11,0,da prese Neta
MORTARA,VIA GIACOMO MATTEOTTI,tutti,,,DMR10,9,0,da prese Neta
MORTARA,VIA GIACOMO PUCCINI,tutti,,,DMR10,9,0,da prese Neta
MORTARA,VIA GIANZANA,tutti,,,DMR10,6,0,da prese Neta
MORTARA,VIA GIOBERTI,tutti,,,DMR10,8,0,da prese Neta
MORTARA,VIA GIOLITTI,tutti,,,DMR10,13,0,da prese Neta
MORTARA,VIA GIORDANO BRUNO,tutti,,,DMR10,1,0,da prese Neta
MORTARA,VIA GIOVANNI AMENDOLA,tutti,,,DMR10,13,0,da prese Neta
MORTARA,VIA GIOVANNI FALCONE,tutti,,,DMR10,7,0,da prese Neta
MORTARA,VIA GIOVANNI PASCOLI,tutti,,,DMR03,10,0,da prese Neta
MORTARA,VIA GIUSEPPE DI VITTORIO,tutti,,,DMR10,10,0,da prese Neta
MORTARA,VIA GORIZIA,tutti,,,DMR10,25,0,da prese Neta
MORTARA,VIA GROCCO,tutti,,,DMR03,13,0,da prese Neta
MORTARA,VIA GUADO DEL CARRO,tutti,,,DMR03,7,0,da prese Neta
MORTARA,VIA GUGLIELMO OBERDAN,tutti,,,DMR10,3,0,da prese Neta
MORTARA,VIA GUSMANI,tutti,,,DMR10,8,0,da prese Neta
MORTARA,VIA I MAGGIO,tutti,,,DMR10,11,0,da prese Neta
MORTARA,VIA IPPOLITO NIEVO,tutti,,,DMR10,10,0,da prese Neta
MORTARA,VIA IV NOVEMBRE,tutti,,,DMR10,12,0,da prese Neta
MORTARA,VIA JOSTI,tutti,,,DMR10,15,0,da prese Neta
MORTARA,VIA L. CASALE,tutti,,,DMR10,3,0,da prese Neta
MORTARA,VIA L. GOIA,tutti,,,DMR10,55,0,da prese Neta
MORTARA,VIA L. MAGGIONI,tutti,,,DMR10,12,0,da prese Neta
MORTARA,VIA LOMELLINA,tutti,,,DMR10,40,0,da prese Neta
MORTARA,VIA LORENZO DA MORTARA,tutti,,,DMR10,3,0,da prese Neta
MORTARA,VIA LUDOVICO IL MORO,tutti,,,DMR10,3,0,da prese Neta
MORTARA,VIA LUINETTI,tutti,,,DMR10,6,0,da prese Neta
MORTARA,VIA LUZZI,tutti,,,DMR10,15,0,da prese Neta
MORTARA,VIA M. DI BELFIORE,tutti,,,DMR10,8,0,da prese Neta
MORTARA,VIA M. PRETE MARCARO,tutti,,,DMR10,13,0,da prese Neta
MORTARA,VIA MAESTRA C.S.ALBINO,tutti,,,DMR09,27,0,da prese Neta
MORTARA,VIA MAESTRA M.D. CAMPO,tutti,,,DMR03,26,0,da prese Neta
MORTARA,VIA MAJORANA,tutti,,,DMR01,10,0,da prese Neta
MORTARA,VIA MANARA,tutti,,,DMR10,4,0,da prese Neta
MORTARA,VIA MANCINI,tutti,,,DMR08,4,0,da prese Neta
MORTARA,VIA MANZONI,tutti,,,DMR03,2,0,da prese Neta
MORTARA,VIA MARIANINI,tutti,,,DMR10,19,0,da prese Neta
MORTARA,VIA MARSALA,tutti,,,DMR10,4,0,da prese Neta
MORTARA,VIA MARTIRI DELLE FOIBE,tutti,,,DMR04,10,0,da prese Neta
MORTARA,VIA MARZABOTTO,tutti,,,DMR10,6,0,da prese Neta
MORTARA,VIA MARZOTTO,tutti,,,DMR10,23,0,da prese Neta
MORTARA,VIA MASCHERPA,tutti,,,DMR03,6,0,da prese Neta
MORTARA,VIA MASTRONARDI,tutti,,,DMR03,24,0,da prese Neta
MORTARA,VIA MATTEI,tutti,,,DMR10,9,0,da prese Neta
MORTARA,VIA MAZZA,tutti,,,DMR10,5,0,da prese Neta
MORTARA,VIA MILANO - CATTANEA,tutti,,,DMR08,9,0,da prese Neta
MORTARA,VIA MIRABELLI,tutti,,,DMR04,46,0,da prese Neta
MORTARA,VIA MIRABELLI,tutti,1,1,DMR10,2,0,"eccezione: 2 prese al civico 1, da verificare; da prese Neta"
MORTARA,VIA MOLINO DI FAENZA,tutti,,,DMR09,20,0,da prese Neta
MORTARA,VIA MONTE NERO,tutti,,,DMR10,12,0,da prese Neta
MORTARA,VIA MONTEGRAPPA,tutti,,,DMR03,19,0,da prese Neta
MORTARA,VIA MONTESANTO,tutti,,,DMR10,15,0,da prese Neta
MORTARA,VIA MONTESSORI,tutti,,,DMR10,3,0,da civici ANNCSU
MORTARA,VIA MORSELLA,tutti,,,DMR08,21,0,da prese Neta
MORTARA,VIA MORSELLA - CATTANEA,tutti,,,DMR08,2,0,da prese Neta
MORTARA,VIA NAZARIO SAURO,tutti,,,DMR10,11,0,da prese Neta
MORTARA,VIA NINO BIXIO,tutti,,,DMR10,3,0,da prese Neta
MORTARA,VIA NOVARA,tutti,,,DMR10,14,0,da civici ANNCSU
MORTARA,VIA OLEVANO,tutti,,,DMR10,3,0,da civici ANNCSU
MORTARA,VIA ORIANA FALLACI,tutti,,,DMR10,17,0,da prese Neta
MORTARA,VIA ORLANDINI,tutti,,,DMR10,1,0,da prese Neta
MORTARA,VIA ORLANDO,tutti,,,DMR08,6,0,da prese Neta
MORTARA,VIA OSPEDALE,tutti,,,DMR10,17,0,da prese Neta
MORTARA,VIA P. PIANZOLA,tutti,,,DMR10,2,0,da prese Neta
MORTARA,VIA PALESTRO,tutti,,,DMR10,11,0,da prese Neta
MORTARA,VIA PAOLO BORSELLINO,tutti,,,DMR10,8,0,da prese Neta
MORTARA,VIA PARONA CASSOLO,tutti,,,DMR04,28,0,da prese Neta
MORTARA,VIA PASTRENGO,tutti,,,DMR10,9,0,da prese Neta
MORTARA,VIA PASUBIO,tutti,,,DMR04,2,0,da prese Neta
MORTARA,VIA PIO IX,tutti,,,DMR09,4,0,da prese Neta
MORTARA,VIA PLEZZA,tutti,,,DMR10,3,0,da prese Neta
MORTARA,VIA PORTA DI GIOVE,tutti,,,DMR10,12,0,da prese Neta
MORTARA,VIA PRINCIPE AMEDEO,tutti,,,DMR10,14,0,da prese Neta
MORTARA,VIA Q. SELLA,tutti,,,DMR10,2,0,da civici ANNCSU
MORTARA,VIA R. OSSOLANA,tutti,,,DMR10,21,0,da prese Neta
MORTARA,VIA RAFFAELLO SANZIO,tutti,,,DMR10,14,0,da prese Neta
MORTARA,VIA RICCIOTTI,tutti,,,DMR10,4,0,da prese Neta
MORTARA,VIA ROLLA,tutti,,,DMR10,2,0,da civici ANNCSU
MORTARA,VIA ROMA,tutti,,,DMR10,32,0,da prese Neta
MORTARA,VIA S. ALBINO,tutti,,,DMR10,8,1,da prese Neta
MORTARA,VIA S. ALBINO,tutti,780,780,DMR06,2,0,"eccezione: 2 prese al civico 780, da verificare; da prese Neta"
MORTARA,VIA S. BERNARDINO,tutti,,,DMR09,3,0,da prese Neta
MORTARA,VIA S. CARLO BORROMEO,tutti,,,DMR10,6,0,da prese Neta
MORTARA,VIA S. ESPEDITO,tutti,,,DMR10,16,0,da prese Neta
MORTARA,VIA S. M. DI CASTELLO,tutti,,,DMR10,6,0,da prese Neta
MORTARA,VIA S. MARTINO,tutti,,,DMR10,9,0,da prese Neta
MORTARA,VIA SABOTINO,tutti,,,DMR03,9,0,da prese Neta
MORTARA,VIA SAFFI,tutti,,,DMR10,1,0,da prese Neta
MORTARA,VIA SALVO D'ACQUISTO,tutti,,,DMR10,7,0,da prese Neta
MORTARA,VIA SAN FRANCESCO D'ASSISI,tutti,,,DMR10,19,0,da prese Neta
MORTARA,VIA SAN GIOVANNI,tutti,,,DMR10,3,0,da prese Neta
MORTARA,VIA SANTAGOSTINO,tutti,,,DMR10,3,0,da prese Neta
MORTARA,VIA SEGRE',tutti,,,DMR01,2,0,da prese Neta
MORTARA,VIA SFORZA,tutti,,,DMR10,10,0,da prese Neta
MORTARA,VIA SIBELLINA,tutti,,,DMR10,9,0,da prese Neta
MORTARA,VIA SILVIO PELLICO,tutti,,,DMR10,2,0,da prese Neta
MORTARA,VIA SOLFERINO,tutti,,,DMR10,14,0,da prese Neta
MORTARA,VIA STRADIROLA,tutti,,,DMR10,8,0,da prese Neta
MORTARA,VIA TAGLIACARNE,tutti,,,DMR10,7,0,da prese Neta
MORTARA,VIA TAGLIAMENTO,tutti,,,DMR04,21,0,da prese Neta
MORTARA,VIA TEANO,tutti,,,DMR10,1,0,da prese Neta
MORTARA,VIA TESSERA,tutti,,,DMR10,6,0,da prese Neta
MORTARA,VIA TIGNOSI,tutti,,,DMR10,1,0,da prese Neta
MORTARA,VIA TIZIANO VECELLIO,tutti,,,DMR10,1,0,da prese Neta
MORTARA,VIA TRAVELLI,tutti,,,DMR10,1,0,da prese Neta
MORTARA,VIA TRENTANI,tutti,,,DMR10,23,0,da prese Neta
MORTARA,VIA TRENTO,tutti,,,DMR10,18,0,da prese Neta
MORTARA,VIA TRONCONE,tutti,,,DMR10,4,0,da prese Neta
MORTARA,VIA UGO FOSCOLO,tutti,,,DMR03,12,0,da prese Neta
MORTARA,VIA VERDI,tutti,,,DMR10,2,0,da civici ANNCSU
MORTARA,VIA VIDALE,tutti,,,DMR03,4,0,da prese Neta
MORTARA,VIA VIII MARZO,tutti,,,DMR10,22,0,da prese Neta
MORTARA,VIA VINCENZO BELLINI,tutti,,,DMR10,1,0,da civici ANNCSU
MORTARA,VIA VITTORINI,tutti,,,DMR10,50,0,da prese Neta
MORTARA,VIA VITTORIO ALFIERI,tutti,,,DMR03,14,0,da prese Neta
MORTARA,VIA VITTORIO VENETO,tutti,,,DMR10,18,0,da prese Neta
MORTARA,VIA XI SETTEMBRE,tutti,,,DMR01,1,0,da prese Neta
MORTARA,VIA XX SETTEMBRE,tutti,,,DMR10,22,0,da prese Neta
MORTARA,VIA XXIV MAGGIO,tutti,,,DMR10,4,0,da prese Neta
MORTARA,VIA XXV APRILE,tutti,,,DMR10,9,0,da prese Neta
MORTARA,VIA ZANACCO,tutti,,,DMR10,10,0,da prese Neta
MORTARA,VIA ZANETTI,tutti,,,DMR10,6,0,da prese Neta
MORTARA,VIALE ARIOSTO,tutti,,,DMR10,14,0,da prese Neta
MORTARA,VIALE DANTE,tutti,,,DMR10,3,0,da prese Neta
MORTARA,VIALE DEI MILLE,tutti,,,DMR10,2,0,da prese Neta
MORTARA,VIALE GIOVANNI PAOLO II,tutti,,,DMR10,2,0,da prese Neta
MORTARA,VIALE PARINI,tutti,,,DMR10,8,0,da prese Neta
MORTARA,VICOLO CABOTO,tutti,,,DMR10,3,0,da prese Neta
MORTARA,VICOLO CARSO,tutti,,,DMR10,4,0,da prese Neta
MORTARA,VICOLO MARCO POLO,tutti,,,DMR10,2,0,da prese Neta
MORTARA,VICOLO MORELLI,tutti,,,DMR10,5,0,da prese Neta
MORTARA,VICOLO POLISSENA SFORZA,tutti,,,DMR10,2,0,da prese Neta
MORTARA,VICOLO TEBALDEO,tutti,,,DMR10,1,0,da prese Neta
MORTARA,VICOLO VESPUCCI,tutti,,,DMR10,6,0,da prese Neta
RIVANAZZANO TERME,CASCINA CHIODA,tutti,,,DRT02,5,0,da prese Neta
RIVANAZZANO TERME,CASCINA MOLINO CAMPANILE,tutti,,,DRT06,1,0,da prese Neta
RIVANAZZANO TERME,CASCINA SPAGNOLA,tutti,,,DRT00,2,0,da prese Neta
RIVANAZZANO TERME,CASCINA SPESSO,tutti,,,DRT09,1,0,da prese Neta
RIVANAZZANO TERME,CASCINA VALGHIAIA,tutti,,,DRT09,12,0,da prese Neta
RIVANAZZANO TERME,CORSO REPUBBLICA,tutti,,,DRT09,96,0,da civici ANNCSU
RIVANAZZANO TERME,PIAZZA GIOVANNI XXIII,tutti,,,DRT09,1,0,da civici ANNCSU
RIVANAZZANO TERME,PIAZZA ITALIA,tutti,,,DRT09,6,0,da civici ANNCSU
RIVANAZZANO TERME,PIAZZA LUIGI CORNAGGIA,tutti,,,DRT09,73,0,da civici ANNCSU
RIVANAZZANO TERME,STRADA CAIFANGO,tutti,,,DRT09,2,0,da civici ANNCSU
RIVANAZZANO TERME,STRADA CAPPELLETTA,tutti,,,DRT09,7,0,da civici ANNCSU
RIVANAZZANO TERME,STRADA CASCINETTA,tutti,,,DRT02,9,0,da civici ANNCSU
RIVANAZZANO TERME,STRADA DEL BOGGIONE,tutti,,,DRT09,3,0,da civici ANNCSU
RIVANAZZANO TERME,STRADA FRATTINA CHIODA,tutti,,,DRT02,8,0,da civici ANNCSU
RIVANAZZANO TERME,STRADA MALPASSO,tutti,,,DRT05,12,0,da civici ANNCSU
RIVANAZZANO TERME,STRADA MOLINETTI,tutti,,,DRT09,11,0,da civici ANNCSU
RIVANAZZANO TERME,STRADA MORONONE,tutti,,,DRT09,32,0,da civici ANNCSU
RIVANAZZANO TERME,STRADA MULATTIERI,tutti,,,DRT02,9,0,da civici ANNCSU
RIVANAZZANO TERME,VIA ADDA,tutti,,,DRT05,2,0,da civici ANNCSU
RIVANAZZANO TERME,VIA ALCIDE DE GASPERI,tutti,,,DRT09,11,0,da civici ANNCSU
RIVANAZZANO TERME,VIA ALESSANDRO MANZONI,tutti,,,DRT09,37,0,da civici ANNCSU
RIVANAZZANO TERME,VIA ALESSANDRO VOLTA,tutti,,,DRT04,8,0,da civici ANNCSU
RIVANAZZANO TERME,VIA AMEDEO MODIGLIANI,tutti,,,DRT03,14,0,da civici ANNCSU
RIVANAZZANO TERME,VIA AMERIGO VESPUCCI,tutti,,,DRT05,21,0,da civici ANNCSU
RIVANAZZANO TERME,VIA ANDREA MANTEGNA,tutti,,,DRT09,11,0,da civici ANNCSU
RIVANAZZANO TERME,VIA ANNA CORALLI,tutti,,,DRT03,17,0,da civici ANNCSU
RIVANAZZANO TERME,VIA ANTONIO MEUCCI,tutti,,,DRT09,36,0,da civici ANNCSU
RIVANAZZANO TERME,VIA ANTONIO SEGNI,tutti,,,DRT09,12,0,da civici ANNCSU
RIVANAZZANO TERME,VIA ANTONIO VIVALDI,tutti,,,DRT02,1,0,da civici ANNCSU
RIVANAZZANO TERME,VIA ARCHIMEDE,tutti,,,DRT09,8,0,da civici ANNCSU
RIVANAZZANO TERME,VIA ARNO,tutti,,,DRT05,13,0,da civici ANNCSU
RIVANAZZANO TERME,VIA BAGNOLO,tutti,,,DRT09,24,0,da civici ANNCSU
RIVANAZZANO TERME,VIA BELLOCCHIO,tutti,,,DRT09,28,0,da civici ANNCSU
RIVANAZZANO TERME,VIA BISCHIZIO,tutti,,,DRT09,22,0,da civici ANNCSU
RIVANAZZANO TERME,VIA CA' DEL PLINIO,tutti,,,DRT04,1,0,da civici ANNCSU
RIVANAZZANO TERME,VIA CAMILLO BENSO CAVOUR,tutti,,,DRT09,25,0,da civici ANNCSU
RIVANAZZANO TERME,VIA CESARE PAVESE,tutti,,,DRT09,8,0,da civici ANNCSU
RIVANAZZANO TERME,VIA CIMABUE,tutti,,,DRT05,4,0,da civici ANNCSU
RIVANAZZANO TERME,VIA DAMIANO CHIESA,tutti,,,DRT05,2,0,da civici ANNCSU
RIVANAZZANO TERME,VIA DANTE ALIGHIERI,tutti,,,DRT09,24,0,da civici ANNCSU
RIVANAZZANO TERME,VIA DE AMICIS,tutti,,,DRT09,30,0,da civici ANNCSU
RIVANAZZANO TERME,VIA DEFENDENTE MOLO,tutti,,,DRT09,24,0,da civici ANNCSU
RIVANAZZANO TERME,VIA DEL CAVO LAGOZZO,tutti,,,DRT09,10,0,da civici ANNCSU
RIVANAZZANO TERME,VIA DON ALBERTO LEIDI,tutti,,,DRT09,19,0,da civici ANNCSU
RIVANAZZANO TERME,VIA DON LORENZO PEROSI,tutti,,,DRT09,56,0,da civici ANNCSU
RIVANAZZANO TERME,VIA DON LUIGI ORIONE,tutti,,,DRT05,28,0,da civici ANNCSU
RIVANAZZANO TERME,VIA DON PRIMO MAZZOLARI,tutti,,,DRT09,4,0,da civici ANNCSU
RIVANAZZANO TERME,VIA ENRICO DE NICOLA,tutti,,,DRT09,16,0,da civici ANNCSU
RIVANAZZANO TERME,VIA ERNESTO BRUGNATELLI,tutti,,,DRT09,14,0,da civici ANNCSU
RIVANAZZANO TERME,VIA EUGENIO VALDATARA,tutti,,,DRT05,28,0,da civici ANNCSU
RIVANAZZANO TERME,VIA FAMIGLIA CAIROLI,tutti,,,DRT09,27,0,da civici ANNCSU
RIVANAZZANO TERME,VIA FAMIGLIA ZELASCHI,tutti,,,DRT09,5,0,da civici ANNCSU
RIVANAZZANO TERME,VIA FRANCESCO BARACCA,tutti,,,DRT09,12,0,da civici ANNCSU
RIVANAZZANO TERME,VIA GABRIELE D'ANNUNZIO,tutti,,,DRT09,10,0,da civici ANNCSU
RIVANAZZANO TERME,VIA GATTI,tutti,,,DRT09,21,0,da civici ANNCSU
RIVANAZZANO TERME,VIA GIACOMO LEOPARDI,tutti,,,DRT09,16,0,da civici ANNCSU
RIVANAZZANO TERME,VIA GIACOMO MATTEOTTI,tutti,,,DRT09,40,0,da civici ANNCSU
RIVANAZZANO TERME,VIA GIACOMO PUCCINI,tutti,,,DRT02,6,0,da civici ANNCSU
RIVANAZZANO TERME,VIA GIAMBELLINO,tutti,,,DRT02,7,0,da civici ANNCSU
RIVANAZZANO TERME,VIA GIORGIO PEDEMONTI,tutti,,,DRT09,60,0,da civici ANNCSU
RIVANAZZANO TERME,VIA GIOTTO,tutti,,,DRT05,3,0,da civici ANNCSU
RIVANAZZANO TERME,VIA GIOVANNI FALCONE,tutti,,,DRT09,9,0,da civici ANNCSU
RIVANAZZANO TERME,VIA GIOVANNI PASCOLI,tutti,,,DRT09,103,0,da civici ANNCSU
RIVANAZZANO TERME,VIA GIOVANNI VERGA,tutti,,,DRT09,5,0,da civici ANNCSU
RIVANAZZANO TERME,VIA GIUSEPPE GARIBALDI,tutti,,,DRT09,33,0,da civici ANNCSU
RIVANAZZANO TERME,VIA GIUSEPPE GIUSTI,tutti,,,DRT09,13,0,da civici ANNCSU
RIVANAZZANO TERME,VIA GIUSEPPE MAZZINI,tutti,,,DRT09,12,0,da civici ANNCSU
RIVANAZZANO TERME,VIA GUGLIELMO MARCONI,dispari,,41,DRT02,20,0,via divisa tra distretti; da civici ANNCSU
RIVANAZZANO TERME,VIA GUGLIELMO MARCONI,dispari,42,,DRT06,33,4,via divisa tra distretti; da civici ANNCSU
RIVANAZZANO TERME,VIA GUGLIELMO MARCONI,pari,,78,DRT02,31,5,via divisa tra distretti; da civici ANNCSU
RIVANAZZANO TERME,VIA GUGLIELMO MARCONI,pari,79,,DRT06,23,0,via divisa tra distretti; da civici ANNCSU
RIVANAZZANO TERME,VIA GUTTUSO,tutti,,,DRT03,6,0,da civici ANNCSU
RIVANAZZANO TERME,VIA I MAGGIO,tutti,,,DRT09,26,0,da civici ANNCSU
RIVANAZZANO TERME,VIA INDIPENDENZA,tutti,,,DRT09,44,0,da civici ANNCSU
RIVANAZZANO TERME,VIA ISONZO,tutti,,,DRT05,2,0,da civici ANNCSU
RIVANAZZANO TERME,VIA IV NOVEMBRE,tutti,,,DRT05,18,0,da civici ANNCSU
RIVANAZZANO TERME,VIA LEONARDO DA VINCI,tutti,,,DRT02,66,0,da civici ANNCSU
RIVANAZZANO TERME,VIA LUIGI EINAUDI,tutti,,,DRT09,2,0,da civici ANNCSU
RIVANAZZANO TERME,VIA LUIGI PIRANDELLO,tutti,,,DRT09,19,0,da civici ANNCSU
RIVANAZZANO TERME,VIA MALASPINA,tutti,,,DRT09,25,0,da civici ANNCSU
RIVANAZZANO TERME,VIA MANDELLI,tutti,,,DRT09,18,0,da civici ANNCSU
RIVANAZZANO TERME,VIA MARCO POLO,tutti,,,DRT09,4,0,da civici ANNCSU
RIVANAZZANO TERME,VIA MICHELANGELO BUONARROTI,tutti,,,DRT09,10,0,da civici ANNCSU
RIVANAZZANO TERME,VIA NICOLO' COPERNICO,tutti,,,DRT04,9,0,da civici ANNCSU
RIVANAZZANO TERME,VIA PAOLO BORRONI,tutti,,,DRT03,4,0,da civici ANNCSU
RIVANAZZANO TERME,VIA PARROCCHIA,tutti,,,DRT07,12,0,da civici ANNCSU
RIVANAZZANO TERME,VIA PIAVE,tutti,,,DRT05,17,0,da civici ANNCSU
RIVANAZZANO TERME,VIA PIERO DELLA FRANCESCA,tutti,,,DRT09,11,0,da civici ANNCSU
RIVANAZZANO TERME,VIA S. CARLO BORROMEO,tutti,,,DRT02,7,0,da civici ANNCSU
RIVANAZZANO TERME,VIA S. MARTINO,tutti,,,DRT09,22,0,da civici ANNCSU
RIVANAZZANO TERME,VIA S.CATERINA DA SIENA,tutti,,,DRT02,1,0,da prese Neta
RIVANAZZANO TERME,VIA S.RITA DA CASCIA,tutti,,,DRT02,13,0,da prese Neta
RIVANAZZANO TERME,VIA SAN FRANCESCO D'ASSISI,tutti,,,DRT02,89,0,da civici ANNCSU
RIVANAZZANO TERME,VIA SAN GERMANO,tutti,,,DRT09,14,0,da civici ANNCSU
RIVANAZZANO TERME,VIA SAN GIUSEPPE,tutti,,,DRT02,17,0,da civici ANNCSU
RIVANAZZANO TERME,VIA SANDRO PERTINI,tutti,,,DRT09,14,0,da civici ANNCSU
RIVANAZZANO TERME,VIA SILVIO PELLICO,tutti,,,DRT09,16,0,da civici ANNCSU
RIVANAZZANO TERME,VIA SS.TRINITA',tutti,,,DRT09,5,0,da prese Neta
RIVANAZZANO TERME,VIA TEVERE,tutti,,,DRT04,1,0,da civici ANNCSU
RIVANAZZANO TERME,VIA TICINO,tutti,,,DRT05,10,0,da civici ANNCSU
RIVANAZZANO TERME,VIA TINTORETTO,tutti,,,DRT02,1,0,da civici ANNCSU
RIVANAZZANO TERME,VIA TIZIANO,tutti,,,DRT03,33,0,da civici ANNCSU
RIVANAZZANO TERME,VIA TOMMASO D'ACQUINO,tutti,,,DRT02,14,0,da civici ANNCSU
RIVANAZZANO TERME,VIA TORTONA,tutti,,,DRT09,71,0,da civici ANNCSU
RIVANAZZANO TERME,VIA UGO FOSCOLO,tutti,,,DRT09,34,0,da civici ANNCSU
RIVANAZZANO TERME,VIA VITTORIO VENETO,tutti,,,DRT05,6,0,da civici ANNCSU
RIVANAZZANO TERME,VIA XX SETTEMBRE,tutti,,,DRT09,70,0,da civici ANNCSU
RIVANAZZANO TERME,VIALE CRISTOFORO COLOMBO,tutti,,8,DRT09,4,0,via divisa tra distretti; da civici ANNCSU
RIVANAZZANO TERME,VIALE CRISTOFORO COLOMBO,tutti,9,,DRT05,34,0,via divisa tra distretti; da civici ANNCSU
RIVANAZZANO TERME,VIALE EUROPA,tutti,,,DRT09,56,0,da civici ANNCSU
RIVANAZZANO TERME,VIALE MARTIRI LIBERTA',dispari,,23,DRT09,12,0,via divisa tra distretti; da civici ANNCSU
RIVANAZZANO TERME,VIALE MARTIRI LIBERTA',dispari,24,,DRT02,6,0,via divisa tra distretti; da civici ANNCSU
RIVANAZZANO TERME,VIALE MARTIRI LIBERTA',pari,,8,DRT09,4,0,via divisa tra distretti; da civici ANNCSU
RIVANAZZANO TERME,VIALE MARTIRI LIBERTA',pari,9,,DRT02,10,0,via divisa tra distretti; da civici ANNCSU
RIVANAZZANO TERME,VICOLO AMODEO,tutti,,,DRT09,14,0,da civici ANNCSU
RIVANAZZANO TERME,VICOLO ARTURO TOSCANINI,tutti,,,DRT09,9,0,da civici ANNCSU
RIVANAZZANO TERME,VICOLO ASSEMBLEA,tutti,,,DRT09,5,0,da civici ANNCSU
RIVANAZZANO TERME,VICOLO CARLO ROVERETO,tutti,,,DRT09,13,0,da civici ANNCSU
RIVANAZZANO TERME,VICOLO CHIESA ABBIATI,tutti,,,DRT09,5,0,da civici ANNCSU
RIVANAZZANO TERME,VICOLO FAMIGLIA COSCIA,tutti,,,DRT09,7,0,da civici ANNCSU
RIVANAZZANO TERME,VICOLO GIOSUE' CARDUCCI,tutti,,,DRT09,6,0,da civici ANNCSU
RIVANAZZANO TERME,VICOLO SALVANESCHI,tutti,,,DRT09,6,0,da civici ANNCSU
ROBBIO,CIRC.NE PER MORTARA,tutti,,15,DRB03,5,1,via divisa tra distretti; da prese Neta
ROBBIO,CIRC.NE PER MORTARA,tutti,16,,DRB02,21,0,via divisa tra distretti; da prese Neta
ROBBIO,CORSO BELLOTTI,tutti,,,DRB03,35,0,da civici ANNCSU
ROBBIO,LARGO GIUSEPPE DELLARA,tutti,,,DRB02,2,0,da civici ANNCSU
ROBBIO,LARGO VOLONTARI ITALIANI DEL SANGUE,tutti,,,DRB03,22,0,da civici ANNCSU
ROBBIO,PIAZZA BORSELLINO,tutti,,,DRB03,17,0,da civici ANNCSU
ROBBIO,PIAZZA CASTELLO BOSCHI,tutti,,,DRB03,3,0,da civici ANNCSU
ROBBIO,PIAZZA DANTE,tutti,,,DRB03,13,0,da civici ANNCSU
ROBBIO,PIAZZA DI VITTORIO,tutti,,,DRB03,5,0,da civici ANNCSU
ROBBIO,PIAZZA LIBERTA',tutti,,,DRB03,39,0,da civici ANNCSU
ROBBIO,PIAZZA MARLIANO,tutti,,,DRB03,19,0,da civici ANNCSU
ROBBIO,PIAZZA SANTO STEFANO,tutti,,,DRB02,1,0,da civici ANNCSU
ROBBIO,S.S. 596 DEI CAIROLI,tutti,,,,2,0,"a cavallo, non controllata (DRB02 1, DRB03 1); da prese Neta"
ROBBIO,STRADA BOSCHI,tutti,,,DRB02,4,0,da civici ANNCSU
ROBBIO,VIA ALBONESE,tutti,,,DRB02,6,0,da civici ANNCSU
ROBBIO,VIA ALESSANDRO MANZONI,tutti,,,DRB03,42,0,da civici ANNCSU
ROBBIO,VIA AMEDEO AVOGADRO,tutti,,,DRB03,36,0,da civici ANNCSU
ROBBIO,VIA BORGONUOVO,tutti,,,DRB02,150,0,da civici ANNCSU
ROBBIO,VIA BRESCIA,tutti,,,DRB02,11,0,da civici ANNCSU
ROBBIO,VIA CALATAFIMI,tutti,,,DRB03,4,0,da civici ANNCSU
ROBBIO,VIA CAMILLO BENSO CAVOUR,tutti,,,DRB03,29,0,da civici ANNCSU
ROBBIO,VIA CAMPAGNOLA,tutti,,,DRB02,20,0,da civici ANNCSU
ROBBIO,VIA CANOVA,tutti,,,DRB03,14,0,da civici ANNCSU
ROBBIO,VIA CASALINA,tutti,,,DRB02,41,0,da civici ANNCSU
ROBBIO,VIA CAVALIERI DI VITTORIO VENE,tutti,,,DRB01,2,0,da prese Neta
ROBBIO,VIA CAVIGIOLIO,tutti,,,DRB03,34,0,da civici ANNCSU
ROBBIO,VIA CERNAIA,tutti,,,DRB03,47,0,da civici ANNCSU
ROBBIO,VIA CESARE BATTISTI,tutti,,,DRB03,34,0,da civici ANNCSU
ROBBIO,VIA CILAVEGNA,tutti,,,DRB02,43,0,da civici ANNCSU
ROBBIO,VIA COLONNA,tutti,,,DRB02,30,0,da civici ANNCSU
ROBBIO,VIA COVA,tutti,,,DRB02,19,0,da civici ANNCSU
ROBBIO,VIA CREMONA,tutti,,,DRB02,16,0,da civici ANNCSU
ROBBIO,VIA D. CHIESA,tutti,,,DRB01,7,0,da civici ANNCSU
ROBBIO,VIA DE SANCTIS,tutti,,,DRB02,36,0,da civici ANNCSU
ROBBIO,VIA DEI MILLE,tutti,,,DRB03,48,0,da civici ANNCSU
ROBBIO,VIA DEL COMMERCIO,tutti,,,DRB02,36,0,da civici ANNCSU
ROBBIO,VIA DEL RISO,tutti,,,DRB02,9,0,da civici ANNCSU
ROBBIO,VIA DELL'ARTIGIANATO,tutti,,,DRB02,20,0,da civici ANNCSU
ROBBIO,VIA DON BOGLIANI,tutti,,,DRB03,27,0,da civici ANNCSU
ROBBIO,VIA DUOMO,tutti,,,DRB03,2,0,da civici ANNCSU
ROBBIO,VIA F.LLI CERVI,tutti,,,DRB02,57,0,da civici ANNCSU
ROBBIO,VIA F.LLI ROSSELLI,tutti,,,DRB03,6,0,da civici ANNCSU
ROBBIO,VIA FILIPPO TURATI,tutti,,,DRB03,4,0,da civici ANNCSU
ROBBIO,VIA FILZI,tutti,,,DRB03,54,0,da civici ANNCSU
ROBBIO,VIA GALILEO GALILEI,tutti,,,DRB03,29,0,da civici ANNCSU
ROBBIO,VIA GALTRUCCO,tutti,,,DRB03,10,0,da civici ANNCSU
ROBBIO,VIA GARIBALDI,tutti,,,DRB03,46,0,da civici ANNCSU
ROBBIO,VIA GHINAGLIA,tutti,,,DRB03,58,0,da civici ANNCSU
ROBBIO,VIA GIACOMO MATTEOTTI,tutti,,,DRB01,24,0,da civici ANNCSU
ROBBIO,VIA GIACOMO PUCCINI,tutti,,,DRB03,52,0,da civici ANNCSU
ROBBIO,VIA GIANBATTISTA CASARO,tutti,,,DRB03,35,0,da civici ANNCSU
ROBBIO,VIA GIOSUE' CARDUCCI,tutti,,,DRB02,6,0,da civici ANNCSU
ROBBIO,VIA GIOVANNI AMENDOLA,tutti,,,DRB01,1,0,da civici ANNCSU
ROBBIO,VIA GIOVANNI FALCONE,tutti,,,DRB03,17,0,da civici ANNCSU
ROBBIO,VIA GIOVANNI PASCOLI,tutti,,,DRB02,26,0,da civici ANNCSU
ROBBIO,VIA GIUSEPPE VERDI,tutti,,,DRB03,33,0,da civici ANNCSU
ROBBIO,VIA GOITO,tutti,,,DRB03,9,0,da civici ANNCSU
ROBBIO,VIA GORIZIA,tutti,,,DRB03,27,0,da civici ANNCSU
ROBBIO,VIA GRAVELLONA,tutti,,,DRB02,11,0,da civici ANNCSU
ROBBIO,VIA GUADESA,tutti,,,DRB02,18,0,da civici ANNCSU
ROBBIO,VIA GUADO D'OCA,tutti,,,DRB03,22,0,da civici ANNCSU
ROBBIO,VIA IPPORIDIE,tutti,,,DRB02,28,0,da civici ANNCSU
ROBBIO,VIA JACOPO DENTICI,tutti,,,DRB03,27,0,da civici ANNCSU
ROBBIO,VIA LAZZARETTO,tutti,,,DRB03,125,0,da civici ANNCSU
ROBBIO,VIA LIBIA,tutti,,,DRB03,26,0,da civici ANNCSU
ROBBIO,VIA LUDOVICO ARIOSTO,tutti,,,DRB03,30,0,da civici ANNCSU
ROBBIO,VIA MAGENTA,tutti,,,DRB03,50,0,da civici ANNCSU
ROBBIO,VIA MARCONI,tutti,,,DRB03,56,0,da civici ANNCSU
ROBBIO,VIA MASSAUA,tutti,,,DRB02,22,0,da civici ANNCSU
ROBBIO,VIA MASSIMO D'AZEGLIO,tutti,,,DRB02,19,0,da civici ANNCSU
ROBBIO,VIA MATTEI,tutti,,,DRB01,19,0,da civici ANNCSU
ROBBIO,VIA MAZZINI,tutti,,,DRB03,16,0,da civici ANNCSU
ROBBIO,VIA MERGOZZO,tutti,,,DRB02,33,0,da civici ANNCSU
ROBBIO,VIA MILANO,tutti,,,DRB02,9,0,da civici ANNCSU
ROBBIO,VIA MIRADOLO,tutti,,,DRB02,21,0,da civici ANNCSU
ROBBIO,VIA MOLINO MIRADOLO,tutti,,,DRB03,7,0,da civici ANNCSU
ROBBIO,VIA MOLINO NUOVO,tutti,,,DRB03,1,0,da prese Neta
ROBBIO,VIA MONTE GRAPPA,tutti,,,DRB03,9,0,da prese Neta
ROBBIO,VIA MONTELLO,tutti,,,DRB02,24,0,da civici ANNCSU
ROBBIO,VIA MORTARA,tutti,,,DRB02,120,4,da civici ANNCSU
ROBBIO,VIA NAZARIO SAURO,tutti,,,DRB03,28,0,da civici ANNCSU
ROBBIO,VIA NICORVO,tutti,,14,DRB03,4,1,via divisa tra distretti; da civici ANNCSU
ROBBIO,VIA NICORVO,tutti,15,,DRB02,139,0,via divisa tra distretti; da civici ANNCSU
ROBBIO,VIA NINO BIXIO,tutti,,,DRB01,14,0,da civici ANNCSU
ROBBIO,VIA NOVARA,tutti,,,DRB03,328,0,da civici ANNCSU
ROBBIO,VIA OLIVO,tutti,,,DRB03,20,0,da civici ANNCSU
ROBBIO,VIA OSPEDALE,tutti,,,DRB03,26,0,da civici ANNCSU
ROBBIO,VIA PALESTRO,tutti,,110,DRB03,97,0,via divisa tra distretti; da civici ANNCSU
ROBBIO,VIA PALESTRO,tutti,111,,DRB01,17,0,via divisa tra distretti; da civici ANNCSU
ROBBIO,VIA PAPA GIOVANNI PAOLO II,tutti,,,DRB02,5,0,da prese Neta
ROBBIO,VIA PASTRENGO,tutti,,,DRB03,3,0,da civici ANNCSU
ROBBIO,VIA PIAVE,tutti,,,DRB03,31,0,da civici ANNCSU
ROBBIO,VIA RISORGIMENTO,tutti,,,DRB03,93,0,da civici ANNCSU
ROBBIO,VIA RODI,tutti,,,DRB03,17,0,da civici ANNCSU
ROBBIO,VIA ROGGETTA,tutti,,,DRB02,29,0,da civici ANNCSU
ROBBIO,VIA ROMA,tutti,,,DRB03,61,0,da civici ANNCSU
ROBBIO,VIA ROSASCO,tutti,,,DRB03,50,2,da civici ANNCSU
ROBBIO,VIA ROTOPIO,tutti,,,DRB03,12,0,da civici ANNCSU
ROBBIO,VIA SAN NICOLAO,tutti,,,DRB03,21,0,da civici ANNCSU
ROBBIO,VIA SAN ROCCO,dispari,,,DRB03,62,0,via divisa tra distretti; da civici ANNCSU
ROBBIO,VIA SAN ROCCO,pari,,52,DRB03,26,0,via divisa tra distretti; da civici ANNCSU
ROBBIO,VIA SAN ROCCO,pari,53,,DRB01,6,0,via divisa tra distretti; da civici ANNCSU
ROBBIO,VIA SAN VALERIANO,tutti,,,DRB03,38,0,da civici ANNCSU
ROBBIO,VIA SANNER,tutti,,,DRB03,32,0,da civici ANNCSU
ROBBIO,VIA SETTEMBRINI,tutti,,,DRB01,1,0,da civici ANNCSU
ROBBIO,VIA SOLFERINO,tutti,,,DRB03,24,0,da civici ANNCSU
ROBBIO,VIA STATUTO,tutti,,,DRB03,21,0,da civici ANNCSU
ROBBIO,VIA TAGLIAMACCO,tutti,,,DRB02,16,0,da civici ANNCSU
ROBBIO,VIA TARDIOTTI,tutti,,,DRB02,21,0,da civici ANNCSU
ROBBIO,VIA TERESIO OLIVELLI,tutti,,,DRB03,17,0,da civici ANNCSU
ROBBIO,VIA TRENTO,tutti,,,DRB03,26,0,da civici ANNCSU
ROBBIO,VIA TRIESTE,tutti,,,DRB03,20,0,da civici ANNCSU
ROBBIO,VIA TRIPOLI,tutti,,,DRB02,17,0,da civici ANNCSU
ROBBIO,VIA UGO FOSCOLO,tutti,,,DRB02,31,0,da civici ANNCSU
ROBBIO,VIA VARESE,tutti,,,DRB02,16,0,da civici ANNCSU
ROBBIO,VIA VESPOLATE,tutti,,,DRB03,85,0,da civici ANNCSU
ROBBIO,VIA VIGEVANO,tutti,,,DRB02,32,0,da civici ANNCSU
ROBBIO,VIA VIGNA GRANDE,tutti,,,DRB03,44,0,da civici ANNCSU
ROBBIO,VIA VITTORIO VENETO,tutti,,,DRB03,40,0,da civici ANNCSU
ROBBIO,VIA XXIV MAGGIO,tutti,,,DRB02,100,0,da civici ANNCSU
ROBBIO,VIALE AMEDEO D'AOSTA,tutti,,,DRB03,61,0,da civici ANNCSU
ROBBIO,VIALE GRAMSCI,tutti,,,DRB03,44,0,da civici ANNCSU
ROBBIO,VIALE LOMBARDIA,tutti,,,DRB03,1,0,da civici ANNCSU
ROBBIO,VIALE R.PREVE,tutti,,,DRB03,3,0,da civici ANNCSU
ROBBIO,VICOLO CALDEROTTI,tutti,,,DRB03,16,0,da civici ANNCSU
ROBBIO,VICOLO CAMPAGNOLA,tutti,,,DRB02,20,0,da civici ANNCSU
ROBBIO,VICOLO MANZONI,tutti,,,DRB03,15,0,da civici ANNCSU
ROBBIO,VICOLO MERGOZZO,tutti,,,DRB02,18,0,da civici ANNCSU
ROBBIO,VICOLO SPINA,tutti,,,DRB03,9,0,da civici ANNCSU
SAN MARTINO SICCOMARIO,C.NA CAMPEGGIA,tutti,,,DSMS03,17,0,da prese Neta
SAN MARTINO SICCOMARIO,C.NA MOLINO VECCHIO,tutti,,,DSMS02,4,0,da prese Neta
SAN MARTINO SICCOMARIO,PIAZZA DELLA CHIESA,tutti,,,DSMS03,2,0,da prese Neta
SAN MARTINO SICCOMARIO,PIAZZA VERDI,tutti,,,DSMS03,44,0,da prese Neta
SAN MARTINO SICCOMARIO,VIA ALCIDE DE GASPERI,tutti,,,DSMS03,8,0,da prese Neta
SAN MARTINO SICCOMARIO,VIA ALDO MORO,tutti,,,DSMS01,65,0,da prese Neta
SAN MARTINO SICCOMARIO,VIA ALESSANDRO MANZONI,tutti,,,DSMS01,5,0,da prese Neta
SAN MARTINO SICCOMARIO,VIA ALESSANDRO VOLTA,tutti,,,DSMS03,3,0,da prese Neta
SAN MARTINO SICCOMARIO,VIA ALIAROLO,tutti,,,DSMS01,4,0,da prese Neta
SAN MARTINO SICCOMARIO,VIA ANGELINI,tutti,,,DSMS03,20,0,da prese Neta
SAN MARTINO SICCOMARIO,VIA ANTONIO GRAMSCI,tutti,,,DSMS01,22,0,da prese Neta
SAN MARTINO SICCOMARIO,VIA BANFI,tutti,,,DSMS01,3,0,da prese Neta
SAN MARTINO SICCOMARIO,VIA BENEDETTO CROCE,tutti,,,DSMS03,6,0,da prese Neta
SAN MARTINO SICCOMARIO,VIA CADUTI,tutti,,,DSMS03,17,0,da prese Neta
SAN MARTINO SICCOMARIO,VIA CALVI,tutti,,,DSMS01,29,0,da prese Neta
SAN MARTINO SICCOMARIO,VIA CARLO A. DALLA CHIESA,tutti,,,DSMS03,14,0,da prese Neta
SAN MARTINO SICCOMARIO,VIA CARLO MELZI,tutti,,,DSMS01,1,0,da prese Neta
SAN MARTINO SICCOMARIO,VIA CASE NUOVE,tutti,,,DSMS02,94,0,da prese Neta
SAN MARTINO SICCOMARIO,VIA CURIEL,tutti,,,DSMS03,25,0,da prese Neta
SAN MARTINO SICCOMARIO,VIA DAVAGNINI,tutti,,,DSMS03,43,0,da prese Neta
SAN MARTINO SICCOMARIO,VIA DEGLI ONTANI,tutti,,,DSMS02,9,0,da prese Neta
SAN MARTINO SICCOMARIO,VIA DEI SALICI,tutti,,,DSMS02,4,0,da prese Neta
SAN MARTINO SICCOMARIO,VIA DEL COMMERCIO,tutti,,,DSMS03,3,0,da prese Neta
SAN MARTINO SICCOMARIO,VIA DELL'AGRICOLTURA,tutti,,,DSMS01,2,0,da prese Neta
SAN MARTINO SICCOMARIO,VIA DELLA CHIESA,tutti,,,DSMS03,28,0,da prese Neta
SAN MARTINO SICCOMARIO,VIA DELLA STAZIONE,tutti,,,DSMS01,28,0,da prese Neta
SAN MARTINO SICCOMARIO,VIA ENRICO DE NICOLA,tutti,,,DSMS03,9,0,da prese Neta
SAN MARTINO SICCOMARIO,VIA ENRICO FERMI,tutti,,,DSMS03,21,0,da prese Neta
SAN MARTINO SICCOMARIO,VIA F.LLI CERVI,tutti,,,DSMS03,2,0,da prese Neta
SAN MARTINO SICCOMARIO,VIA F.LLI ROSSELLI,tutti,,,DSMS03,20,0,da prese Neta
SAN MARTINO SICCOMARIO,VIA FILIPPO TURATI,tutti,,,DSMS03,42,1,da prese Neta
SAN MARTINO SICCOMARIO,VIA FRACCAROLLO,tutti,,,DSMS03,16,0,da prese Neta
SAN MARTINO SICCOMARIO,VIA GABBA,tutti,,,DSMS03,32,0,da prese Neta
SAN MARTINO SICCOMARIO,VIA GALILEO GALILEI,tutti,,,DSMS03,2,0,da prese Neta
SAN MARTINO SICCOMARIO,VIA GIACOMO BRODOLINI,tutti,,,DSMS03,6,0,da prese Neta
SAN MARTINO SICCOMARIO,VIA GIACOMO LEOPARDI,tutti,,,DSMS03,2,0,da prese Neta
SAN MARTINO SICCOMARIO,VIA GIACOMO PUCCINI,tutti,,,DSMS03,5,0,da prese Neta
SAN MARTINO SICCOMARIO,VIA GIUSEPPE DI VITTORIO,tutti,,,DSMS01,5,0,da prese Neta
SAN MARTINO SICCOMARIO,VIA GIUSEPPE GARIBALDI,tutti,,,DSMS02,3,0,da prese Neta
SAN MARTINO SICCOMARIO,VIA GIUSEPPE MAZZINI,tutti,,,DSMS01,8,0,da prese Neta
SAN MARTINO SICCOMARIO,VIA GIUSEPPE VERDI,tutti,,,DSMS03,15,0,da prese Neta
SAN MARTINO SICCOMARIO,VIA GRAVELLONE,tutti,,,DSMS03,25,0,da prese Neta
SAN MARTINO SICCOMARIO,VIA GUGLIELMO MARCONI,tutti,,,DSMS03,30,0,da prese Neta
SAN MARTINO SICCOMARIO,VIA I MAGGIO,tutti,,,DSMS03,28,0,da prese Neta
SAN MARTINO SICCOMARIO,VIA IV NOVEMBRE,tutti,,,DSMS03,3,0,da prese Neta
SAN MARTINO SICCOMARIO,VIA LEONARDO DA VINCI,tutti,,,DSMS03,10,0,da prese Neta
SAN MARTINO SICCOMARIO,VIA LOMBARDIA,tutti,,,DSMS03,27,0,da prese Neta
SAN MARTINO SICCOMARIO,VIA LUIGI EINAUDI,tutti,,,DSMS01,6,0,da prese Neta
SAN MARTINO SICCOMARIO,VIA MADONNA,tutti,,,DSMS02,113,0,da prese Neta
SAN MARTINO SICCOMARIO,VIA MAGGI CAV.LUIGI,tutti,,,DSMS02,22,0,da prese Neta
SAN MARTINO SICCOMARIO,VIA MARCO BIAGI,tutti,,,DSMS01,47,0,da prese Neta
SAN MARTINO SICCOMARIO,VIA MARX,tutti,,,DSMS01,14,0,da prese Neta
SAN MARTINO SICCOMARIO,VIA MARZABOTTO,tutti,,,DSMS03,8,0,da prese Neta
SAN MARTINO SICCOMARIO,VIA MILANESI,tutti,,,DSMS03,5,0,da prese Neta
SAN MARTINO SICCOMARIO,VIA MOLINELLO,tutti,,,DSMS02,15,0,da prese Neta
SAN MARTINO SICCOMARIO,VIA MONTANARI,tutti,,,DSMS03,2,0,da prese Neta
SAN MARTINO SICCOMARIO,VIA PABLO NERUDA,tutti,,,DSMS03,3,0,da prese Neta
SAN MARTINO SICCOMARIO,VIA PALMIRO TOGLIATTI,tutti,,,DSMS03,93,0,da prese Neta
SAN MARTINO SICCOMARIO,VIA PAMPURI,tutti,,,DSMS03,13,0,da prese Neta
SAN MARTINO SICCOMARIO,VIA PAPA GIOVANNI XXIII,tutti,,,DSMS03,36,0,da prese Neta
SAN MARTINO SICCOMARIO,VIA PARCO TICINO,tutti,,,DSMS03,11,0,da prese Neta
SAN MARTINO SICCOMARIO,VIA PARTIGIANI,tutti,,,DSMS03,33,0,da prese Neta
SAN MARTINO SICCOMARIO,VIA PIEMONTE,tutti,,,DSMS03,39,0,da prese Neta
SAN MARTINO SICCOMARIO,VIA PO,tutti,,,DSMS03,47,0,da prese Neta
SAN MARTINO SICCOMARIO,VIA ROMA,tutti,,,DSMS03,171,0,da prese Neta
SAN MARTINO SICCOMARIO,VIA ROMA,tutti,2,2,DSMS02,2,0,"eccezione: 2 prese al civico 2, da verificare; da prese Neta"
SAN MARTINO SICCOMARIO,VIA SANTA CROCE,tutti,,,DSMS02,41,0,da prese Neta
SAN MARTINO SICCOMARIO,VIA TORRE DE' CANI,tutti,,,DSMS01,93,0,da prese Neta
SAN MARTINO SICCOMARIO,VIA TOSCANINI,tutti,,,DSMS03,6,0,da prese Neta
SAN MARTINO SICCOMARIO,VIA TRENTO,tutti,,,DSMS03,21,0,da prese Neta
SAN MARTINO SICCOMARIO,VIA TRIESTE,tutti,,,DSMS03,36,0,da prese Neta
SAN MARTINO SICCOMARIO,VIA VIII MARZO,tutti,,,DSMS03,44,0,da prese Neta
SAN MARTINO SICCOMARIO,VIA XXV APRILE,tutti,,,DSMS03,1,0,da prese Neta
SANNAZZARO DE' BURGONDI,CASCINA GORANA NUOVA,tutti,,,DSB05,3,0,da prese Neta
SANNAZZARO DE' BURGONDI,CASCINA GRAVASSOLA,tutti,,,DSB01,4,0,da prese Neta
SANNAZZARO DE' BURGONDI,CASCINA MALASPINIANA,tutti,,,DSB02,37,0,da prese Neta
SANNAZZARO DE' BURGONDI,FORNACE SAN GIUSEPPE,tutti,,,DSB03,3,1,da prese Neta
SANNAZZARO DE' BURGONDI,FRAZIONE BUSCARELLA,tutti,,,DSB01,26,0,da prese Neta
SANNAZZARO DE' BURGONDI,FRAZIONE MEZZANO,tutti,,,DSB04,29,0,da prese Neta
SANNAZZARO DE' BURGONDI,FRAZIONE SAVASINI,tutti,,,DSB02,6,0,da prese Neta
SANNAZZARO DE' BURGONDI,PIAZZA CESARE BATTISTI,tutti,,,DSB02,44,0,da prese Neta
SANNAZZARO DE' BURGONDI,PIAZZA DEL POPOLO,tutti,,,DSB02,5,0,da prese Neta
SANNAZZARO DE' BURGONDI,PIAZZA MERCATO,tutti,,,DSB02,5,0,da prese Neta
SANNAZZARO DE' BURGONDI,PIAZZA PALESTRO,tutti,,,DSB02,1,0,da prese Neta
SANNAZZARO DE' BURGONDI,PIAZZETTA M.DELLA FONTANA,tutti,,,DSB02,7,0,da prese Neta
SANNAZZARO DE' BURGONDI,STR.PROV. 193 KM 18.900,tutti,,,DSB02,3,0,da prese Neta
SANNAZZARO DE' BURGONDI,STRADA PER MEZZANO,tutti,,,DSB04,2,0,da prese Neta
SANNAZZARO DE' BURGONDI,STRADA PROVINCIALE 191 BIS,tutti,,,DSB03,2,0,da prese Neta
SANNAZZARO DE' BURGONDI,VIA ALESSANDRIA,tutti,,,DSB02,4,0,da prese Neta
SANNAZZARO DE' BURGONDI,VIA ALESSANDRO MANZONI,tutti,,,DSB02,28,0,da prese Neta
SANNAZZARO DE' BURGONDI,VIA ALESSANDRO VOLTA,tutti,,,DSB01,15,0,da prese Neta
SANNAZZARO DE' BURGONDI,VIA ALLA COSTA,tutti,,,DSB02,7,0,da prese Neta
SANNAZZARO DE' BURGONDI,VIA ANTONIO GRAMSCI,tutti,,,DSB02,10,0,da prese Neta
SANNAZZARO DE' BURGONDI,VIA ANTONIO PACINOTTI,tutti,,,DSB01,1,0,da prese Neta
SANNAZZARO DE' BURGONDI,VIA BIGLI,tutti,,,DSB02,35,0,da prese Neta
SANNAZZARO DE' BURGONDI,VIA BOSCHINE,tutti,,,DSB02,11,0,da prese Neta
SANNAZZARO DE' BURGONDI,VIA CAIROLI BENEDETTO,tutti,,,DSB02,48,0,da prese Neta
SANNAZZARO DE' BURGONDI,VIA CAMILLO BENSO CAVOUR,tutti,,,DSB02,33,0,da prese Neta
SANNAZZARO DE' BURGONDI,VIA CASE BASSE,tutti,,,DSB02,14,0,da prese Neta
SANNAZZARO DE' BURGONDI,VIA CASE NUOVE,tutti,,,DSB02,21,0,da prese Neta
SANNAZZARO DE' BURGONDI,VIA CASTELLO,tutti,,,DSB02,27,0,da prese Neta
SANNAZZARO DE' BURGONDI,VIA CAV.POLLONE,tutti,,,DSB02,15,0,da prese Neta
SANNAZZARO DE' BURGONDI,VIA CEI,tutti,,,DSB02,2,0,da prese Neta
SANNAZZARO DE' BURGONDI,VIA DAGLIO,tutti,,,DSB02,3,0,da prese Neta
SANNAZZARO DE' BURGONDI,VIA DANTE ALIGHIERI,tutti,,,DSB02,7,0,da prese Neta
SANNAZZARO DE' BURGONDI,VIA DEL CONTO',tutti,,,DSB02,14,0,da prese Neta
SANNAZZARO DE' BURGONDI,VIA DEL LUCINO,tutti,,,DSB02,68,0,da prese Neta
SANNAZZARO DE' BURGONDI,VIA DELL'INDUSTRIA,tutti,,,DSB02,1,0,da prese Neta
SANNAZZARO DE' BURGONDI,VIA DELL'IRIS,tutti,,,DSB02,6,0,da prese Neta
SANNAZZARO DE' BURGONDI,VIA DELL'OLMO,tutti,,,DSB02,6,0,da prese Neta
SANNAZZARO DE' BURGONDI,VIA DELLA LIBERTA',tutti,,,DSB02,9,0,da prese Neta
SANNAZZARO DE' BURGONDI,VIA DON GAZZANIGA,tutti,,,DSB02,18,0,da prese Neta
SANNAZZARO DE' BURGONDI,VIA DON LORENZO MILANI,tutti,,,DSB02,13,0,da prese Neta
SANNAZZARO DE' BURGONDI,VIA DONIZZETTI,tutti,,,DSB02,4,0,da prese Neta
SANNAZZARO DE' BURGONDI,VIA DUE GIUGNO,tutti,,,DSB02,7,0,da prese Neta
SANNAZZARO DE' BURGONDI,VIA ERBOGNETTA,tutti,,,DSB02,55,0,da prese Neta
SANNAZZARO DE' BURGONDI,VIA F.LLI ROSSELLI,tutti,,,DSB02,1,0,da prese Neta
SANNAZZARO DE' BURGONDI,VIA FORNACI,tutti,,,DSB02,18,0,da prese Neta
SANNAZZARO DE' BURGONDI,VIA FRANCESCO PETRARCA,tutti,,,DSB02,14,0,da prese Neta
SANNAZZARO DE' BURGONDI,VIA GALILEO GALILEI,tutti,,,DSB01,6,0,da prese Neta
SANNAZZARO DE' BURGONDI,VIA GIACOMO LEOPARDI,tutti,,,DSB02,4,0,da prese Neta
SANNAZZARO DE' BURGONDI,VIA GIACOMO MATTEOTTI,tutti,,,DSB02,7,0,da prese Neta
SANNAZZARO DE' BURGONDI,VIA GIACOMO PUCCINI,tutti,,,DSB02,20,0,da prese Neta
SANNAZZARO DE' BURGONDI,VIA GIANOLA,tutti,,,DSB02,22,0,da prese Neta
SANNAZZARO DE' BURGONDI,VIA GIOACCHINO ROSSINI,tutti,,,DSB02,16,0,da prese Neta
SANNAZZARO DE' BURGONDI,VIA GIOSUE' CARDUCCI,tutti,,,DSB02,2,0,da prese Neta
SANNAZZARO DE' BURGONDI,VIA GIOVANNI PASCOLI,tutti,,,DSB02,63,0,da prese Neta
SANNAZZARO DE' BURGONDI,VIA GIULIANI,tutti,,,DSB02,33,0,da prese Neta
SANNAZZARO DE' BURGONDI,VIA GIUSEPPE GARIBALDI,tutti,,,DSB02,51,0,da prese Neta
SANNAZZARO DE' BURGONDI,VIA GIUSEPPE MAZZINI,tutti,,,DSB02,53,0,da prese Neta
SANNAZZARO DE' BURGONDI,VIA GIUSEPPE VERDI,tutti,,,DSB02,21,0,da prese Neta
SANNAZZARO DE' BURGONDI,VIA GORANA,tutti,,,DSB02,25,0,da prese Neta
SANNAZZARO DE' BURGONDI,VIA GUGLIELMO MARCONI,tutti,,,DSB02,32,0,da prese Neta
SANNAZZARO DE' BURGONDI,VIA I MAGGIO,tutti,,,DSB02,17,0,da prese Neta
SANNAZZARO DE' BURGONDI,VIA INCISA,tutti,,,DSB02,94,0,da prese Neta
SANNAZZARO DE' BURGONDI,VIA IV NOVEMBRE,tutti,,,DSB02,10,0,da prese Neta
SANNAZZARO DE' BURGONDI,VIA J. SANNAZZARO,tutti,,,DSB02,9,0,da prese Neta
SANNAZZARO DE' BURGONDI,VIA LEONARDO DA VINCI,tutti,,,DSB01,18,0,da prese Neta
SANNAZZARO DE' BURGONDI,VIA LUDOVICO ARIOSTO,tutti,,,DSB02,4,0,da prese Neta
SANNAZZARO DE' BURGONDI,VIA LUIGI GALVANI,tutti,,,DSB01,2,0,da prese Neta
SANNAZZARO DE' BURGONDI,VIA MONGINI,tutti,,,DSB02,40,0,da prese Neta
SANNAZZARO DE' BURGONDI,VIA MONSIGNOR PIETRO ANGLESE,tutti,,,DSB02,48,0,da prese Neta
SANNAZZARO DE' BURGONDI,VIA MONTE GRAPPA,tutti,,,DSB02,7,0,da prese Neta
SANNAZZARO DE' BURGONDI,VIA MONTI VINCENZO,tutti,,,DSB02,11,0,da prese Neta
SANNAZZARO DE' BURGONDI,VIA NAZARIO SAURO,tutti,,,DSB02,26,0,da prese Neta
SANNAZZARO DE' BURGONDI,VIA PASTORINI,tutti,,,DSB02,24,0,da prese Neta
SANNAZZARO DE' BURGONDI,VIA PASUBIO,tutti,,,DSB02,8,0,da prese Neta
SANNAZZARO DE' BURGONDI,VIA PAVIA,tutti,,,,15,0,"a cavallo, non controllata (DSB03 11, DSB02 4); da prese Neta"
SANNAZZARO DE' BURGONDI,VIA PIAVE,tutti,,,DSB02,6,0,da prese Neta
SANNAZZARO DE' BURGONDI,VIA PO,tutti,,,DSB02,4,0,da prese Neta
SANNAZZARO DE' BURGONDI,VIA ROMA,tutti,,,DSB02,54,0,da prese Neta
SANNAZZARO DE' BURGONDI,VIA S. BERNARDINO,tutti,,,DSB02,26,0,da prese Neta
SANNAZZARO DE' BURGONDI,VIA SAFFI,tutti,,,DSB02,29,0,da prese Neta
SANNAZZARO DE' BURGONDI,VIA SALERA,tutti,,,DSB02,3,0,da prese Neta
SANNAZZARO DE' BURGONDI,VIA SALVADEO,tutti,,,DSB02,6,0,da prese Neta
SANNAZZARO DE' BURGONDI,VIA SAN FRANCESCO,tutti,,,DSB02,25,0,da prese Neta
SANNAZZARO DE' BURGONDI,VIA SEREMPIOCCA,tutti,,,DSB02,18,0,da prese Neta
SANNAZZARO DE' BURGONDI,VIA SS.NAZZARO E CELSO,tutti,,,DSB02,39,0,da prese Neta
SANNAZZARO DE' BURGONDI,VIA TOSCANINI,tutti,,,DSB02,27,0,da prese Neta
SANNAZZARO DE' BURGONDI,VIA TRAVERSI,tutti,,,DSB02,40,0,da prese Neta
SANNAZZARO DE' BURGONDI,VIA UGO FOSCOLO,tutti,,,DSB02,24,0,da prese Neta
SANNAZZARO DE' BURGONDI,VIA VECCHIA,tutti,,,DSB02,5,0,da prese Neta
SANNAZZARO DE' BURGONDI,VIA VICINALE PAVESE,tutti,,,DSB02,44,0,da prese Neta
SANNAZZARO DE' BURGONDI,VIA VIGEVANO,tutti,,,DSB02,62,0,da prese Neta
SANNAZZARO DE' BURGONDI,VIA VINCENZO BELLINI,tutti,,,DSB02,9,0,da prese Neta
SANNAZZARO DE' BURGONDI,VIA VITTORIO VENETO,tutti,,,DSB02,38,0,da prese Neta
SANNAZZARO DE' BURGONDI,VIA VOGHERA,tutti,,,DSB01,8,0,da prese Neta
SANNAZZARO DE' BURGONDI,VIA XI FEBBRAIO,tutti,,,DSB02,26,0,da prese Neta
SANNAZZARO DE' BURGONDI,VIA XXV APRILE,tutti,,,DSB02,1,0,da prese Neta
SANNAZZARO DE' BURGONDI,VIA ZECCA,tutti,,,DSB02,6,0,da prese Neta
SANNAZZARO DE' BURGONDI,VIALE ITALIA,tutti,,,DSB02,57,0,da prese Neta
SANNAZZARO DE' BURGONDI,VIALE LORETO,tutti,,,DSB02,34,0,da prese Neta
SANNAZZARO DE' BURGONDI,VICOLO ABBEVERAGGIO,tutti,,,DSB02,1,0,da prese Neta
SANNAZZARO DE' BURGONDI,VICOLO DELL'ISOLA,tutti,,,DSB02,16,0,da prese Neta
SANNAZZARO DE' BURGONDI,VICOLO PORTONE,tutti,,,DSB02,1,0,da prese Neta
SANNAZZARO DE' BURGONDI,VICOLO QUARTIERE,tutti,,,DSB02,4,0,da prese Neta
SANNAZZARO DE' BURGONDI,VICOLO VOLTONE,tutti,,,DSB02,4,0,da prese Neta
SIZIANO,CASCINA BONATE,tutti,,,DSZ03,4,0,da prese Neta
SIZIANO,CASCINA CASCINETTA,tutti,,,DSZ03,23,0,da prese Neta
SIZIANO,CASCINA FORNASETTA,tutti,,,DSZ03,1,0,da prese Neta
SIZIANO,CASCINA GRANZETTA,tutti,,,DSZ01,2,0,da prese Neta
SIZIANO,CASCINA SOLDATI,tutti,,,DSZ03,1,0,da prese Neta
SIZIANO,PIAZZA FEDERICO FELLINI,tutti,,,DSZ03,14,0,da civici ANNCSU
SIZIANO,STRADA PROVINCIALE 40 BINASCO/MELEGNANO,tutti,,,DSZ01,5,0,da prese Neta
SIZIANO,VIA ADAMELLO,tutti,,,DSZ02,13,0,da civici ANNCSU
SIZIANO,VIA ALDO MORO,tutti,,,DSZ03,24,0,da civici ANNCSU
SIZIANO,VIA ALESSANDRO MANZONI,tutti,,,DSZ03,17,0,da civici ANNCSU
SIZIANO,VIA BERGAMO,tutti,,,DSZ03,4,0,da civici ANNCSU
SIZIANO,VIA BERNINA,tutti,,,DSZ02,34,0,da civici ANNCSU
SIZIANO,VIA BRALLO,tutti,,,DSZ02,40,0,da civici ANNCSU
SIZIANO,VIA CAMPOMORTO,tutti,,,DSZ03,37,0,da civici ANNCSU
SIZIANO,VIA CANTALUPO,tutti,,,DSZ03,26,0,da civici ANNCSU
SIZIANO,VIA CASAMATTA,tutti,,,DSZ03,12,0,da civici ANNCSU
SIZIANO,VIA CASATICO,tutti,,,DSZ03,11,0,da civici ANNCSU
SIZIANO,VIA CASCINA GIUDITTA,tutti,,,DSZ01,3,0,da civici ANNCSU
SIZIANO,VIA CASTELLO,tutti,,,DSZ03,26,0,da civici ANNCSU
SIZIANO,VIA CIRCONVALLAZIONE,tutti,,,DSZ03,10,0,da civici ANNCSU
SIZIANO,VIA CONTE BERETTA,tutti,,,DSZ03,8,0,da civici ANNCSU
SIZIANO,VIA DALLA CHIESA,tutti,,,DSZ03,2,0,da civici ANNCSU
SIZIANO,VIA DANTE ALIGHIERI,tutti,,,DSZ03,16,0,da civici ANNCSU
SIZIANO,VIA DEFENDENTE SACCHI,tutti,,,DSZ03,20,0,da civici ANNCSU
SIZIANO,VIA DEL BENESSERE,tutti,,,DSZ01,15,0,da civici ANNCSU
SIZIANO,VIA DELLA STAZIONE,tutti,,,DSZ03,21,0,da civici ANNCSU
SIZIANO,VIA DON GIOVANNI MINZONI,tutti,,,DSZ03,12,0,da civici ANNCSU
SIZIANO,VIA EDUARDO DE FILIPPO,tutti,,,DSZ03,1,0,da prese Neta
SIZIANO,VIA EMILIA,tutti,,,DSZ01,11,0,da civici ANNCSU
SIZIANO,VIA EMILIO ALESSANDRINI,tutti,,,DSZ03,5,0,da civici ANNCSU
SIZIANO,VIA ENRICO FERMI,tutti,,,DSZ03,11,0,da civici ANNCSU
SIZIANO,VIA F.LLI CERVI,tutti,,,DSZ03,87,0,da civici ANNCSU
SIZIANO,VIA F.LLI ROSSELLI,tutti,,,DSZ03,26,0,da civici ANNCSU
SIZIANO,VIA FRANCESCA MORVILLO,tutti,,,DSZ03,29,0,da civici ANNCSU
SIZIANO,VIA G.SISTI,tutti,,,DSZ03,5,0,da civici ANNCSU
SIZIANO,VIA GIACOMO PUCCINI,tutti,,,DSZ03,26,0,da civici ANNCSU
SIZIANO,VIA GIOSUE' CARDUCCI,tutti,,,DSZ03,47,0,da civici ANNCSU
SIZIANO,VIA GIOVANNI PASCOLI,tutti,,,DSZ03,28,0,da civici ANNCSU
SIZIANO,VIA GIOVANNI XXIII,tutti,,,DSZ03,36,0,da prese Neta
SIZIANO,VIA GIULIETTA MASINA,tutti,,,DSZ03,13,0,da civici ANNCSU
SIZIANO,VIA GIUSEPPE VERDI,tutti,,,DSZ03,27,0,da civici ANNCSU
SIZIANO,VIA GRAN SASSO,tutti,,,DSZ02,12,0,da civici ANNCSU
SIZIANO,VIA GUGLIELMO MARCONI,tutti,,,DSZ03,18,0,da civici ANNCSU
SIZIANO,VIA GUIDO ROSSA,tutti,,,DSZ03,24,0,da civici ANNCSU
SIZIANO,VIA I MAGGIO,tutti,,,DSZ03,31,0,da civici ANNCSU
SIZIANO,VIA LARIO,tutti,,,DSZ03,19,0,da civici ANNCSU
SIZIANO,VIA LIGURIA,tutti,,,DSZ01,5,0,da civici ANNCSU
SIZIANO,VIA LOMBARDIA,tutti,,,DSZ01,16,0,da civici ANNCSU
SIZIANO,VIA MAGNANI,tutti,,,DSZ03,15,0,da civici ANNCSU
SIZIANO,VIA MARCELLA DI LEVRANO,tutti,,,DSZ03,12,0,da civici ANNCSU
SIZIANO,VIA MARCHE,tutti,,,DSZ01,2,0,da civici ANNCSU
SIZIANO,VIA MAX MASSA,tutti,,,DSZ03,19,0,da civici ANNCSU
SIZIANO,VIA MILANO,tutti,,,DSZ03,23,0,da civici ANNCSU
SIZIANO,VIA MONTE BIANCO,tutti,,,,2,0,"a cavallo, non controllata (DSZ02 1, DSZ03 1); da civici ANNCSU"
SIZIANO,VIA MONTE PENICE,tutti,,,DSZ02,11,0,da civici ANNCSU
SIZIANO,VIA MONTE ROSA,tutti,,,DSZ02,21,0,da civici ANNCSU
SIZIANO,VIA MONTESSORI,tutti,,,DSZ03,8,0,da civici ANNCSU
SIZIANO,VIA PAOLO BORSELLINO,tutti,,,DSZ03,31,0,da civici ANNCSU
SIZIANO,VIA PASOLINI,tutti,,,DSZ03,71,0,da civici ANNCSU
SIZIANO,VIA PAVIA,tutti,,,DSZ03,73,0,da civici ANNCSU
SIZIANO,VIA PIEMONTE,tutti,,,DSZ01,5,0,da civici ANNCSU
SIZIANO,VIA PIONIERI DELLA C.ROSSA,tutti,,,DSZ03,12,0,da civici ANNCSU
SIZIANO,VIA PORTE ROSSE,tutti,,,DSZ03,21,0,da civici ANNCSU
SIZIANO,VIA RISORGIMENTO,tutti,,,DSZ03,29,0,da civici ANNCSU
SIZIANO,VIA RITA LEVI MONTALCINI,tutti,,,DSZ03,7,0,da civici ANNCSU
SIZIANO,VIA ROMA,tutti,,,DSZ03,107,0,da civici ANNCSU
SIZIANO,VIA S. ANNA,tutti,,,DSZ03,66,0,da prese Neta
SIZIANO,VIA SAN FRANCESCO,tutti,,,DSZ03,16,0,da civici ANNCSU
SIZIANO,VIA SAN ROCCO,tutti,,,DSZ03,30,0,da civici ANNCSU
SIZIANO,VIA SAN VITALE,tutti,,,DSZ03,82,0,da civici ANNCSU
SIZIANO,VIA SANTA TERESA,tutti,,,DSZ03,20,0,da civici ANNCSU
SIZIANO,VIA STELVIO,tutti,,,DSZ02,17,0,da civici ANNCSU
SIZIANO,VIA TONALE,tutti,,,DSZ02,18,0,da civici ANNCSU
SIZIANO,VIA TORINO,tutti,,,DSZ03,13,0,da civici ANNCSU
SIZIANO,VIA UGO FOSCOLO,tutti,,,DSZ03,29,0,da civici ANNCSU
SIZIANO,VIA VASSALLO,tutti,,,DSZ03,6,0,da civici ANNCSU
SIZIANO,VIA VIGENTINA,tutti,,,DSZ03,1,0,da civici ANNCSU
SIZIANO,VIA VIII MARZO,tutti,,,DSZ03,11,0,da prese Neta
SIZIANO,VIA VITTORIO BACHELET,tutti,,,DSZ03,12,0,da civici ANNCSU
SIZIANO,VIA W.TOBAGI,tutti,,,DSZ03,24,0,da civici ANNCSU
SIZIANO,VIA XXV APRILE,tutti,,,DSZ03,82,0,da civici ANNCSU
SIZIANO,VICOLO PIZZO,tutti,,,DSZ03,6,0,da civici ANNCSU
SIZIANO,VICOLO TORRETTA,tutti,,,DSZ03,13,0,da civici ANNCSU
STRADELLA,CORSO XXVI APRILE,tutti,,,DSTR09,92,0,da civici ANNCSU
STRADELLA,FRAZIONE AMISTA',tutti,,,DSTR04,3,0,da prese Neta
STRADELLA,FRAZIONE BERIA,tutti,,,DSTR03,1,0,da prese Neta
STRADELLA,FRAZIONE BOCCAZZA,tutti,,,DSTR08,12,0,da prese Neta
STRADELLA,FRAZIONE CADONICA,tutti,,,DSTR08,10,0,da prese Neta
STRADELLA,FRAZIONE CASA AGATI,tutti,,,DSTR04,10,0,da prese Neta
STRADELLA,FRAZIONE CASA BERNI,tutti,,,DSTR03,38,0,da prese Neta
STRADELLA,FRAZIONE CASA MASSIMINI,tutti,,,DSTR08,58,0,da prese Neta
STRADELLA,FRAZIONE MONTEBRUCIATO,tutti,,,DSTR04,1,0,da prese Neta
STRADELLA,FRAZIONE PIANE,tutti,,,DSTR01,17,0,da prese Neta
STRADELLA,FRAZIONE TORRESACCHETTI,tutti,,,DSTR04,69,0,da prese Neta
STRADELLA,FRAZIONE TORRINO SOTTO,tutti,,,DSTR08,1,0,da prese Neta
STRADELLA,FRAZIONE VALLAZZO,tutti,,,DSTR01,3,0,da prese Neta
STRADELLA,FRAZIONE VALLE MUTO,tutti,,,DSTR01,10,0,da prese Neta
STRADELLA,FRAZIONE ZERBELLONA,tutti,,,DSTR01,4,0,da prese Neta
STRADELLA,LARGO CADUTI DI NASSIRIYA,tutti,,,DSTR09,5,0,da civici ANNCSU
STRADELLA,LOC.MATTELLOTTA,tutti,,,DSTR05,1,0,da prese Neta
STRADELLA,LOC.RILE,tutti,,,DSTR04,1,0,da civici ANNCSU
STRADELLA,LOCALITA GIOIELLO,tutti,,,DSTR05,1,0,da prese Neta
STRADELLA,PIAZZA FIERA,tutti,,,DSTR03,7,0,da civici ANNCSU
STRADELLA,PIAZZA L.MERIGGI,tutti,,,DSTR09,2,0,da civici ANNCSU
STRADELLA,PIAZZA MADRE TERESA CALC.,tutti,,,DSTR02,1,0,da prese Neta
STRADELLA,PIAZZA VITTORIO VENETO,tutti,,,DSTR09,35,0,da civici ANNCSU
STRADELLA,PIAZZALE MATTEOTTI,tutti,,,DSTR09,6,0,da prese Neta
STRADELLA,PIAZZALE TRIESTE,tutti,,,DSTR03,12,1,da civici ANNCSU
STRADELLA,Q.RE S.CIPRIANO,tutti,,,DSTR05,1,0,da prese Neta
STRADELLA,RAMPA CARDUCCI,tutti,,,DSTR09,6,0,da civici ANNCSU
STRADELLA,RAMPA LEOPARDI,tutti,,,DSTR09,11,0,da civici ANNCSU
STRADELLA,RAMPA PASCOLI,tutti,,,DSTR09,15,0,da civici ANNCSU
STRADELLA,REG.BUSCO,tutti,,,DSTR02,4,0,da prese Neta
STRADELLA,REG.CASSINELLO,tutti,,,DSTR04,8,0,da civici ANNCSU
STRADELLA,REG.GAVAZZOLA,tutti,,,DSTR04,13,0,da civici ANNCSU
STRADELLA,REG.MONASTERO,tutti,,,DSTR09,5,0,da civici ANNCSU
STRADELLA,REG.S.ZENO,tutti,,,DSTR02,9,0,da civici ANNCSU
STRADELLA,REGIONE CASE SPARSE,tutti,,,DSTR05,1,0,da civici ANNCSU
STRADELLA,REGIONE COLOMBETTA PIANE,tutti,,,DSTR01,14,0,da civici ANNCSU
STRADELLA,REGIONE SANTA MARIA,tutti,,,DSTR01,20,0,da civici ANNCSU
STRADELLA,VIA 99 OSTAGGI,tutti,,,DSTR03,5,0,da prese Neta
STRADELLA,VIA ACHILLI,tutti,,,DSTR09,5,0,da prese Neta
STRADELLA,VIA ADIGE,tutti,,,DSTR09,3,0,da civici ANNCSU
STRADELLA,VIA ALCIDE DE GASPERI,tutti,,,DSTR07,22,0,da civici ANNCSU
STRADELLA,VIA ALDO MORO,tutti,,,DSTR07,3,0,da civici ANNCSU
STRADELLA,VIA ALTO ADIGE,tutti,,,DSTR09,12,0,da prese Neta
STRADELLA,VIA AMBROSOLI,tutti,,,DSTR07,8,0,da civici ANNCSU
STRADELLA,VIA ANDREA COSTA,tutti,,,DSTR09,26,0,da civici ANNCSU
STRADELLA,VIA ASILO,tutti,,,DSTR09,52,0,da civici ANNCSU
STRADELLA,VIA B.ZACCAGNINI,tutti,,,DSTR05,13,0,da prese Neta
STRADELLA,VIA BADIA,tutti,,,DSTR09,36,0,da civici ANNCSU
STRADELLA,VIA BASSO,tutti,,,DSTR09,12,0,da civici ANNCSU
STRADELLA,VIA BATTISTOTTI SASSI,tutti,,,DSTR09,7,0,da prese Neta
STRADELLA,VIA BELLINZONA,tutti,,,DSTR09,32,0,da civici ANNCSU
STRADELLA,VIA BOTTINI,tutti,,,DSTR09,28,0,da civici ANNCSU
STRADELLA,VIA BOZZOLE,tutti,,,DSTR09,3,0,da prese Neta
STRADELLA,VIA BRUNI,dispari,,,DSTR09,3,0,via divisa tra distretti; da prese Neta
STRADELLA,VIA BRUNI,pari,,,DBRN03,6,0,via divisa tra distretti; da prese Neta
STRADELLA,VIA BRUNO BUOZZI,tutti,,,DSTR02,12,0,da civici ANNCSU
STRADELLA,VIA C.ALBERICI,tutti,,,DSTR09,20,0,da civici ANNCSU
STRADELLA,VIA CAIROLI,tutti,,,DSTR09,15,0,da civici ANNCSU
STRADELLA,VIA CAMILLO BENSO CAVOUR,tutti,,,DSTR09,56,0,da civici ANNCSU
STRADELLA,VIA CAPITELLI,tutti,,,DSTR09,2,0,da civici ANNCSU
STRADELLA,VIA CARINI,tutti,,,DSTR09,1,0,da civici ANNCSU
STRADELLA,VIA CARLO A. DALLA CHIESA,tutti,,,DSTR09,3,0,da civici ANNCSU
STRADELLA,VIA CASTALDI,tutti,,,DSTR06,2,0,da civici ANNCSU
STRADELLA,VIA CESARE BATTISTI,tutti,,,DSTR03,14,0,da civici ANNCSU
STRADELLA,VIA CHIESA,tutti,,,DSTR03,7,0,da civici ANNCSU
STRADELLA,VIA CHIOZZI,tutti,,,DSTR09,41,0,da civici ANNCSU
STRADELLA,VIA CIVARDI,tutti,,,DSTR09,67,0,da civici ANNCSU
STRADELLA,VIA COMOLLI,tutti,,,DSTR09,12,0,da civici ANNCSU
STRADELLA,VIA CURIEL,tutti,,,DSTR02,15,0,da civici ANNCSU
STRADELLA,VIA DALLA GIOVANNA,tutti,,,DSTR03,87,0,da prese Neta
STRADELLA,VIA DE AMICIS,tutti,,,DSTR09,38,0,da civici ANNCSU
STRADELLA,VIA DEI MILLE,tutti,,9,DSTR09,6,0,via divisa tra distretti; da civici ANNCSU
STRADELLA,VIA DEI MILLE,tutti,10,,DSTR03,4,0,via divisa tra distretti; da civici ANNCSU
STRADELLA,VIA DELL'INDUSTRIA,tutti,,,DSTR05,10,0,da prese Neta
STRADELLA,VIA DELLA ROCCA,tutti,,27,DSTR06,20,0,via divisa tra distretti; da civici ANNCSU
STRADELLA,VIA DELLA ROCCA,tutti,28,,DSTR04,4,1,via divisa tra distretti; da civici ANNCSU
STRADELLA,VIA DEPRETIS,tutti,,,DSTR09,44,0,da civici ANNCSU
STRADELLA,VIA DON GIOVANNI MINZONI,tutti,,,DSTR09,3,0,da civici ANNCSU
STRADELLA,VIA E.ZAVATARELLI,tutti,,,DSTR09,11,0,da civici ANNCSU
STRADELLA,VIA ERMANNO GE,tutti,,,DSTR09,6,0,da civici ANNCSU
STRADELLA,VIA ETTORE ROVATI,tutti,,,DSTR02,13,0,da civici ANNCSU
STRADELLA,VIA F.LLI CERVI,tutti,,,DSTR02,23,0,da civici ANNCSU
STRADELLA,VIA FANOLI,tutti,,,DSTR02,2,0,da civici ANNCSU
STRADELLA,VIA FARAVELLI,tutti,,,DSTR09,7,0,da civici ANNCSU
STRADELLA,VIA FERRERO,tutti,,,DSTR09,20,0,da civici ANNCSU
STRADELLA,VIA FILIPPO TURATI,tutti,,,DSTR07,16,0,da civici ANNCSU
STRADELLA,VIA FONTANILE,tutti,,,DSTR07,1,0,da civici ANNCSU
STRADELLA,VIA FOSSA,tutti,,,DSTR09,59,0,da civici ANNCSU
STRADELLA,VIA GARIBALDI,tutti,,,DSTR03,76,0,da civici ANNCSU
STRADELLA,VIA GAY,tutti,,,DSTR09,11,0,da civici ANNCSU
STRADELLA,VIA GAZZETTI,tutti,,,DSTR06,8,0,da civici ANNCSU
STRADELLA,VIA GIOVANNI AMENDOLA,tutti,,,DSTR07,20,0,da civici ANNCSU
STRADELLA,VIA GIOVANNI BOVIO,tutti,,,DSTR03,53,0,da civici ANNCSU
STRADELLA,VIA GIUSEPPE DI VITTORIO,tutti,,,DSTR03,47,0,da civici ANNCSU
STRADELLA,VIA GRAMEGNA,tutti,,,DSTR09,16,0,da civici ANNCSU
STRADELLA,VIA GROSSI,tutti,,,DSTR06,9,0,da civici ANNCSU
STRADELLA,VIA I MAGGIO,tutti,,,DSTR09,26,0,da civici ANNCSU
STRADELLA,VIA LENTINI,tutti,,,DSTR09,10,0,da civici ANNCSU
STRADELLA,VIA LEVATA,tutti,,,DSTR03,50,0,da civici ANNCSU
STRADELLA,VIA LUIGI MAZZA,tutti,,,DSTR02,6,0,da civici ANNCSU
STRADELLA,VIA M.FELISINI,tutti,,,DSTR06,19,0,da civici ANNCSU
STRADELLA,VIA M.PARTIGIANI,tutti,,,DSTR09,95,1,da prese Neta
STRADELLA,VIA M.PARTIGIANI,tutti,52,52,DSTR03,2,0,"eccezione: 2 prese al civico 52, da verificare; da prese Neta"
STRADELLA,VIA MAGGI,tutti,,,DSTR03,46,0,da prese Neta
STRADELLA,VIA MAGNANI,tutti,,,DSTR03,5,0,da civici ANNCSU
STRADELLA,VIA MARCONI,tutti,,,DSTR09,38,0,da civici ANNCSU
STRADELLA,VIA MAZZINI,tutti,,,DSTR09,20,0,da civici ANNCSU
STRADELLA,VIA MAZZOCCHI,tutti,,,DSTR09,10,0,da civici ANNCSU
STRADELLA,VIA MERCATELLO,tutti,,,DSTR09,16,0,da civici ANNCSU
STRADELLA,VIA MONTALINO,tutti,,,DSTR09,26,0,da civici ANNCSU
STRADELLA,VIA MONTEBELLO,tutti,,,DSTR09,62,0,da civici ANNCSU
STRADELLA,VIA MONTEMARTINI,tutti,,,DSTR03,4,0,da civici ANNCSU
STRADELLA,VIA NAZARIO SAURO,tutti,,,DSTR09,51,0,da civici ANNCSU
STRADELLA,VIA NAZIONALE,dispari,,37,DSTR03,8,0,via divisa tra distretti; da civici ANNCSU
STRADELLA,VIA NAZIONALE,dispari,38,,DSTR09,15,0,via divisa tra distretti; da civici ANNCSU
STRADELLA,VIA NAZIONALE,pari,,,DSTR09,31,2,via divisa tra distretti; da civici ANNCSU
STRADELLA,VIA NOVELLA,tutti,,,DSTR08,8,0,da civici ANNCSU
STRADELLA,VIA ORATORIO,tutti,,,DSTR09,2,0,da civici ANNCSU
STRADELLA,VIA OZZOLA,tutti,,,DSTR09,3,0,da civici ANNCSU
STRADELLA,VIA P.LEVI,tutti,,,DSTR05,10,0,da prese Neta
STRADELLA,VIA PALATUCCI,tutti,,,DSTR07,10,0,da civici ANNCSU
STRADELLA,VIA PALESTRO,tutti,,,DSTR09,2,0,da civici ANNCSU
STRADELLA,VIA PALMIRO TOGLIATTI,tutti,,,DSTR02,6,0,da civici ANNCSU
STRADELLA,VIA PAOLO BORSELLINO,tutti,,,DSTR07,5,0,da civici ANNCSU
STRADELLA,VIA PAPA GIOVANNI XXIII,tutti,,,DSTR09,19,0,da prese Neta
STRADELLA,VIA PAREA,tutti,,,DSTR09,18,0,da civici ANNCSU
STRADELLA,VIA PASOLINI,tutti,,,DSTR09,8,0,da civici ANNCSU
STRADELLA,VIA PASTORE,tutti,,,DSTR07,20,0,da civici ANNCSU
STRADELLA,VIA PIETRO NENNI,tutti,,,DSTR07,4,0,da civici ANNCSU
STRADELLA,VIA PINO MASNATA,tutti,,,DSTR07,46,0,da civici ANNCSU
STRADELLA,VIA PISACANE,tutti,,,DSTR09,14,0,da civici ANNCSU
STRADELLA,VIA PO,tutti,,,DSTR09,54,0,da civici ANNCSU
STRADELLA,VIA POZZOBONELLO,tutti,,,DSTR09,28,0,da civici ANNCSU
STRADELLA,VIA POZZONE,tutti,,,DSTR09,45,0,da civici ANNCSU
STRADELLA,VIA PRIV.DEI TASSI,tutti,,,DSTR09,5,0,da civici ANNCSU
STRADELLA,VIA QUARONI,tutti,,,DSTR06,6,0,da civici ANNCSU
STRADELLA,VIA RECANATA,tutti,,,DSTR04,2,0,da prese Neta
STRADELLA,VIA REPUBBLICA,tutti,,,DSTR03,77,0,da civici ANNCSU
STRADELLA,VIA RICANATA,tutti,,,DSTR04,8,0,da civici ANNCSU
STRADELLA,VIA RILEDARONCO,tutti,,,DSTR07,1,0,da civici ANNCSU
STRADELLA,VIA RIVIDIZZOLO,tutti,,,DSTR03,5,0,da civici ANNCSU
STRADELLA,VIA RODOLFO MORANDI,tutti,,,DSTR07,5,0,da civici ANNCSU
STRADELLA,VIA RONCALBERICO,tutti,,,DSTR08,8,0,da civici ANNCSU
STRADELLA,VIA ROSE,tutti,,,DSTR09,34,0,da civici ANNCSU
STRADELLA,VIA S. MARTINO,tutti,,,DSTR09,15,0,da civici ANNCSU
STRADELLA,VIA S.LODOVICO,tutti,,,DSTR03,26,0,da civici ANNCSU
STRADELLA,VIA SABBIONE,tutti,,,DSTR04,6,0,da civici ANNCSU
STRADELLA,VIA SALVADOR ALLENDE,tutti,,,DSTR07,26,0,da prese Neta
STRADELLA,VIA SANDRO PERTINI,tutti,,,DSTR03,21,0,da civici ANNCSU
STRADELLA,VIA SARDEGNA,tutti,,,DSTR09,11,0,da civici ANNCSU
STRADELLA,VIA SENSALARI,tutti,,,DSTR06,3,0,da civici ANNCSU
STRADELLA,VIA SENTIROLO,tutti,,,DSTR09,10,0,da civici ANNCSU
STRADELLA,VIA SICILIA,tutti,,,DSTR09,18,0,da civici ANNCSU
STRADELLA,VIA TEVERE,tutti,,,DSTR09,21,0,da civici ANNCSU
STRADELLA,VIA TICINO,tutti,,,DSTR09,44,0,da civici ANNCSU
STRADELLA,VIA TIZZONI,tutti,,,DSTR09,3,0,da civici ANNCSU
STRADELLA,VIA TOBAGI,tutti,,,DSTR09,9,0,da civici ANNCSU
STRADELLA,VIA TRENTO,tutti,,,DSTR09,84,0,da civici ANNCSU
STRADELLA,VIA VALLE D'AOSTA,tutti,,,DSTR09,10,0,da civici ANNCSU
STRADELLA,VIA VARESI,tutti,,,DSTR06,5,0,da civici ANNCSU
STRADELLA,VIA VENA,tutti,,,DSTR09,30,0,da civici ANNCSU
STRADELLA,VIA VERDI,tutti,,,DSTR03,1,0,da civici ANNCSU
STRADELLA,VIA VESCOLA,tutti,,,DSTR09,31,0,da civici ANNCSU
STRADELLA,VIA VIDALI,tutti,,,DSTR02,10,0,da civici ANNCSU
STRADELLA,VIA VOLTURNO,tutti,,,DSTR09,6,0,da civici ANNCSU
STRADELLA,VIALE ALLEA,tutti,,,DSTR03,27,0,da civici ANNCSU
STRADELLA,VIALE BRODOLINI,tutti,,,DSTR02,22,0,da civici ANNCSU
STRADELLA,VIALE DELLA RESISTENZA,dispari,,,DSTR06,2,0,via divisa tra distretti; da civici ANNCSU
STRADELLA,VIALE DELLA RESISTENZA,pari,,,DSTR03,4,0,via divisa tra distretti; da civici ANNCSU
STRADELLA,VIALE ENRICO BERLINGUER,tutti,,,DSTR07,1,0,da civici ANNCSU
STRADELLA,VIALE GRAMSCI,tutti,,,DSTR03,28,0,da civici ANNCSU
STRADELLA,VIALE LIBERTA',tutti,,,DSTR09,19,0,da civici ANNCSU
STRADELLA,VIALE RIMEMBRANZE,tutti,,,DSTR03,1,0,da prese Neta
STRADELLA,VICOLO ARTISTI,tutti,,,DSTR09,5,0,da civici ANNCSU
STRADELLA,VICOLO PASSERINO,tutti,,,DSTR09,3,0,da civici ANNCSU
STRADELLA,VICOLO ROVATI,tutti,,,DSTR09,24,0,da civici ANNCSU
VIDIGULFO,CASCINA CANALI,tutti,,,DVDG01,13,0,da prese Neta
VIDIGULFO,CASCINA CAVALLERA,tutti,,,DVDG03,2,0,da prese Neta
VIDIGULFO,CASCINA CAVALLI,tutti,,,DVDG02,1,0,da prese Neta
VIDIGULFO,CASCINA GANDINA,tutti,,,DVDG02,1,0,da prese Neta
VIDIGULFO,CASCINA LISONI,tutti,,,DVDG03,1,0,da prese Neta
VIDIGULFO,CASCINA PASQUALA,tutti,,,DVDG03,6,0,da prese Neta
VIDIGULFO,CASCINA TASSI,tutti,,,DVDG01,1,0,da prese Neta
VIDIGULFO,CASCINA ZACCARIA,tutti,,,DVDG02,2,0,da prese Neta
VIDIGULFO,FRAZIONE CAVAGNERA,tutti,,,DVDG01,40,0,da prese Neta
VIDIGULFO,FRAZIONE MANDRINO,tutti,,,DVDG01,35,0,da prese Neta
VIDIGULFO,FRAZIONE VAIRANO,tutti,,,DVDG03,5,0,da prese Neta
VIDIGULFO,PIAZZA 1 MAGGIO,tutti,,,DVDG01,3,0,da prese Neta
VIDIGULFO,STRADA .PROVINCIALE 2,tutti,,,DVDG02,6,0,da prese Neta
VIDIGULFO,STRADA PER VAIRANO,tutti,,,DVDG03,1,0,da prese Neta
VIDIGULFO,VIA ALDO MORO,tutti,,,DVDG03,37,1,da prese Neta
VIDIGULFO,VIA ALESSANDRO MANZONI,tutti,,,DVDG01,9,0,da prese Neta
VIDIGULFO,VIA ANTONIO GRAMSCI,tutti,,,DVDG01,12,0,da prese Neta
VIDIGULFO,VIA BOLZANO,tutti,,,DVDG01,3,1,da prese Neta
VIDIGULFO,VIA BRESCIA,tutti,,,DVDG01,69,0,da prese Neta
VIDIGULFO,VIA CADUTI,tutti,,,DVDG03,17,0,da prese Neta
VIDIGULFO,VIA CAMPOMORTO FR.CAVAGNERA,tutti,,,DVDG01,5,0,da prese Neta
VIDIGULFO,VIA CASALINO,tutti,,,DVDG01,8,0,da prese Neta
VIDIGULFO,VIA CIRO MENOTTI,tutti,,,DVDG01,17,0,da prese Neta
VIDIGULFO,VIA CORTINA D'AMPEZZO,tutti,,,DVDG01,1,0,da prese Neta
VIDIGULFO,VIA CRISTOFORO COLOMBO,tutti,,,DVDG01,9,0,da prese Neta
VIDIGULFO,VIA DANTE ALIGHIERI,tutti,,,DVDG01,73,0,da prese Neta
VIDIGULFO,VIA DE NICOLA,tutti,,,DVDG01,3,0,da prese Neta
VIDIGULFO,VIA DEGLI ONTANI FRAZ.VAIRANO,tutti,,,DVDG03,9,0,da prese Neta
VIDIGULFO,VIA DEL CAMPO FRAZ.CAVAGNERA,tutti,,,DVDG01,12,0,da prese Neta
VIDIGULFO,VIA DEL LAVORO,tutti,,,DVDG02,8,0,da prese Neta
VIDIGULFO,VIA DELL'ARTIGIANATO,tutti,,,DVDG02,9,0,da prese Neta
VIDIGULFO,VIA DELLA CHIESA FRAZ.VAIRANO,tutti,,,DVDG03,18,0,da prese Neta
VIDIGULFO,VIA DELLA TORRE FRAZ CAVAGNERA,tutti,,,DVDG01,8,0,da prese Neta
VIDIGULFO,VIA DON PASQUALE ROVATI,tutti,,,DVDG01,97,0,da prese Neta
VIDIGULFO,VIA F.LLI CAIROLI,tutti,,,DVDG01,22,0,da prese Neta
VIDIGULFO,VIA F.LLI ROSSELLI,tutti,,,DVDG03,6,0,da prese Neta
VIDIGULFO,VIA GARZETTE,tutti,,,DVDG01,66,0,da prese Neta
VIDIGULFO,VIA GIACOMO MATTEOTTI,tutti,,,DVDG01,21,0,da prese Neta
VIDIGULFO,VIA GIACOMO PUCCINI,tutti,,,DVDG01,10,0,da prese Neta
VIDIGULFO,VIA GIOSUE' CARDUCCI,tutti,,,DVDG01,7,0,da prese Neta
VIDIGULFO,VIA GIOVANNI AMENDOLA,tutti,,,DVDG01,7,0,da prese Neta
VIDIGULFO,VIA GIUSEPPE DI VITTORIO,tutti,,,DVDG01,6,0,da prese Neta
VIDIGULFO,VIA GIUSEPPE GARIBALDI,tutti,,,DVDG01,20,0,da prese Neta
VIDIGULFO,VIA GIUSEPPE VERDI,tutti,,,DVDG01,20,0,da prese Neta
VIDIGULFO,VIA GORIZIA,tutti,,,DVDG01,19,0,da prese Neta
VIDIGULFO,VIA GRUGNETTO FRAZ.VAIRANO,tutti,,,DVDG03,28,0,da prese Neta
VIDIGULFO,VIA GUGLIELMO MARCONI,tutti,,,DVDG01,16,0,da prese Neta
VIDIGULFO,VIA INDIPENDENZA,tutti,,,DVDG01,9,0,da prese Neta
VIDIGULFO,VIA IV NOVEMBRE,tutti,,,DVDG03,143,0,da prese Neta
VIDIGULFO,VIA LEONARDO DA VINCI,tutti,,,DVDG01,1,0,da prese Neta
VIDIGULFO,VIA LIBERTA',tutti,,,DVDG01,23,0,da prese Neta
VIDIGULFO,VIA LOMBARDINI,tutti,,,DVDG03,5,0,da prese Neta
VIDIGULFO,VIA MADONNINA,dispari,,,DVDG01,17,1,via divisa tra distretti; da prese Neta
VIDIGULFO,VIA MADONNINA,pari,,26,DVDG01,10,0,via divisa tra distretti; da prese Neta
VIDIGULFO,VIA MADONNINA,pari,27,,DVDG02,8,0,via divisa tra distretti; da prese Neta
VIDIGULFO,VIA MARIANI,tutti,,,DVDG01,6,0,da prese Neta
VIDIGULFO,VIA MELEGNANO,tutti,,,DVDG02,6,0,da prese Neta
VIDIGULFO,VIA MILANO,tutti,,,DVDG01,36,0,da prese Neta
VIDIGULFO,VIA MULINO,tutti,,,DVDG03,21,0,da prese Neta
VIDIGULFO,VIA NINO BIXIO,tutti,,,DVDG01,12,0,da prese Neta
VIDIGULFO,VIA PADOVA,tutti,,,DVDG01,151,0,da prese Neta
VIDIGULFO,VIA PAOLO MAGNI,tutti,,,DVDG01,15,0,da prese Neta
VIDIGULFO,VIA PASINI,tutti,,,DVDG03,8,0,da prese Neta
VIDIGULFO,VIA RANZINI,tutti,,10,DVDG02,6,0,via divisa tra distretti; da prese Neta
VIDIGULFO,VIA RANZINI,tutti,11,,DVDG01,4,0,via divisa tra distretti; da prese Neta
VIDIGULFO,VIA RISORGIMENTO,tutti,,,DVDG01,18,0,da prese Neta
VIDIGULFO,VIA ROMA,tutti,,67,DVDG01,20,1,via divisa tra distretti; da prese Neta
VIDIGULFO,VIA ROMA,tutti,68,,DVDG03,51,0,via divisa tra distretti; da prese Neta
VIDIGULFO,VIA SANDRO PERTINI,tutti,,,DVDG03,32,0,da prese Neta
VIDIGULFO,VIA STABILINI,tutti,,,DVDG01,34,0,da prese Neta
VIDIGULFO,VIA TASSI,tutti,,,DVDG01,5,0,da prese Neta
VIDIGULFO,VIA TICINELLO FRAZ.CAVAGNERA,tutti,,,DVDG01,7,0,da prese Neta
VIDIGULFO,VIA TRENTO,tutti,,,DVDG01,85,0,da prese Neta
VIDIGULFO,VIA TRIESTE,tutti,,,DVDG01,11,0,da prese Neta
VIDIGULFO,VIA UGO LA MALFA,tutti,,,DVDG02,12,0,da prese Neta
VIDIGULFO,VIA VENEZIA,tutti,,,DVDG01,34,0,da prese Neta
VIDIGULFO,VIA XXV APRILE,tutti,,,DVDG01,3,0,da prese Neta
VIDIGULFO,VIALE DEI MILLE,tutti,,,DVDG01,24,0,da prese Neta
VOGHERA,CORSO XXVII MARZO,tutti,,,DVH05,118,0,da prese Neta
VOGHERA,GALLERIA DUOMO,tutti,,,DVH05,1,0,da civici ANNCSU
VOGHERA,LARGO ARTURO TOSCANINI,tutti,,,DVH05,4,0,da civici ANNCSU
VOGHERA,LARGO DON LORENZO PEROSI,tutti,,,DVH05,3,0,da civici ANNCSU
VOGHERA,LARGO GIULIO PASTORE,tutti,,,DVH05,3,0,da civici ANNCSU
VOGHERA,PIAZZA CARLO PAVESI,tutti,,,DVH01,1,0,da prese Neta
VOGHERA,PIAZZA CESARE BATTISTI,tutti,,,DVH05,9,0,da civici ANNCSU
VOGHERA,PIAZZA DELLA PACE,tutti,,,DVH06,1,0,da civici ANNCSU
VOGHERA,PIAZZA DUOMO,tutti,,,DVH05,56,0,da civici ANNCSU
VOGHERA,PIAZZA FRANCESCO MEARDI,tutti,,,DVH05,8,0,da civici ANNCSU
VOGHERA,PIAZZA ITALIA,tutti,,,DVH05,1,0,da civici ANNCSU
VOGHERA,PIAZZA LIBERAZIONE,tutti,,,DVH05,6,0,da civici ANNCSU
VOGHERA,PIAZZA PIAZZETTA DINO PROVENZAL,tutti,,,DVH05,2,0,da civici ANNCSU
VOGHERA,PIAZZA PIAZZETTA F.LLI BANDIERA,tutti,,,DVH05,2,0,da civici ANNCSU
VOGHERA,PIAZZA PIAZZETTA S.MARIA DELLE GRAZIE,tutti,,,DVH05,1,0,da prese Neta
VOGHERA,PIAZZA PIAZZETTA S.MARIA DELLE GRAZIE,tutti,1,1,DVH07,2,0,"eccezione: 2 prese al civico 1, da verificare; da prese Neta"
VOGHERA,PIAZZA RISORGIMENTO,tutti,,,DVH05,6,0,da civici ANNCSU
VOGHERA,PIAZZA SAN BOVO,tutti,,,DVH05,20,0,da civici ANNCSU
VOGHERA,PIAZZALE FRANCO QUARLERI,tutti,,,DVH05,9,0,da civici ANNCSU
VOGHERA,PIAZZALE GUGLIELMO MARCONI,tutti,,,DVH05,1,0,da civici ANNCSU
VOGHERA,PIAZZETTA GIUSEPPE GARIBALDI,tutti,,,DVH05,12,0,da civici ANNCSU
VOGHERA,RONDO' GIOSUE' CARDUCCI,tutti,,,DVH01,4,0,da prese Neta
VOGHERA,STRADA ARCONE,tutti,,,DVH06,6,0,da civici ANNCSU
VOGHERA,STRADA BAGNARA,tutti,,,DVH05,1,0,da civici ANNCSU
VOGHERA,STRADA BANDORIA,tutti,,,DVH04,9,0,da civici ANNCSU
VOGHERA,STRADA BOBBIO,tutti,,,DVH05,56,0,da civici ANNCSU
VOGHERA,STRADA BOSCO,tutti,,,DVH04,13,0,da civici ANNCSU
VOGHERA,STRADA BOSSOLA,tutti,,,DVH04,7,0,da civici ANNCSU
VOGHERA,STRADA BRAIDE,tutti,,,DVH05,35,0,da civici ANNCSU
VOGHERA,STRADA BUSSOLINO,tutti,,,DVH01,2,0,da civici ANNCSU
VOGHERA,STRADA CA' BIANCA,tutti,,,DVH05,4,0,da civici ANNCSU
VOGHERA,STRADA CA' TOSSA,tutti,,,DVH05,8,0,da prese Neta
VOGHERA,STRADA CAMPOFERRO,tutti,,,DVH05,4,0,da civici ANNCSU
VOGHERA,STRADA CAPALLA,tutti,,,DVH01,3,0,da civici ANNCSU
VOGHERA,STRADA CASALNOCETO,tutti,,,DVH05,38,0,da civici ANNCSU
VOGHERA,STRADA CASCINA PELLEGRINA,tutti,,,DVH05,4,0,da civici ANNCSU
VOGHERA,STRADA CASTAGNA,tutti,,,DVH05,6,0,da civici ANNCSU
VOGHERA,STRADA CASTEL BIDOJA,tutti,,,DVH05,5,0,da civici ANNCSU
VOGHERA,STRADA CASTELLINA,tutti,,,DVH05,11,0,da civici ANNCSU
VOGHERA,STRADA CORNAGGIA,tutti,,,DVH01,16,0,da civici ANNCSU
VOGHERA,STRADA CROCETTA,tutti,,,DVH01,12,0,da civici ANNCSU
VOGHERA,STRADA CROTTA,tutti,,,DVH06,8,0,da civici ANNCSU
VOGHERA,STRADA DEI PRATI NUOVI,tutti,,,DVH01,14,0,da civici ANNCSU
VOGHERA,STRADA DEL GOBBO,tutti,,,DVH01,9,0,da civici ANNCSU
VOGHERA,STRADA DELL'ABBONDANZA,tutti,,,DVH05,5,0,da civici ANNCSU
VOGHERA,STRADA DELLA CAPPELLETTA,tutti,,,DVH01,8,0,da civici ANNCSU
VOGHERA,STRADA DELLA GUALDANA,tutti,,,DVH05,2,0,da civici ANNCSU
VOGHERA,STRADA DELLA MUSSINA,tutti,,,DVH04,2,0,da civici ANNCSU
VOGHERA,STRADA DELLA VASSALLA,tutti,,,DVH05,4,0,da civici ANNCSU
VOGHERA,STRADA FERRETTA,tutti,,,DVH05,60,0,da civici ANNCSU
VOGHERA,STRADA FIORENZA,tutti,,,DVH04,2,0,da civici ANNCSU
VOGHERA,STRADA FOLCIONA,tutti,,,DVH01,12,0,da civici ANNCSU
VOGHERA,STRADA FORESTA,tutti,,,DVH05,1,0,da civici ANNCSU
VOGHERA,STRADA FORNASONE,tutti,,,,7,0,"a cavallo, non controllata (DVH04 5, DVH07 2); da civici ANNCSU"
VOGHERA,STRADA FRASSOLO,tutti,,,DVH01,29,0,da civici ANNCSU
VOGHERA,STRADA GARILE,tutti,,,DVH05,4,0,da civici ANNCSU
VOGHERA,STRADA GIARONE,tutti,,,DVH05,11,0,da civici ANNCSU
VOGHERA,STRADA GIOVANNINA,tutti,,,DVH05,2,0,da civici ANNCSU
VOGHERA,STRADA GRANELLA,dispari,,,DVH01,25,0,via divisa tra distretti; da civici ANNCSU
VOGHERA,STRADA GRANELLA,pari,,26,DVH01,9,0,via divisa tra distretti; da civici ANNCSU
VOGHERA,STRADA GRANELLA,pari,27,,DVH04,4,1,via divisa tra distretti; da civici ANNCSU
VOGHERA,STRADA GRIPPINA,tutti,,,DVH05,59,0,da civici ANNCSU
VOGHERA,STRADA ILARIA,tutti,,,DVH05,18,0,da civici ANNCSU
VOGHERA,STRADA LAT. DX DI STRADA ORIOLO,tutti,,,DVH01,1,0,da prese Neta
VOGHERA,STRADA LAZZARETTO,tutti,,,DVH05,16,0,da civici ANNCSU
VOGHERA,STRADA LEGGIERA,tutti,,,DVH06,10,0,da civici ANNCSU
VOGHERA,STRADA MALASPINA,tutti,,,DVH07,18,0,da civici ANNCSU
VOGHERA,STRADA MALFATTANI,tutti,,,DVH05,7,0,da civici ANNCSU
VOGHERA,STRADA MALVISTA,tutti,,,DVH05,7,0,da civici ANNCSU
VOGHERA,STRADA MOLINO COMUNITA',tutti,,,DVH05,3,0,da civici ANNCSU
VOGHERA,STRADA MONTRUCCO,tutti,,,DVH05,19,0,da civici ANNCSU
VOGHERA,STRADA OLMO,tutti,,,DVH07,1,0,da civici ANNCSU
VOGHERA,STRADA ORIOLO,dispari,,77,DVH01,10,1,via divisa tra distretti; da civici ANNCSU
VOGHERA,STRADA ORIOLO,dispari,78,,DVH04,8,1,via divisa tra distretti; da civici ANNCSU
VOGHERA,STRADA ORIOLO,pari,,152,DVH01,18,0,via divisa tra distretti; da civici ANNCSU
VOGHERA,STRADA ORIOLO,pari,153,,DVH04,10,1,via divisa tra distretti; da civici ANNCSU
VOGHERA,STRADA OROPA,tutti,,,DVH01,18,0,da civici ANNCSU
VOGHERA,STRADA PASQUA',tutti,,,DVH01,9,0,da civici ANNCSU
VOGHERA,STRADA PIZZALE,tutti,,,DVH04,8,0,da civici ANNCSU
VOGHERA,STRADA PRAGASSA,tutti,,,DVH05,5,0,da civici ANNCSU
VOGHERA,STRADA RETORBIDO,tutti,,,DVH05,13,0,da civici ANNCSU
VOGHERA,STRADA ROSMAGNA,tutti,,,DVH05,26,0,da civici ANNCSU
VOGHERA,STRADA SALTAGATTO,tutti,,,DVH05,4,0,da civici ANNCSU
VOGHERA,STRADA SAN GAUDENZIO,tutti,,,DVH07,5,0,da civici ANNCSU
VOGHERA,STRADA SAN LORENZINO,tutti,,,DVH01,3,0,da prese Neta
VOGHERA,STRADA SAN VITTORE,tutti,,,DVH05,13,0,da civici ANNCSU
VOGHERA,STRADA SANTA MARIA BIANCA,tutti,,,DVH05,42,0,da civici ANNCSU
VOGHERA,STRADA TORRAZZA COSTE,tutti,,,DVH05,25,0,da civici ANNCSU
VOGHERA,STRADA TORREMENAPACE,tutti,,,DVH07,33,1,da civici ANNCSU
VOGHERA,STRADA TORREMENAPACE LAT. DX,tutti,,,DVH07,2,0,da prese Neta
VOGHERA,STRADA VALLE,dispari,,33,DVH05,12,0,via divisa tra distretti; da civici ANNCSU
VOGHERA,STRADA VALLE,dispari,34,,DVH06,28,0,via divisa tra distretti; da civici ANNCSU
VOGHERA,STRADA VALLE,pari,,26,DVH05,11,0,via divisa tra distretti; da civici ANNCSU
VOGHERA,STRADA VALLE,pari,27,,DVH06,16,0,via divisa tra distretti; da civici ANNCSU
VOGHERA,STRADA VALVERDE,tutti,,,DVH01,3,0,da civici ANNCSU
VOGHERA,STRADA VATICANO,tutti,,,DVH05,5,0,da civici ANNCSU
VOGHERA,STRADA VIGNASSA,tutti,,,DVH04,9,0,da civici ANNCSU
VOGHERA,VIA A. BONFIGLIO ZANARDI,tutti,,,DVH05,59,0,da civici ANNCSU
VOGHERA,VIA ABRUZZI,tutti,,,DVH01,22,0,da civici ANNCSU
VOGHERA,VIA ACHILLE GRANDI,tutti,,,DVH05,3,0,da civici ANNCSU
VOGHERA,VIA ALBERTO NOBILE,tutti,,,DVH05,5,0,da civici ANNCSU
VOGHERA,VIA ALCIDE DE GASPERI,tutti,,,DVH05,8,0,da civici ANNCSU
VOGHERA,VIA ALDO MORO,tutti,,,DVH05,10,0,da civici ANNCSU
VOGHERA,VIA ALESSANDRO ANSALONE,tutti,,,DVH05,7,0,da civici ANNCSU
VOGHERA,VIA ALESSANDRO GUFFANTI,tutti,,,DVH05,4,0,da civici ANNCSU
VOGHERA,VIA ALESSANDRO LAMARMORA,tutti,,,DVH05,3,0,da civici ANNCSU
VOGHERA,VIA ALESSANDRO MANZONI,tutti,,,DVH05,8,0,da civici ANNCSU
VOGHERA,VIA ALESSANDRO MARAGLIANO,tutti,,,DVH05,10,0,da civici ANNCSU
VOGHERA,VIA ALESSANDRO SCARLATTI,tutti,,,DVH05,7,0,da civici ANNCSU
VOGHERA,VIA ALESSANDRO VOLTA,tutti,,,DVH05,6,0,da civici ANNCSU
VOGHERA,VIA ALEXANDER FLEMING,tutti,,,DVH05,5,0,da prese Neta
VOGHERA,VIA ALFIERI MASERATI,tutti,,,DVH01,5,0,da civici ANNCSU
VOGHERA,VIA ALFREDO CASELLA,tutti,,,DVH05,5,0,da civici ANNCSU
VOGHERA,VIA ALFREDO DETTONI,tutti,,,DVH05,10,0,da civici ANNCSU
VOGHERA,VIA AMBROGIO CASATI,tutti,,,DVH05,9,0,da civici ANNCSU
VOGHERA,VIA AMEDEO MODIGLIANI,tutti,,,DVH05,17,0,da civici ANNCSU
VOGHERA,VIA AMERIGO VESPUCCI,tutti,,,DVH04,2,0,da civici ANNCSU
VOGHERA,VIA ANASTASIO CALVI,tutti,,,DVH05,6,0,da civici ANNCSU
VOGHERA,VIA ANDREA BIANCHI,tutti,,,DVH05,6,0,da civici ANNCSU
VOGHERA,VIA ANDREA COSTA,tutti,,,DVH05,8,0,da civici ANNCSU
VOGHERA,VIA ANDREA MANTEGNA,tutti,,,DVH05,11,0,da civici ANNCSU
VOGHERA,VIA ANGELO BASCAPE',tutti,,,DVH05,10,0,da civici ANNCSU
VOGHERA,VIA ANGELO CIGNOLI,tutti,,82,DVH05,52,0,via divisa tra distretti; da civici ANNCSU
VOGHERA,VIA ANGELO CIGNOLI,tutti,83,,DVH01,10,0,via divisa tra distretti; da civici ANNCSU
VOGHERA,VIA ANGELO LUCOTTI,tutti,,,DVH05,5,0,da civici ANNCSU
VOGHERA,VIA ANGELO MONTAGNA,tutti,,,DVH01,14,0,da civici ANNCSU
VOGHERA,VIA ANNA MASCHERINI,tutti,,,DVH01,9,0,da civici ANNCSU
VOGHERA,VIA ANTONIO BONAMICI,tutti,,,DVH05,19,0,da civici ANNCSU
VOGHERA,VIA ANTONIO CAGNONI,tutti,,,DVH05,34,0,da civici ANNCSU
VOGHERA,VIA ANTONIO CANOVA,tutti,,,DVH05,6,0,da civici ANNCSU
VOGHERA,VIA ANTONIO FOGAZZARO,tutti,,,DVH06,14,0,da civici ANNCSU
VOGHERA,VIA ANTONIO GRAMSCI,tutti,,,DVH05,41,0,da civici ANNCSU
VOGHERA,VIA ANTONIO LABRIOLA,tutti,,,DVH05,5,0,da civici ANNCSU
VOGHERA,VIA ANTONIO MEUCCI,tutti,,,DVH01,4,0,da prese Neta
VOGHERA,VIA ANTONIO SEGNI,tutti,,,DVH01,6,0,da civici ANNCSU
VOGHERA,VIA ANTONIO VIVALDI,tutti,,,DVH05,8,0,da civici ANNCSU
VOGHERA,VIA ANTONIO ZELASCHI,tutti,,,DVH07,42,0,da civici ANNCSU
VOGHERA,VIA ARISTIDE NASSANO,tutti,,,DVH01,21,0,da civici ANNCSU
VOGHERA,VIA ARMANDO PRASSOLI,tutti,,,DVH05,24,0,da civici ANNCSU
VOGHERA,VIA ARTEMIO USBERTI,tutti,,,DVH05,5,0,da civici ANNCSU
VOGHERA,VIA ARTURO NEGRI,tutti,,,DVH06,10,0,da civici ANNCSU
VOGHERA,VIA ASIAGO,tutti,,,DVH05,4,0,da civici ANNCSU
VOGHERA,VIA ASPROMONTE,tutti,,,DVH05,20,0,da civici ANNCSU
VOGHERA,VIA BATTISTA CASLOTTI,tutti,,,DVH05,6,0,da civici ANNCSU
VOGHERA,VIA BATTISTA DE' CANIBUS,tutti,,,DVH05,10,0,da civici ANNCSU
VOGHERA,VIA BELLARIA,tutti,,,DVH01,7,0,da civici ANNCSU
VOGHERA,VIA BELLAVISTA,tutti,,,DVH05,1,0,da civici ANNCSU
VOGHERA,VIA BELLOCCHIO,tutti,,,DVH05,19,0,da civici ANNCSU
VOGHERA,VIA BENEDETTO CAIROLI,tutti,,,DVH05,24,0,da prese Neta
VOGHERA,VIA BENEDETTO CROCE,tutti,,,DVH06,6,0,da civici ANNCSU
VOGHERA,VIA BENVENUTO CELLINI,tutti,,,DVH05,6,0,da civici ANNCSU
VOGHERA,VIA BRENTA,tutti,,,DVH05,4,0,da civici ANNCSU
VOGHERA,VIA BRUNO BUOZZI,tutti,,,DVH05,9,0,da civici ANNCSU
VOGHERA,VIA BRUNO CAPELLI,tutti,,,DVH05,7,0,da civici ANNCSU
VOGHERA,VIA CACCIATORI DOMENICO,tutti,,,DVH07,2,0,da prese Neta
VOGHERA,VIA CALABRIA,tutti,,,DVH05,15,0,da civici ANNCSU
VOGHERA,VIA CALATAFIMI,tutti,,,DVH05,24,0,da civici ANNCSU
VOGHERA,VIA CAMILLO BENSO CAVOUR,tutti,,,DVH05,45,0,da civici ANNCSU
VOGHERA,VIA CAMILLO GOLGI,tutti,,,DVH05,4,0,da civici ANNCSU
VOGHERA,VIA CANEVARI,tutti,,,DVH05,14,0,da civici ANNCSU
VOGHERA,VIA CAPRERA,tutti,,,DVH05,7,0,da civici ANNCSU
VOGHERA,VIA CAPRI,tutti,,,DVH05,7,0,da civici ANNCSU
VOGHERA,VIA CARAVAGGIO,tutti,,,DVH05,9,0,da civici ANNCSU
VOGHERA,VIA CARLO A. DALLA CHIESA,tutti,,,DVH05,58,0,da civici ANNCSU
VOGHERA,VIA CARLO ALBERTO,tutti,,,DVH05,63,0,da civici ANNCSU
VOGHERA,VIA CARLO BANDIROLA,tutti,,,DVH05,19,0,da civici ANNCSU
VOGHERA,VIA CARLO CATTANEO,tutti,,,DVH05,20,0,da civici ANNCSU
VOGHERA,VIA CARLO COVINI,tutti,,,DVH05,19,0,da civici ANNCSU
VOGHERA,VIA CARLO DONAT CATTIN,tutti,,,DVH01,10,0,da prese Neta
VOGHERA,VIA CARLO E NELLO ROSSELLI,tutti,,,DVH05,108,0,da prese Neta
VOGHERA,VIA CARLO EMANUELE III,tutti,,,DVH05,6,0,da prese Neta
VOGHERA,VIA CARLO GALLINI,tutti,,,DVH05,14,0,da civici ANNCSU
VOGHERA,VIA CARLO GOLDONI,tutti,,,DVH01,3,0,da civici ANNCSU
VOGHERA,VIA CARLO LONGA,tutti,,,DVH05,6,0,da civici ANNCSU
VOGHERA,VIA CARLO PEZZANI,tutti,,,DVH05,18,0,da prese Neta
VOGHERA,VIA CARLO PORTA,tutti,,,DVH05,5,0,da civici ANNCSU
VOGHERA,VIA CARLO SOZZANI,tutti,,,DVH05,13,0,da civici ANNCSU
VOGHERA,VIA CAROLINA INVERNIZIO,tutti,,,DVH06,18,0,da civici ANNCSU
VOGHERA,VIA CARSO,tutti,,,DVH05,26,0,da civici ANNCSU
VOGHERA,VIA CAVAGNA,tutti,,,DVH05,14,0,da civici ANNCSU
VOGHERA,VIA CERESA,tutti,,,DVH01,5,0,da civici ANNCSU
VOGHERA,VIA CERNAIA,tutti,,,DVH05,44,0,da civici ANNCSU
VOGHERA,VIA CERVESINA DI DESTRA,tutti,,,DVH04,14,0,da civici ANNCSU
VOGHERA,VIA CERVESINA DI SINISTRA,tutti,,,DVH04,1,0,da prese Neta
VOGHERA,VIA CESARE MASSA,tutti,,,DVH05,9,0,da civici ANNCSU
VOGHERA,VIA CESARE PAVESE,tutti,,,DVH01,2,0,da civici ANNCSU
VOGHERA,VIA CESARE POZZONI,tutti,,,DVH01,15,0,da civici ANNCSU
VOGHERA,VIA CESARINO MAZZUCCO,tutti,,,DVH05,1,0,da civici ANNCSU
VOGHERA,VIA CIMABUE,tutti,,,DVH05,2,0,da civici ANNCSU
VOGHERA,VIA CIPRIANO FACCHINETTI,tutti,,,DVH05,4,0,da civici ANNCSU
VOGHERA,VIA CIRO MENOTTI,tutti,,,DVH05,5,0,da civici ANNCSU
VOGHERA,VIA CLAUDIO CRESCENTE,tutti,,,DVH01,2,0,da civici ANNCSU
VOGHERA,VIA CLAUDIO MONTEVERDI,tutti,,,DVH05,11,0,da civici ANNCSU
VOGHERA,VIA CONCETTO MARCHESI,tutti,,,DVH05,9,0,da civici ANNCSU
VOGHERA,VIA COPPA,tutti,,,DVH01,4,0,da prese Neta
VOGHERA,VIA CROCE ROSSA,tutti,,,DVH05,2,0,da civici ANNCSU
VOGHERA,VIA DAL VERME,tutti,,,DVH05,24,0,da prese Neta
VOGHERA,VIA DANTE ALIGHIERI,tutti,,,DVH05,17,0,da civici ANNCSU
VOGHERA,VIA DEGLI SPALTI,tutti,,,DVH05,10,0,da civici ANNCSU
VOGHERA,VIA DEI MILLE,tutti,,,DVH05,29,0,da civici ANNCSU
VOGHERA,VIA DEL CASTELLO,tutti,,,DVH05,23,0,da civici ANNCSU
VOGHERA,VIA DEL CROCIFISSO,tutti,,,DVH05,7,0,da civici ANNCSU
VOGHERA,VIA DEL MERLO,tutti,,,DVH05,13,0,da civici ANNCSU
VOGHERA,VIA DEL POPOLO,tutti,,,DVH05,38,0,da civici ANNCSU
VOGHERA,VIA DEL POZZO,tutti,,,DVH05,11,0,da civici ANNCSU
VOGHERA,VIA DELL'OSPIZIO,tutti,,,DVH05,7,0,da civici ANNCSU
VOGHERA,VIA DELLA CHIESA,tutti,,,DVH01,19,0,da prese Neta
VOGHERA,VIA DELLA CHIESA - ORIOLO,tutti,,,,18,0,"a cavallo, non controllata (DVH01 14, DVH04 4); da civici ANNCSU"
VOGHERA,VIA DELLA PIAZZA,tutti,,,DVH04,9,0,da prese Neta
VOGHERA,VIA DEPRETIS,tutti,,,DVH05,6,0,da prese Neta
VOGHERA,VIA DESIDERIO BELTRAMI,tutti,,,DVH05,3,0,da civici ANNCSU
VOGHERA,VIA DOMENICO ARCOLAIO,tutti,,,DVH05,21,0,da civici ANNCSU
VOGHERA,VIA DOMENICO CIMAROSA,tutti,,,DVH05,2,0,da civici ANNCSU
VOGHERA,VIA DON CARLO GNOCCHI,tutti,,,DVH06,4,0,da prese Neta
VOGHERA,VIA DON GIACOMO PRINETTI,tutti,,,DVH05,7,0,da civici ANNCSU
VOGHERA,VIA DON GIOVANNI BISCALDI,tutti,,,DVH06,8,0,da civici ANNCSU
VOGHERA,VIA DON GIOVANNI MINZONI,tutti,,,DVH05,57,0,da civici ANNCSU
VOGHERA,VIA DON LORENZO MILANI,tutti,,,DVH05,1,0,da civici ANNCSU
VOGHERA,VIA DON LUIGI STURZO,tutti,,,DVH05,3,0,da civici ANNCSU
VOGHERA,VIA DON PASQUINO BORGHI,tutti,,,DVH05,4,0,da civici ANNCSU
VOGHERA,VIA DON STEFANO STELLA,tutti,,,DVH05,9,0,da civici ANNCSU
VOGHERA,VIA DONATELLO,tutti,,,DVH05,8,0,da civici ANNCSU
VOGHERA,VIA DONATO BRAMANTE,tutti,,,DVH05,3,0,da civici ANNCSU
VOGHERA,VIA DORINO MAZZA,tutti,,,DVH05,6,0,da civici ANNCSU
VOGHERA,VIA DUSE,tutti,,,DVH05,2,0,da civici ANNCSU
VOGHERA,VIA ELBA,tutti,,,DVH05,9,0,da civici ANNCSU
VOGHERA,VIA EMANUELA SETTI CARRARO,tutti,,,DVH05,3,0,da civici ANNCSU
VOGHERA,VIA EMANUELE TUTTOBENE,tutti,,,DVH05,7,0,da civici ANNCSU
VOGHERA,VIA EMILIA,tutti,,,DVH05,174,0,da civici ANNCSU
VOGHERA,VIA EMILIO ALESSANDRINI,tutti,,,DVH05,22,0,da civici ANNCSU
VOGHERA,VIA EMILIO GHEZZI,tutti,,,DVH01,3,0,da prese Neta
VOGHERA,VIA EMILIO MORINI,tutti,,,DVH05,12,0,da civici ANNCSU
VOGHERA,VIA EMILIO STURLA,tutti,,,DVH05,6,0,da civici ANNCSU
VOGHERA,VIA ENRICO CARUSO,tutti,,,DVH05,1,0,da civici ANNCSU
VOGHERA,VIA ENRICO DE NICOLA,tutti,,,DVH05,8,0,da civici ANNCSU
VOGHERA,VIA ENRICO GAMALERO,tutti,,,DVH05,12,0,da civici ANNCSU
VOGHERA,VIA ENRICO POZZOLI,tutti,,,DVH05,11,0,da civici ANNCSU
VOGHERA,VIA ENRICO TOTI,tutti,,,DVH05,17,0,da civici ANNCSU
VOGHERA,VIA ENRICO UBERTI,tutti,,,DVH05,29,0,da civici ANNCSU
VOGHERA,VIA ERCOLE RICOTTI,tutti,,,DVH05,27,0,da civici ANNCSU
VOGHERA,VIA ERMANNO GABETTA,tutti,,,DVH05,17,0,da civici ANNCSU
VOGHERA,VIA ERNESTO MAIOCCHI,tutti,,,DVH05,8,0,da civici ANNCSU
VOGHERA,VIA ERNESTO ZOLLA,tutti,,,DVH01,4,0,da civici ANNCSU
VOGHERA,VIA ESPERANTO,tutti,,,DVH05,1,0,da civici ANNCSU
VOGHERA,VIA ETTORE MAIOLA,tutti,,,DVH01,5,0,da civici ANNCSU
VOGHERA,VIA EUGENIO E CARLO MOLLINO,tutti,,,DVH06,31,0,da civici ANNCSU
VOGHERA,VIA EZIO VANONI,tutti,,,DVH05,9,0,da civici ANNCSU
VOGHERA,VIA F.LLI BERTI,tutti,,,DVH05,11,0,da civici ANNCSU
VOGHERA,VIA FAMIGLIA CIGNOLI,tutti,,,DVH05,2,0,da civici ANNCSU
VOGHERA,VIA FAMIGLIA MOSCHINI,tutti,,,DVH06,4,0,da civici ANNCSU
VOGHERA,VIA FANNY ROSSI DAMAS,tutti,,,DVH05,8,0,da civici ANNCSU
VOGHERA,VIA FANTI D'ITALIA,tutti,,,DVH05,5,0,da civici ANNCSU
VOGHERA,VIA FAUSTO ARONA,tutti,,,DVH01,4,0,da civici ANNCSU
VOGHERA,VIA FAUSTO COPPI,tutti,,,DVH05,2,0,da civici ANNCSU
VOGHERA,VIA FEDERICO ALBERA,tutti,,,DVH05,23,0,da civici ANNCSU
VOGHERA,VIA FEDERICO CONFALONIERI,tutti,,,DVH06,9,0,da civici ANNCSU
VOGHERA,VIA FEDERICO MOMO,tutti,,,DVH05,24,0,da civici ANNCSU
VOGHERA,VIA FELICE CAVALLOTTI,tutti,,,DVH05,27,0,da civici ANNCSU
VOGHERA,VIA FELICE PIACENTINI,tutti,,,DVH05,15,0,da civici ANNCSU
VOGHERA,VIA FERNANDO SANTI,tutti,,,DVH05,11,0,da civici ANNCSU
VOGHERA,VIA FILIPPO CORRIDONI,tutti,,,DVH05,28,0,da civici ANNCSU
VOGHERA,VIA FILIPPO T. MARINETTI,tutti,,,DVH06,7,0,da civici ANNCSU
VOGHERA,VIA FILIPPO TURATI,tutti,,,DVH05,11,0,da civici ANNCSU
VOGHERA,VIA FIUME TREBBIA,tutti,,,DVH05,1,0,da prese Neta
VOGHERA,VIA FRANCESCO BARACCA,tutti,,,DVH05,3,0,da civici ANNCSU
VOGHERA,VIA FRANCESCO CARLONE,tutti,,,DVH05,28,0,da civici ANNCSU
VOGHERA,VIA FRANCESCO GIUDICE,tutti,,,DVH04,56,0,da civici ANNCSU
VOGHERA,VIA FRANCESCO GUICCIARDINI,tutti,,,DVH05,3,0,da civici ANNCSU
VOGHERA,VIA FRANCESCO PETRARCA,tutti,,,DVH05,3,0,da civici ANNCSU
VOGHERA,VIA FRANCO ANTONICELLI,tutti,,,DVH01,9,0,da civici ANNCSU
VOGHERA,VIA FRANCO FURINI,tutti,,,DVH05,35,0,da civici ANNCSU
VOGHERA,VIA G.GRONCHI,tutti,,,DVH01,3,0,da civici ANNCSU
VOGHERA,VIA G.PELLIZZA DA VOLPEDO,tutti,,,DVH05,20,0,da civici ANNCSU
VOGHERA,VIA G.VALERIO MAGGIORIANO,tutti,,,DVH05,12,0,da civici ANNCSU
VOGHERA,VIA GAETANO DONIZETTI,tutti,,,DVH05,5,0,da civici ANNCSU
VOGHERA,VIA GALILEO GALILEI,tutti,,,DVH05,33,0,da civici ANNCSU
VOGHERA,VIA GARELLO,tutti,,,DVH05,13,0,da civici ANNCSU
VOGHERA,VIA GASOMETRO,tutti,,,DVH01,6,0,da civici ANNCSU
VOGHERA,VIA GEROLAMO SAVONAROLA,tutti,,,DVH05,7,0,da civici ANNCSU
VOGHERA,VIA GIACINTO SALVI,tutti,,,DVH05,11,0,da civici ANNCSU
VOGHERA,VIA GIACOMO LEOPARDI,tutti,,,DVH06,14,0,da civici ANNCSU
VOGHERA,VIA GIACOMO MATTEOTTI,tutti,,,DVH05,38,0,da civici ANNCSU
VOGHERA,VIA GIANBATTISTA TIEPOLO,tutti,,,DVH05,44,0,da civici ANNCSU
VOGHERA,VIA GILBERTO GOVI,tutti,,,DVH05,3,0,da civici ANNCSU
VOGHERA,VIA GIOACCHINO ROSSINI,tutti,,,DVH05,1,0,da civici ANNCSU
VOGHERA,VIA GIOACHINO BELLI,tutti,,,DVH05,1,0,da civici ANNCSU
VOGHERA,VIA GIORDANO BRUNO,tutti,,,DVH05,1,0,da civici ANNCSU
VOGHERA,VIA GIORGIO BIDONE,tutti,,,DVH05,43,0,da civici ANNCSU
VOGHERA,VIA GIORGIO DE CHIRICO,tutti,,,DVH06,8,0,da civici ANNCSU
VOGHERA,VIA GIORGIO PALLAVICINO,tutti,,,DVH05,11,0,da civici ANNCSU
VOGHERA,VIA GIORGIO VASARI,tutti,,,DVH06,1,0,da civici ANNCSU
VOGHERA,VIA GIORGIONE,tutti,,,DVH05,10,0,da civici ANNCSU
VOGHERA,VIA GIOSUE' CARDUCCI,tutti,,,DVH01,6,0,da civici ANNCSU
VOGHERA,VIA GIOTTO,tutti,,,DVH05,9,0,da civici ANNCSU
VOGHERA,VIA GIOVANNI AMENDOLA,tutti,,,DVH05,67,0,da civici ANNCSU
VOGHERA,VIA GIOVANNI BARENGHI,tutti,,,DVH05,41,0,da civici ANNCSU
VOGHERA,VIA GIOVANNI BOCCACCIO,tutti,,,DVH05,13,0,da civici ANNCSU
VOGHERA,VIA GIOVANNI FALCONE,tutti,,,DVH01,4,0,da prese Neta
VOGHERA,VIA GIOVANNI FATTORI,tutti,,,DVH05,7,0,da civici ANNCSU
VOGHERA,VIA GIOVANNI MERCURIO,tutti,,,DVH05,5,0,da civici ANNCSU
VOGHERA,VIA GIOVANNI MONTEMARTINI,tutti,,,DVH05,25,0,da civici ANNCSU
VOGHERA,VIA GIOVANNI MUSSINI,tutti,,,DVH05,19,0,da civici ANNCSU
VOGHERA,VIA GIOVANNI OLIVIERI,tutti,,,DVH06,6,0,da civici ANNCSU
VOGHERA,VIA GIOVANNI PASCOLI,tutti,,,DVH01,14,0,da civici ANNCSU
VOGHERA,VIA GIOVANNI PLANA,tutti,,,DVH05,51,0,da civici ANNCSU
VOGHERA,VIA GIOVANNI SEGANTINI,tutti,,,DVH05,34,0,da civici ANNCSU
VOGHERA,VIA GIOVANNI TOSONOTTO,tutti,,,DVH05,9,0,da civici ANNCSU
VOGHERA,VIA GIOVANNI VERGA,tutti,,,DVH06,12,0,da civici ANNCSU
VOGHERA,VIA GIULIA NOVATI DE' CANI,tutti,,,DVH05,1,0,da civici ANNCSU
VOGHERA,VIA GIUSEPPE ACCORSI,tutti,,,DVH06,14,0,da civici ANNCSU
VOGHERA,VIA GIUSEPPE DABUSTI,tutti,,,DVH05,7,0,da civici ANNCSU
VOGHERA,VIA GIUSEPPE DI VITTORIO,tutti,,,DVH05,9,0,da civici ANNCSU
VOGHERA,VIA GIUSEPPE GARIBALDI,tutti,,,DVH05,94,0,da civici ANNCSU
VOGHERA,VIA GIUSEPPE GIULIETTI,tutti,,,DVH05,24,0,da civici ANNCSU
VOGHERA,VIA GIUSEPPE GIUSTI,tutti,,,DVH06,3,0,da civici ANNCSU
VOGHERA,VIA GIUSEPPE IMPASTATO DETTO PEPPINO,tutti,,,DVH06,6,0,da prese Neta
VOGHERA,VIA GIUSEPPE MANFREDI,tutti,,,DVH05,8,0,da civici ANNCSU
VOGHERA,VIA GIUSEPPE MAZZINI,tutti,,,DVH05,48,0,da civici ANNCSU
VOGHERA,VIA GIUSEPPE PACCHIAROTTI,tutti,,,DVH01,14,0,da civici ANNCSU
VOGHERA,VIA GIUSEPPE PARINI,tutti,,,DVH05,8,0,da civici ANNCSU
VOGHERA,VIA GIUSEPPE PELOSO,tutti,,,DVH05,2,0,da prese Neta
VOGHERA,VIA GIUSEPPE SARAGAT,tutti,,,DVH05,6,0,da civici ANNCSU
VOGHERA,VIA GIUSEPPE UNGARETTI,tutti,,,DVH05,2,0,da civici ANNCSU
VOGHERA,VIA GIUSEPPE VERDI,tutti,,,DVH05,42,0,da civici ANNCSU
VOGHERA,VIA GOFFREDO MAMELI,tutti,,,DVH01,10,0,da civici ANNCSU
VOGHERA,VIA GOITO,tutti,,,DVH05,6,0,da civici ANNCSU
VOGHERA,VIA GORIZIA,tutti,,,DVH05,2,0,da civici ANNCSU
VOGHERA,VIA GRAN PARADISO,tutti,,,DVH01,9,0,da civici ANNCSU
VOGHERA,VIA GRAN SASSO,tutti,,,DVH01,2,0,da civici ANNCSU
VOGHERA,VIA GUIDO FERRARI,tutti,,,DVH05,8,0,da civici ANNCSU
VOGHERA,VIA GUIDO GOZZANO,tutti,,,DVH06,5,0,da civici ANNCSU
VOGHERA,VIA GUIDO MIGLIOLI,tutti,,,DVH05,2,0,da civici ANNCSU
VOGHERA,VIA I MAGGIO,tutti,,,DVH05,14,0,da civici ANNCSU
VOGHERA,VIA IPPOLITO NIEVO,tutti,,,DVH01,2,0,da civici ANNCSU
VOGHERA,VIA ISCHIA,tutti,,,DVH05,8,0,da civici ANNCSU
VOGHERA,VIA ISONZO,tutti,,,DVH05,9,0,da civici ANNCSU
VOGHERA,VIA ITALO BETTO,tutti,,,DVH05,1,0,da civici ANNCSU
VOGHERA,VIA ITALO PIETRA,tutti,,,DVH06,7,0,da civici ANNCSU
VOGHERA,VIA J. E R. KENNEDY,tutti,,,DVH05,37,0,da civici ANNCSU
VOGHERA,VIA JACOPO DENTICI,tutti,,,DVH05,23,0,da civici ANNCSU
VOGHERA,VIA LAMPEDUSA,tutti,,,DVH05,15,0,da civici ANNCSU
VOGHERA,VIA LAZIO,tutti,,,DVH05,9,0,da civici ANNCSU
VOGHERA,VIA LEON BATTISTA ALBERTI,tutti,,,DVH05,11,0,da civici ANNCSU
VOGHERA,VIA LEONARDO DA VINCI,tutti,,,DVH05,14,0,da civici ANNCSU
VOGHERA,VIA LEONE GAZZELLA,tutti,,,DVH05,9,0,da civici ANNCSU
VOGHERA,VIA LEVANTE,tutti,,,DVH01,12,0,da civici ANNCSU
VOGHERA,VIA LIGURIA,tutti,,,DVH06,21,0,da civici ANNCSU
VOGHERA,VIA LINO GHEDINI,tutti,,,DVH05,10,0,da civici ANNCSU
VOGHERA,VIA LIPARI,tutti,,,DVH01,6,0,da civici ANNCSU
VOGHERA,VIA LOMBARDIA,tutti,,,DVH04,72,0,da civici ANNCSU
VOGHERA,VIA LOMELLINA,dispari,,,DVH01,36,0,via divisa tra distretti; da civici ANNCSU
VOGHERA,VIA LOMELLINA,pari,,20,DVH05,6,1,via divisa tra distretti; da civici ANNCSU
VOGHERA,VIA LOMELLINA,pari,21,,DVH01,29,0,via divisa tra distretti; da civici ANNCSU
VOGHERA,VIA LORENZO ANGELINI,tutti,,,DVH05,23,0,da civici ANNCSU
VOGHERA,VIA LORENZO LOTTO,tutti,,,DVH05,4,0,da civici ANNCSU
VOGHERA,VIA LUCANIA,tutti,,,DVH01,32,0,da civici ANNCSU
VOGHERA,VIA LUCIO MARTINELLI,tutti,,,DVH05,4,0,da civici ANNCSU
VOGHERA,VIA LUDOVICO ARIOSTO,tutti,,,DVH06,9,0,da civici ANNCSU
VOGHERA,VIA LUIGI ARCALINI,tutti,,,DVH01,28,0,da civici ANNCSU
VOGHERA,VIA LUIGI BARBIERI,dispari,,65,DVH05,23,0,via divisa tra distretti; da civici ANNCSU
VOGHERA,VIA LUIGI BARBIERI,dispari,66,,DVH06,27,0,via divisa tra distretti; da civici ANNCSU
VOGHERA,VIA LUIGI BARBIERI,pari,,82,DVH05,26,0,via divisa tra distretti; da civici ANNCSU
VOGHERA,VIA LUIGI BARBIERI,pari,83,,DVH06,29,0,via divisa tra distretti; da civici ANNCSU
VOGHERA,VIA LUIGI BOSELLI,tutti,,,DVH05,1,0,da civici ANNCSU
VOGHERA,VIA LUIGI CALLEGARI,tutti,,,DVH05,27,0,da civici ANNCSU
VOGHERA,VIA LUIGI CARENA,tutti,,,DVH05,13,0,da civici ANNCSU
VOGHERA,VIA LUIGI CARLO FARINI,tutti,,,DVH05,7,0,da civici ANNCSU
VOGHERA,VIA LUIGI CLARETTO,tutti,,,DVH05,6,0,da civici ANNCSU
VOGHERA,VIA LUIGI EINAUDI,tutti,,,DVH05,18,0,da civici ANNCSU
VOGHERA,VIA LUIGI GALVANI,tutti,,,DVH05,3,0,da civici ANNCSU
VOGHERA,VIA LUIGI GANDINI,tutti,,,DVH01,5,0,da civici ANNCSU
VOGHERA,VIA LUIGI LANZUOLO,tutti,,,DVH05,5,0,da civici ANNCSU
VOGHERA,VIA LUIGI MARIO RESTA,tutti,,,DVH05,6,0,da civici ANNCSU
VOGHERA,VIA LUIGI PASOTTI,tutti,,,DVH05,10,0,da civici ANNCSU
VOGHERA,VIA LUIGI PASTEUR,tutti,,,DVH05,2,0,da civici ANNCSU
VOGHERA,VIA LUIGI PERTUSI,tutti,,,DVH05,7,0,da civici ANNCSU
VOGHERA,VIA LUIGI PIETRACQUA,tutti,,,DVH05,5,0,da civici ANNCSU
VOGHERA,VIA LUIGI PIRANDELLO,tutti,,,DVH01,12,0,da civici ANNCSU
VOGHERA,VIA MADDALENA DI CANOSSA,tutti,,,DVH05,5,0,da civici ANNCSU
VOGHERA,VIA MADONNINA,tutti,,,DVH06,8,0,da civici ANNCSU
VOGHERA,VIA MAESTRO PIETRO ROSSI,tutti,,,DVH05,9,0,da prese Neta
VOGHERA,VIA MANARA,tutti,,,DVH01,7,0,da civici ANNCSU
VOGHERA,VIA MANDELLI,tutti,,,DVH05,20,0,da civici ANNCSU
VOGHERA,VIA MARCHE,tutti,,,DVH05,6,0,da civici ANNCSU
VOGHERA,VIA MARIA SORMANI GAVINA,tutti,,,DVH01,34,0,da civici ANNCSU
VOGHERA,VIA MARIE E PIERRE CURIE,tutti,,,DVH05,6,0,da prese Neta
VOGHERA,VIA MARIO BARATTA,tutti,,,DVH05,12,0,da civici ANNCSU
VOGHERA,VIA MARIO BOTTIROLI,tutti,,,DVH06,1,0,da prese Neta
VOGHERA,VIA MARIO GIOVANA,tutti,,,DVH05,6,0,da civici ANNCSU
VOGHERA,VIA MARIO MARTINI,tutti,,,DVH05,10,0,da civici ANNCSU
VOGHERA,VIA MARSALA,tutti,,,DVH05,17,0,da civici ANNCSU
VOGHERA,VIA MARTIRI DELLE FOIBE,tutti,,,DVH05,2,0,da prese Neta
VOGHERA,VIA MASSIMO D'AZEGLIO,tutti,,,DVH05,5,0,da civici ANNCSU
VOGHERA,VIA MATILDE SERAO,tutti,,,DVH05,8,0,da civici ANNCSU
VOGHERA,VIA MENTANA,tutti,,,DVH05,36,0,da civici ANNCSU
VOGHERA,VIA MERCALLA,tutti,,,DVH05,1,0,da civici ANNCSU
VOGHERA,VIA MEZZANA,tutti,,,DVH05,43,0,da civici ANNCSU
VOGHERA,VIA MICHELANGELO BUONARROTI,tutti,,,DVH05,10,0,da civici ANNCSU
VOGHERA,VIA MOLINO S.MARIA,tutti,,,DVH05,9,0,da prese Neta
VOGHERA,VIA MOLISE,tutti,,,DVH01,23,0,da civici ANNCSU
VOGHERA,VIA MONSIGNOR LIBERO MERIGGI,tutti,,,DVH05,1,0,da prese Neta
VOGHERA,VIA MONTE BIANCO,tutti,,,DVH05,20,0,da civici ANNCSU
VOGHERA,VIA MONTE EBRO,tutti,,,DVH05,2,0,da civici ANNCSU
VOGHERA,VIA MONTE GIAROLO,tutti,,,DVH05,4,0,da civici ANNCSU
VOGHERA,VIA MONTE LESIMA,tutti,,,DVH05,5,0,da civici ANNCSU
VOGHERA,VIA MONTE PENICE,tutti,,,DVH05,4,0,da civici ANNCSU
VOGHERA,VIA MONTE ROSA,tutti,,,DVH05,1,0,da civici ANNCSU
VOGHERA,VIA MONTEBELLO,tutti,,,DVH05,24,0,da civici ANNCSU
VOGHERA,VIA MONTEGRAPPA,tutti,,,DVH05,8,0,da prese Neta
VOGHERA,VIA MONTELLO,tutti,,,DVH05,14,0,da civici ANNCSU
VOGHERA,VIA MONTENERO,tutti,,,DVH05,5,0,da civici ANNCSU
VOGHERA,VIA MONTESANTO,tutti,,,DVH05,4,0,da prese Neta
VOGHERA,VIA MORELLI DI POPOLO,tutti,,,DVH05,5,0,da civici ANNCSU
VOGHERA,VIA NAZARIO SAURO,tutti,,,DVH05,6,0,da civici ANNCSU
VOGHERA,VIA NEGROTTO CAMBIASO,tutti,,,DVH05,57,0,da civici ANNCSU
VOGHERA,VIA NICCOLO' MACHIAVELLI,tutti,,,DVH06,20,0,da civici ANNCSU
VOGHERA,VIA NICOLO' PAGANINI,tutti,,,DVH05,14,0,da civici ANNCSU
VOGHERA,VIA NINO BIXIO,tutti,,,DVH05,3,0,da civici ANNCSU
VOGHERA,VIA OLONA,tutti,,,DVH07,3,0,da civici ANNCSU
VOGHERA,VIA OTTORINO RESPIGHI,tutti,,,DVH05,7,0,da civici ANNCSU
VOGHERA,VIA P. CALAMANDREI,tutti,,,DVH06,4,0,da civici ANNCSU
VOGHERA,VIA PADRE NAZARENO FABBRETTI,tutti,,,DVH05,8,0,da civici ANNCSU
VOGHERA,VIA PADRE PIO,tutti,,,DVH05,12,0,da civici ANNCSU
VOGHERA,VIA PALAZZINA,tutti,,,DVH05,16,0,da civici ANNCSU
VOGHERA,VIA PALMIRO TOGLIATTI,tutti,,,DVH05,6,0,da civici ANNCSU
VOGHERA,VIA PANTELLERIA,tutti,,,DVH06,1,0,da civici ANNCSU
VOGHERA,VIA PAOLO BORRONI,tutti,,,DVH05,14,0,da civici ANNCSU
VOGHERA,VIA PAOLO CORNARO,tutti,,,DVH05,15,0,da civici ANNCSU
VOGHERA,VIA PAOLO SACCHI,tutti,,,DVH05,8,0,da civici ANNCSU
VOGHERA,VIA PAOLO TARNASSI,tutti,,,DVH01,11,0,da civici ANNCSU
VOGHERA,VIA PAOLO VERONESE,tutti,,,DVH05,7,0,da civici ANNCSU
VOGHERA,VIA PAOLO ZELASCHI,tutti,,,,2,0,"a cavallo, non controllata (DVH05 1, DVH07 1); da civici ANNCSU"
VOGHERA,VIA PAPA GIOVANNI XXIII,tutti,,,DVH05,51,0,da prese Neta
VOGHERA,VIA PAPA PAOLO VI,tutti,,,DVH05,10,0,da prese Neta
VOGHERA,VIA PAPA PIO V,tutti,,,DVH05,5,0,da civici ANNCSU
VOGHERA,VIA PASSERINA,tutti,,,DVH01,28,0,da civici ANNCSU
VOGHERA,VIA PAUL PERCY HARRIS,tutti,,,DVH05,1,0,da civici ANNCSU
VOGHERA,VIA PERUGINO,tutti,,,DVH05,22,0,da civici ANNCSU
VOGHERA,VIA PIACENZA,tutti,,,DVH05,43,0,da civici ANNCSU
VOGHERA,VIA PIAVE,tutti,,,DVH05,48,0,da civici ANNCSU
VOGHERA,VIA PICCOLA VEDETTA LOMBARDA,tutti,,,DVH05,12,0,da civici ANNCSU
VOGHERA,VIA PIEMONTE,tutti,,,DVH01,29,0,da civici ANNCSU
VOGHERA,VIA PIERINO CODEVILLA,tutti,,,DVH05,14,0,da prese Neta
VOGHERA,VIA PIERO DELLA FRANCESCA,tutti,,,DVH05,1,0,da civici ANNCSU
VOGHERA,VIA PIERO GOBETTI,tutti,,,DVH05,3,0,da civici ANNCSU
VOGHERA,VIA PIETRO COLLETTA,tutti,,,DVH05,3,0,da civici ANNCSU
VOGHERA,VIA PIETRO FALCIOLA,tutti,,,DVH01,28,0,da civici ANNCSU
VOGHERA,VIA PIETRO GIURIA,tutti,,,DVH05,24,0,da civici ANNCSU
VOGHERA,VIA PIETRO MASCAGNI,tutti,,,DVH05,3,0,da civici ANNCSU
VOGHERA,VIA PIETRO MICCA,tutti,,,DVH05,3,0,da civici ANNCSU
VOGHERA,VIA PIETRO NENNI,tutti,,,DVH01,14,0,da civici ANNCSU
VOGHERA,VIA PINO CALVI,tutti,,,DVH06,12,0,da civici ANNCSU
VOGHERA,VIA POMBIO,tutti,,,DVH05,1,0,da civici ANNCSU
VOGHERA,VIA PONENTE,tutti,,,DVH01,35,0,da civici ANNCSU
VOGHERA,VIA PONTEVECCHIO,tutti,,,DVH05,15,0,da prese Neta
VOGHERA,VIA POSTIGLIONE,tutti,,,DVH01,20,0,da civici ANNCSU
VOGHERA,VIA RAFFAELLO SANZIO,tutti,,,DVH05,12,0,da civici ANNCSU
VOGHERA,VIA RAGGIO,tutti,,,DVH04,13,0,da civici ANNCSU
VOGHERA,VIA REMIGIO SOTTOTETTI,tutti,,,DVH05,4,0,da civici ANNCSU
VOGHERA,VIA RENATO PERCIVALLE,tutti,,,DVH05,8,0,da civici ANNCSU
VOGHERA,VIA RIDONDELLO,tutti,,,DVH01,37,0,da civici ANNCSU
VOGHERA,VIA RINO BALLADORE,tutti,,,DVH05,15,0,da civici ANNCSU
VOGHERA,VIA RIVA SILVERIO,tutti,,,DVH05,2,0,da prese Neta
VOGHERA,VIA RODOLFO MORANDI,tutti,,,DVH05,11,0,da civici ANNCSU
VOGHERA,VIA RUGGERO GRIECO,tutti,,,DVH05,2,0,da civici ANNCSU
VOGHERA,VIA SALVATORE QUASIMODO,tutti,,,DVH05,4,0,da civici ANNCSU
VOGHERA,VIA SALVO D'ACQUISTO,tutti,,,DVH06,7,0,da civici ANNCSU
VOGHERA,VIA SAMBUETTO,tutti,,,,17,0,"a cavallo, non controllata (DVH01 10, DVH05 7); da civici ANNCSU"
VOGHERA,VIA SAN COLOMBANO,tutti,,,DVH07,4,0,da civici ANNCSU
VOGHERA,VIA SAN FRANCESCO D'ASSISI,tutti,,,DVH05,36,0,da civici ANNCSU
VOGHERA,VIA SAN LORENZO,tutti,,,DVH05,11,0,da civici ANNCSU
VOGHERA,VIA SAN LUIGI ORIONE,tutti,,,DVH06,6,0,da civici ANNCSU
VOGHERA,VIA SANDRO BOTTICELLI,tutti,,,DVH05,3,0,da civici ANNCSU
VOGHERA,VIA SANNAZZARI CAROLINA,tutti,,,DVH06,1,0,da prese Neta
VOGHERA,VIA SANT'AMBROGIO,tutti,,,DVH05,30,0,da civici ANNCSU
VOGHERA,VIA SANTA CHIARA,tutti,,,DVH05,4,0,da civici ANNCSU
VOGHERA,VIA SANTE ZENNARO,tutti,,,DVH05,3,0,da civici ANNCSU
VOGHERA,VIA SARDEGNA,tutti,,,DVH05,6,0,da civici ANNCSU
VOGHERA,VIA SCARABELLI,tutti,,,DVH05,51,0,da civici ANNCSU
VOGHERA,VIA SCORTICA,tutti,,,DVH05,4,0,da civici ANNCSU
VOGHERA,VIA SEVERINO GRATTONI,tutti,,,DVH05,12,0,da civici ANNCSU
VOGHERA,VIA SICILIA,tutti,,,DVH05,21,0,da civici ANNCSU
VOGHERA,VIA SILVIO PELLICO,tutti,,,DVH05,18,0,da civici ANNCSU
VOGHERA,VIA SPARTACO LANTINI,tutti,,,DVH05,7,0,da civici ANNCSU
VOGHERA,VIA STELVIO,tutti,,,DVH01,3,0,da civici ANNCSU
VOGHERA,VIA STROMBOLI,tutti,,,DVH05,10,0,da civici ANNCSU
VOGHERA,VIA SUOR MARIA T.SPINELLI,tutti,,,DVH06,3,0,da civici ANNCSU
VOGHERA,VIA TAGLIAMENTO,tutti,,,DVH05,19,0,da civici ANNCSU
VOGHERA,VIA TAMBUSSI GRASSO ELLA,tutti,,,DVH06,16,0,da prese Neta
VOGHERA,VIA TARO,tutti,,,DVH05,2,0,da civici ANNCSU
VOGHERA,VIA TEMPIO CAVALLERIA,tutti,,,DVH05,17,0,da civici ANNCSU
VOGHERA,VIA TERESIO OLIVELLI,tutti,,,DVH05,2,0,da civici ANNCSU
VOGHERA,VIA TERESIO SCOVENNA,tutti,,,DVH05,10,0,da civici ANNCSU
VOGHERA,VIA THOMAS ALVA EDISON,tutti,,,DVH04,1,0,da civici ANNCSU
VOGHERA,VIA TICINO,tutti,,,DVH01,3,0,da civici ANNCSU
VOGHERA,VIA TINTORETTO,tutti,,,DVH05,7,0,da civici ANNCSU
VOGHERA,VIA TIZIANO,tutti,,,DVH05,9,0,da civici ANNCSU
VOGHERA,VIA TOMMASO MASACCIO,tutti,,,DVH05,38,0,da civici ANNCSU
VOGHERA,VIA TOPPIA,tutti,,,DVH05,10,0,da civici ANNCSU
VOGHERA,VIA TORQUATO TASSO,tutti,,,DVH06,3,0,da civici ANNCSU
VOGHERA,VIA TORRENTE AGOGNA,tutti,,,DVH01,3,0,da civici ANNCSU
VOGHERA,VIA TORRENTE GRUE,tutti,,,DVH05,4,0,da civici ANNCSU
VOGHERA,VIA TORRENTE LURIA,tutti,,,DVH05,24,0,da civici ANNCSU
VOGHERA,VIA TORTONA,tutti,,72,DVH05,39,0,via divisa tra distretti; da civici ANNCSU
VOGHERA,VIA TORTONA,tutti,73,,DVH01,4,1,via divisa tra distretti; da civici ANNCSU
VOGHERA,VIA TOSCANA,tutti,,,DVH05,9,0,da civici ANNCSU
VOGHERA,VIA TRANQUILLO CREMONA,tutti,,,DVH05,8,0,da civici ANNCSU
VOGHERA,VIA TRENTO E TRIESTE,tutti,,,DVH05,1,0,da civici ANNCSU
VOGHERA,VIA TRILUSSA,tutti,,,DVH01,5,0,da civici ANNCSU
VOGHERA,VIA TRIPOLI,tutti,,,DVH05,13,0,da civici ANNCSU
VOGHERA,VIA TULLIO MAGGIAN,tutti,,,DVH05,21,0,da civici ANNCSU
VOGHERA,VIA UGO BASSI,tutti,,,DVH05,22,0,da civici ANNCSU
VOGHERA,VIA UGO FOSCOLO,tutti,,,DVH05,22,0,da civici ANNCSU
VOGHERA,VIA UGO GOLA,tutti,,,DVH05,6,0,da civici ANNCSU
VOGHERA,VIA UGO LA MALFA,tutti,,,DVH06,18,0,da civici ANNCSU
VOGHERA,VIA UGOBERTO ALFASSIO GRIMALDI,tutti,,,DVH06,18,0,da civici ANNCSU
VOGHERA,VIA UMBERTO CISOTTI,tutti,,,DVH06,24,0,da civici ANNCSU
VOGHERA,VIA UMBERTO SAMPIETRO,tutti,,,DVH05,7,0,da civici ANNCSU
VOGHERA,VIA UMBRIA,tutti,,,DVH01,15,0,da civici ANNCSU
VOGHERA,VIA VALLE D'AOSTA,tutti,,,DVH01,16,0,da civici ANNCSU
VOGHERA,VIA VALTIDONE,tutti,,,DVH05,1,0,da prese Neta
VOGHERA,VIA VILFREDO PARETO,tutti,,,DVH05,6,0,da civici ANNCSU
VOGHERA,VIA VINCENZO BELLINI,tutti,,,DVH05,4,0,da civici ANNCSU
VOGHERA,VIA VINCENZO SERRA,tutti,,,DVH05,6,0,da civici ANNCSU
VOGHERA,VIA VISCONTINA,tutti,,,DVH05,14,0,da civici ANNCSU
VOGHERA,VIA VITTORIO ALFIERI,tutti,,,DVH04,15,0,da civici ANNCSU
VOGHERA,VIA VITTORIO BACHELET,tutti,,,DVH05,18,0,da civici ANNCSU
VOGHERA,VIA VITTORIO NASSANO,tutti,,,DVH01,14,0,da civici ANNCSU
VOGHERA,VIA VITTORIO VENETO,tutti,,,DVH05,34,0,da civici ANNCSU
VOGHERA,VIA VOLTURNO,tutti,,,DVH05,44,0,da civici ANNCSU
VOGHERA,VIA WALTER RIGONI,tutti,,,DVH05,4,0,da civici ANNCSU
VOGHERA,VIA XX SETTEMBRE,tutti,,,DVH05,64,0,da civici ANNCSU
VOGHERA,VIA XXV APRILE,tutti,,,DVH05,15,0,da civici ANNCSU
VOGHERA,VIA ZARA,tutti,,,DVH05,6,0,da civici ANNCSU
VOGHERA,VIALE DEL CIMITERO,tutti,,,DVH01,1,0,da civici ANNCSU
VOGHERA,VIALE DEL LAVORO,tutti,,,DVH05,22,0,da civici ANNCSU
VOGHERA,VIALE KARL MARX,tutti,,,DVH05,15,0,da prese Neta
VOGHERA,VIALE MARTIRI LIBERTA',tutti,,,DVH05,16,0,da civici ANNCSU
VOGHERA,VIALE REPUBBLICA,tutti,,,DVH05,68,0,da civici ANNCSU
VOGHERA,VICOLO A,tutti,,,DVH04,6,0,da prese Neta
VOGHERA,VICOLO B,tutti,,,DVH04,6,0,da civici ANNCSU
VOGHERA,VICOLO CAMPANIA,tutti,,,DVH05,6,0,da civici ANNCSU
VOGHERA,VICOLO CARLO COLLODI,tutti,,,DVH05,2,0,da civici ANNCSU
VOGHERA,VICOLO CASE FERROVIERI,tutti,,,DVH05,5,0,da civici ANNCSU
VOGHERA,VICOLO CAVALLOTTO,tutti,,,DVH05,6,0,da civici ANNCSU
VOGHERA,VICOLO EMILIO SALGARI,tutti,,,DVH06,3,0,da civici ANNCSU
VOGHERA,VICOLO FIUME BORMIDA,tutti,,,DVH05,1,0,da civici ANNCSU
VOGHERA,VICOLO FIUME TANARO,tutti,,,DVH05,5,0,da civici ANNCSU
VOGHERA,VICOLO L,tutti,,,DVH05,9,0,da prese Neta
VOGHERA,VICOLO LORENZO TOMA,tutti,,,DVH05,4,0,da civici ANNCSU
VOGHERA,VICOLO MAGNANINO,tutti,,,DVH05,3,0,da civici ANNCSU
VOGHERA,VICOLO MEZZANINO,tutti,,,DVH05,3,0,da civici ANNCSU
VOGHERA,VICOLO MOLINARI,tutti,,,DVH05,2,0,da civici ANNCSU
VOGHERA,VICOLO OTTONE ROSAI,tutti,,,DVH05,8,0,da civici ANNCSU
VOGHERA,VICOLO PRETI,tutti,,,DVH05,3,0,da civici ANNCSU
VOGHERA,VICOLO RICCI,tutti,,,DVH05,11,0,da civici ANNCSU
VOGHERA,VICOLO TORRENTE LA VERSA,tutti,,,DVH01,8,0,da civici ANNCSU
